ISO-10303-21;
HEADER;
FILE_DESCRIPTION (( 'STEP AP214' ),
    '1' );
FILE_NAME ('gearbox plate current.STEP',
    '2026-07-30T13:46:28',
    ( '' ),
    ( '' ),
    'SwSTEP 2.0',
    'SolidWorks 2024',
    '' );
FILE_SCHEMA (( 'AUTOMOTIVE_DESIGN' ));
ENDSEC;

DATA;
#1 = ORIENTED_EDGE ( 'NONE', *, *, #2110, .T. ) ;
#2 = CARTESIAN_POINT ( 'NONE',  ( 67.13962814350176700, 3.000000000000000000, 16.48677163014986746 ) ) ;
#3 = SURFACE_STYLE_USAGE ( .BOTH. , #490 ) ;
#4 = VECTOR ( 'NONE', #1670, 1000.000000000000000 ) ;
#5 = EDGE_LOOP ( 'NONE', ( #239, #2056, #1502, #1370 ) ) ;
#6 = AXIS2_PLACEMENT_3D ( 'NONE', #693, #1906, #585 ) ;
#7 = CARTESIAN_POINT ( 'NONE',  ( -0.1322259682266868908, 15.00000000000000000, 31.87550982218503037 ) ) ;
#8 = VERTEX_POINT ( 'NONE', #1550 ) ;
#9 = AXIS2_PLACEMENT_3D ( 'NONE', #2066, #604, #126 ) ;
#10 = CARTESIAN_POINT ( 'NONE',  ( -79.86573366723315814, 19.00000000000000000, 6.882661953968992385 ) ) ;
#11 = EDGE_CURVE ( 'NONE', #1355, #1912, #438, .T. ) ;
#12 = ORIENTED_EDGE ( 'NONE', *, *, #1247, .T. ) ;
#13 = DIRECTION ( 'NONE',  ( -0.000000000000000000, -1.000000000000000000, -0.000000000000000000 ) ) ;
#14 = DIRECTION ( 'NONE',  ( 0.000000000000000000, 0.000000000000000000, 1.000000000000000000 ) ) ;
#15 = ORIENTED_EDGE ( 'NONE', *, *, #1840, .T. ) ;
#16 = DIRECTION ( 'NONE',  ( -0.000000000000000000, 1.000000000000000000, -0.000000000000000000 ) ) ;
#17 = CARTESIAN_POINT ( 'NONE',  ( 89.66450610010822686, 0.000000000000000000, -31.75128721478390048 ) ) ;
#18 = ORIENTED_EDGE ( 'NONE', *, *, #1180, .T. ) ;
#19 = CARTESIAN_POINT ( 'NONE',  ( -45.50854856424184902, 30.00000000000000000, -25.43087719933855340 ) ) ;
#20 = DIRECTION ( 'NONE',  ( -0.000000000000000000, -1.000000000000000000, -0.000000000000000000 ) ) ;
#21 = VECTOR ( 'NONE', #660, 1000.000000000000000 ) ;
#22 = VERTEX_POINT ( 'NONE', #1900 ) ;
#23 = FACE_OUTER_BOUND ( 'NONE', #1276, .T. ) ;
#24 = FACE_OUTER_BOUND ( 'NONE', #374, .T. ) ;
#25 = EDGE_CURVE ( 'NONE', #654, #1651, #1451, .T. ) ;
#26 = CIRCLE ( 'NONE', #1214, 10.00000000000000178 ) ;
#27 = LINE ( 'NONE', #801, #1671 ) ;
#28 = EDGE_LOOP ( 'NONE', ( #1987, #579, #465, #1046 ) ) ;
#29 = AXIS2_PLACEMENT_3D ( 'NONE', #1078, #917, #889 ) ;
#30 = EDGE_CURVE ( 'NONE', #897, #1049, #1419, .T. ) ;
#31 = AXIS2_PLACEMENT_3D ( 'NONE', #958, #1611, #1975 ) ;
#32 = DIRECTION ( 'NONE',  ( 0.000000000000000000, 0.000000000000000000, 1.000000000000000000 ) ) ;
#33 = ORIENTED_EDGE ( 'NONE', *, *, #1285, .T. ) ;
#34 = CARTESIAN_POINT ( 'NONE',  ( 77.71257853069131727, 19.00000000000000000, -40.17824137447134092 ) ) ;
#35 = FACE_OUTER_BOUND ( 'NONE', #624, .T. ) ;
#36 = ORIENTED_EDGE ( 'NONE', *, *, #1273, .T. ) ;
#37 = DIRECTION ( 'NONE',  ( 0.000000000000000000, 0.000000000000000000, -1.000000000000000000 ) ) ;
#38 = CARTESIAN_POINT ( 'NONE',  ( -0.1322259682266868908, 0.000000000000000000, -1.440515581599286055 ) ) ;
#39 = EDGE_CURVE ( 'NONE', #201, #924, #634, .T. ) ;
#40 = ORIENTED_EDGE ( 'NONE', *, *, #1342, .F. ) ;
#41 = EDGE_CURVE ( 'NONE', #1556, #393, #1104, .T. ) ;
#42 = CARTESIAN_POINT ( 'NONE',  ( -0.1322259682266868908, 15.00000000000000000, -1.440515581599286055 ) ) ;
#43 = ORIENTED_EDGE ( 'NONE', *, *, #1031, .T. ) ;
#44 = CARTESIAN_POINT ( 'NONE',  ( -0.1322259682266868908, 4.000000000000000000, -1.440515581599286055 ) ) ;
#45 = CIRCLE ( 'NONE', #1542, 9.499999999999994671 ) ;
#46 = ORIENTED_EDGE ( 'NONE', *, *, #1287, .F. ) ;
#47 = CARTESIAN_POINT ( 'NONE',  ( 77.71257853069131727, 30.00000000000000000, -21.17824137447135158 ) ) ;
#48 = DIRECTION ( 'NONE',  ( 0.9958136670710467930, -0.000000000000000000, -0.09140645750992840157 ) ) ;
#49 = LINE ( 'NONE', #856, #2080 ) ;
#50 = ORIENTED_EDGE ( 'NONE', *, *, #923, .T. ) ;
#51 = UNCERTAINTY_MEASURE_WITH_UNIT (LENGTH_MEASURE( 1.000000000000000082E-05 ), #739, 'distance_accuracy_value', 'NONE');
#52 = AXIS2_PLACEMENT_3D ( 'NONE', #1697, #1204, #1537 ) ;
#53 = CARTESIAN_POINT ( 'NONE',  ( 86.29694525319176535, 19.00000000000000000, 64.93717918086390739 ) ) ;
#54 = CARTESIAN_POINT ( 'NONE',  ( 39.86854371573514300, 15.00000000000000000, -42.74654933806930757 ) ) ;
#55 = EDGE_LOOP ( 'NONE', ( #1330, #463 ) ) ;
#56 = EDGE_CURVE ( 'NONE', #1651, #654, #2103, .T. ) ;
#57 = CARTESIAN_POINT ( 'NONE',  ( 67.13962814350176700, 3.000000000000000000, 22.48677163014985680 ) ) ;
#58 = DIRECTION ( 'NONE',  ( 0.000000000000000000, 0.000000000000000000, -1.000000000000000000 ) ) ;
#59 = VERTEX_POINT ( 'NONE', #770 ) ;
#60 = DIRECTION ( 'NONE',  ( -0.08942048669271296379, -0.000000000000000000, -0.9959939641180755032 ) ) ;
#61 = AXIS2_PLACEMENT_3D ( 'NONE', #2036, #416, #1223 ) ;
#62 = EDGE_LOOP ( 'NONE', ( #457, #1395 ) ) ;
#63 = FACE_OUTER_BOUND ( 'NONE', #553, .T. ) ;
#64 = ORIENTED_EDGE ( 'NONE', *, *, #2025, .T. ) ;
#65 = CIRCLE ( 'NONE', #1526, 9.499999999999994671 ) ;
#66 = EDGE_CURVE ( 'NONE', #590, #1802, #732, .T. ) ;
#67 = EDGE_LOOP ( 'NONE', ( #537, #1743, #476, #619 ) ) ;
#68 = FACE_OUTER_BOUND ( 'NONE', #111, .T. ) ;
#69 = CARTESIAN_POINT ( 'NONE',  ( -86.26800445965626807, 30.00000000000000000, -3.266768015269956749 ) ) ;
#70 = EDGE_LOOP ( 'NONE', ( #1612, #522, #992, #1134 ) ) ;
#71 = CARTESIAN_POINT ( 'NONE',  ( -40.03917585433137560, 15.00000000000000000, 1.286268382694315981 ) ) ;
#72 = LINE ( 'NONE', #536, #1522 ) ;
#73 = ORIENTED_EDGE ( 'NONE', *, *, #11, .T. ) ;
#74 = DIRECTION ( 'NONE',  ( -0.000000000000000000, -1.000000000000000000, -0.000000000000000000 ) ) ;
#75 = CARTESIAN_POINT ( 'NONE',  ( -73.03324147817575351, 19.00000000000000000, 79.56221238245245786 ) ) ;
#76 = EDGE_LOOP ( 'NONE', ( #1224, #1128 ) ) ;
#77 = DIRECTION ( 'NONE',  ( -0.000000000000000000, 1.000000000000000000, -0.000000000000000000 ) ) ;
#78 = EDGE_CURVE ( 'NONE', #225, #802, #159, .T. ) ;
#79 = CIRCLE ( 'NONE', #1266, 5.500000000000003553 ) ;
#80 = CARTESIAN_POINT ( 'NONE',  ( -79.86573366723315814, 19.00000000000000000, -2.617338046031004062 ) ) ;
#81 = ORIENTED_EDGE ( 'NONE', *, *, #807, .T. ) ;
#82 = ORIENTED_EDGE ( 'NONE', *, *, #2037, .F. ) ;
#83 = AXIS2_PLACEMENT_3D ( 'NONE', #1333, #520, #2013 ) ;
#84 = DIRECTION ( 'NONE',  ( -0.000000000000000000, -1.000000000000000000, -0.000000000000000000 ) ) ;
#85 = LINE ( 'NONE', #750, #1152 ) ;
#86 = CYLINDRICAL_SURFACE ( 'NONE', #281, 5.500000000000005329 ) ;
#87 = CARTESIAN_POINT ( 'NONE',  ( 77.71257853069131727, 0.000000000000000000, -30.67824137447134447 ) ) ;
#88 = ORIENTED_EDGE ( 'NONE', *, *, #492, .T. ) ;
#89 = EDGE_CURVE ( 'NONE', #1689, #712, #1256, .T. ) ;
#90 = DIRECTION ( 'NONE',  ( 0.000000000000000000, 1.000000000000000000, 0.000000000000000000 ) ) ;
#91 = EDGE_CURVE ( 'NONE', #972, #1319, #196, .T. ) ;
#92 = EDGE_LOOP ( 'NONE', ( #969, #1934, #668, #2027, #673, #1830, #1267, #515, #1272, #1376, #2029 ) ) ;
#93 = CYLINDRICAL_SURFACE ( 'NONE', #174, 5.500000000000005329 ) ;
#94 = AXIS2_PLACEMENT_3D ( 'NONE', #1072, #1397, #893 ) ;
#95 = CARTESIAN_POINT ( 'NONE',  ( 77.71257853069131727, 30.00000000000000000, -30.67824137447134447 ) ) ;
#96 = AXIS2_PLACEMENT_3D ( 'NONE', #482, #659, #1782 ) ;
#97 = VECTOR ( 'NONE', #1230, 1000.000000000000114 ) ;
#98 = ORIENTED_EDGE ( 'NONE', *, *, #864, .F. ) ;
#99 = CARTESIAN_POINT ( 'NONE',  ( 77.71257853069131727, 19.00000000000000000, -30.67824137447134447 ) ) ;
#100 = EDGE_LOOP ( 'NONE', ( #743, #686, #412, #1543 ) ) ;
#101 = LINE ( 'NONE', #744, #1566 ) ;
#102 = ORIENTED_EDGE ( 'NONE', *, *, #628, .F. ) ;
#103 = PLANE ( 'NONE',  #2026 ) ;
#104 = EDGE_CURVE ( 'NONE', #1254, #2073, #337, .T. ) ;
#105 = LINE ( 'NONE', #437, #632 ) ;
#106 = AXIS2_PLACEMENT_3D ( 'NONE', #1534, #1972, #1490 ) ;
#107 = CIRCLE ( 'NONE', #1298, 17.50000000000000000 ) ;
#108 = ORIENTED_EDGE ( 'NONE', *, *, #960, .F. ) ;
#109 = DIRECTION ( 'NONE',  ( -0.000000000000000000, 1.000000000000000000, -0.000000000000000000 ) ) ;
#110 = DIRECTION ( 'NONE',  ( 0.000000000000000000, 0.000000000000000000, -1.000000000000000000 ) ) ;
#111 = EDGE_LOOP ( 'NONE', ( #906, #1116, #1151, #208 ) ) ;
#112 = DIRECTION ( 'NONE',  ( 0.000000000000000000, 0.000000000000000000, -1.000000000000000000 ) ) ;
#113 = EDGE_CURVE ( 'NONE', #1254, #1846, #1480, .T. ) ;
#114 = CARTESIAN_POINT ( 'NONE',  ( 87.39382274331089206, 30.00000000000000000, 76.88694318571647557 ) ) ;
#115 = EDGE_CURVE ( 'NONE', #1476, #387, #1589, .T. ) ;
#116 = EDGE_LOOP ( 'NONE', ( #1350, #1102 ) ) ;
#117 = ORIENTED_EDGE ( 'NONE', *, *, #1769, .F. ) ;
#118 = PLANE ( 'NONE',  #1882 ) ;
#119 = CARTESIAN_POINT ( 'NONE',  ( 39.70032071461519507, 15.00000000000000000, -5.096773881996202071 ) ) ;
#120 = ORIENTED_EDGE ( 'NONE', *, *, #1326, .F. ) ;
#121 = MANIFOLD_SOLID_BREP ( 'Cut-Extrude4', #1581 ) ;
#122 = VERTEX_POINT ( 'NONE', #937 ) ;
#123 = AXIS2_PLACEMENT_3D ( 'NONE', #53, #90, #2048 ) ;
#124 = DIRECTION ( 'NONE',  ( -0.000000000000000000, -1.000000000000000000, -0.000000000000000000 ) ) ;
#125 = VECTOR ( 'NONE', #2095, 1000.000000000000000 ) ;
#126 = DIRECTION ( 'NONE',  ( 0.000000000000000000, 0.000000000000000000, 1.000000000000000000 ) ) ;
#127 = ADVANCED_FACE ( 'NONE', ( #649 ), #1113, .T. ) ;
#128 = AXIS2_PLACEMENT_3D ( 'NONE', #1555, #587, #293 ) ;
#129 = DIRECTION ( 'NONE',  ( -0.000000000000000000, 1.000000000000000000, -0.000000000000000000 ) ) ;
#130 = DIRECTION ( 'NONE',  ( 0.000000000000000000, 0.000000000000000000, 1.000000000000000000 ) ) ;
#131 = ORIENTED_EDGE ( 'NONE', *, *, #1207, .T. ) ;
#132 = CARTESIAN_POINT ( 'NONE',  ( 77.71257853069131727, 30.00000000000000000, -30.67824137447134447 ) ) ;
#133 = DIRECTION ( 'NONE',  ( 0.000000000000000000, 0.000000000000000000, 1.000000000000000000 ) ) ;
#134 = FACE_BOUND ( 'NONE', #76, .T. ) ;
#135 = SURFACE_STYLE_FILL_AREA ( #146 ) ;
#136 = EDGE_CURVE ( 'NONE', #590, #1820, #65, .T. ) ;
#137 = DIRECTION ( 'NONE',  ( -0.000000000000000000, -1.000000000000000000, -0.000000000000000000 ) ) ;
#138 = VERTEX_POINT ( 'NONE', #1473 ) ;
#139 = CIRCLE ( 'NONE', #719, 5.500000000000005329 ) ;
#140 = AXIS2_PLACEMENT_3D ( 'NONE', #44, #1465, #852 ) ;
#141 = CARTESIAN_POINT ( 'NONE',  ( -73.03324147817575351, 30.00000000000000000, 74.06221238245244365 ) ) ;
#142 = CARTESIAN_POINT ( 'NONE',  ( 67.13962814350176700, 3.000000000000000000, 30.48677163014986746 ) ) ;
#143 = ORIENTED_EDGE ( 'NONE', *, *, #963, .F. ) ;
#144 = AXIS2_PLACEMENT_3D ( 'NONE', #1989, #1645, #37 ) ;
#145 = DIRECTION ( 'NONE',  ( 0.000000000000000000, 1.000000000000000000, 0.000000000000000000 ) ) ;
#146 = FILL_AREA_STYLE ('',( #1599 ) ) ;
#147 = DIRECTION ( 'NONE',  ( 0.000000000000000000, 1.000000000000000000, 0.000000000000000000 ) ) ;
#148 = EDGE_CURVE ( 'NONE', #1689, #59, #603, .T. ) ;
#149 = ORIENTED_EDGE ( 'NONE', *, *, #875, .T. ) ;
#150 = EDGE_CURVE ( 'NONE', #1383, #1293, #1635, .T. ) ;
#151 = DIRECTION ( 'NONE',  ( 0.000000000000000000, 0.000000000000000000, -1.000000000000000000 ) ) ;
#152 = ORIENTED_EDGE ( 'NONE', *, *, #1719, .F. ) ;
#153 = AXIS2_PLACEMENT_3D ( 'NONE', #1023, #1712, #394 ) ;
#154 = CARTESIAN_POINT ( 'NONE',  ( 86.29694525319176535, 19.00000000000000000, 74.43717918086389318 ) ) ;
#155 = DIRECTION ( 'NONE',  ( 0.000000000000000000, 0.000000000000000000, 1.000000000000000000 ) ) ;
#156 = CIRCLE ( 'NONE', #1450, 9.499999999999994671 ) ;
#157 = VERTEX_POINT ( 'NONE', #2101 ) ;
#158 = CARTESIAN_POINT ( 'NONE',  ( -0.1322259682266868908, 30.00000000000000000, -1.440515581599286055 ) ) ;
#159 = CIRCLE ( 'NONE', #1181, 12.00000000000001066 ) ;
#160 = CARTESIAN_POINT ( 'NONE',  ( 77.71257853069131727, 30.00000000000000000, -25.17824137447134092 ) ) ;
#161 = ORIENTED_EDGE ( 'NONE', *, *, #1482, .F. ) ;
#162 = CARTESIAN_POINT ( 'NONE',  ( -0.1322259682266868908, 15.00000000000000000, 38.55948441840070728 ) ) ;
#163 = ORIENTED_EDGE ( 'NONE', *, *, #2108, .F. ) ;
#164 = DIRECTION ( 'NONE',  ( 0.000000000000000000, 0.000000000000000000, -1.000000000000000000 ) ) ;
#165 = EDGE_CURVE ( 'NONE', #974, #891, #870, .T. ) ;
#166 = LINE ( 'NONE', #57, #1597 ) ;
#167 = ORIENTED_EDGE ( 'NONE', *, *, #1382, .F. ) ;
#168 = DIRECTION ( 'NONE',  ( 0.000000000000000000, 0.000000000000000000, 1.000000000000000000 ) ) ;
#169 = DIRECTION ( 'NONE',  ( -0.000000000000000000, -1.000000000000000000, -0.000000000000000000 ) ) ;
#170 = VERTEX_POINT ( 'NONE', #1291 ) ;
#171 = VECTOR ( 'NONE', #575, 1000.000000000000000 ) ;
#172 = DIRECTION ( 'NONE',  ( 0.000000000000000000, -1.000000000000000000, 0.000000000000000000 ) ) ;
#173 = ORIENTED_EDGE ( 'NONE', *, *, #1195, .T. ) ;
#174 = AXIS2_PLACEMENT_3D ( 'NONE', #1691, #84, #709 ) ;
#175 = DIRECTION ( 'NONE',  ( -0.000000000000000000, -1.000000000000000000, -0.000000000000000000 ) ) ;
#176 = EDGE_CURVE ( 'NONE', #1049, #486, #1216, .T. ) ;
#177 = EDGE_CURVE ( 'NONE', #1621, #708, #471, .T. ) ;
#178 = CARTESIAN_POINT ( 'NONE',  ( 67.13962814350176700, 0.000000000000000000, 30.48677163014986746 ) ) ;
#179 = EDGE_LOOP ( 'NONE', ( #331, #1421, #284, #606 ) ) ;
#180 = CARTESIAN_POINT ( 'NONE',  ( 32.91188811852438079, 15.00000000000000000, -35.56289129346581745 ) ) ;
#181 = CARTESIAN_POINT ( 'NONE',  ( 89.66450610010822686, 30.00000000000000000, -31.75128721478390048 ) ) ;
#182 = ORIENTED_EDGE ( 'NONE', *, *, #1614, .T. ) ;
#183 = CARTESIAN_POINT ( 'NONE',  ( 67.13962814350176700, 0.000000000000000000, 22.48677163014985680 ) ) ;
#184 = FACE_OUTER_BOUND ( 'NONE', #1308, .T. ) ;
#185 = AXIS2_PLACEMENT_3D ( 'NONE', #1903, #1734, #740 ) ;
#186 = FACE_OUTER_BOUND ( 'NONE', #1775, .T. ) ;
#187 = CARTESIAN_POINT ( 'NONE',  ( 86.29694525319176535, 19.00000000000000000, 64.93717918086390739 ) ) ;
#188 = EDGE_CURVE ( 'NONE', #345, #157, #736, .T. ) ;
#189 = AXIS2_PLACEMENT_3D ( 'NONE', #605, #450, #1748 ) ;
#190 = EDGE_LOOP ( 'NONE', ( #1447, #610 ) ) ;
#191 = CARTESIAN_POINT ( 'NONE',  ( -45.50854856424184902, 30.00000000000000000, -28.43087719933855340 ) ) ;
#192 = CARTESIAN_POINT ( 'NONE',  ( 77.71257853069131727, 0.000000000000000000, -42.67824137447135513 ) ) ;
#193 = ADVANCED_FACE ( 'NONE', ( #326, #23 ), #670, .T. ) ;
#194 = AXIS2_PLACEMENT_3D ( 'NONE', #904, #1877, #419 ) ;
#195 = ORIENTED_EDGE ( 'NONE', *, *, #1396, .F. ) ;
#196 = CIRCLE ( 'NONE', #2043, 38.50000000000000000 ) ;
#197 = CIRCLE ( 'NONE', #1144, 5.500000000000005329 ) ;
#198 = CONICAL_SURFACE ( 'NONE', #836, 33.31602540378431598, 0.5235987755982962621 ) ;
#199 = DIRECTION ( 'NONE',  ( -0.000000000000000000, -1.000000000000000000, -0.000000000000000000 ) ) ;
#200 = DIRECTION ( 'NONE',  ( 0.000000000000000000, 1.000000000000000000, 0.000000000000000000 ) ) ;
#201 = VERTEX_POINT ( 'NONE', #180 ) ;
#202 = DIRECTION ( 'NONE',  ( -0.000000000000000000, -1.000000000000000000, -0.000000000000000000 ) ) ;
#203 = FACE_OUTER_BOUND ( 'NONE', #696, .T. ) ;
#204 = ORIENTED_EDGE ( 'NONE', *, *, #568, .F. ) ;
#205 = CARTESIAN_POINT ( 'NONE',  ( 86.29694525319176535, 30.00000000000000000, 64.93717918086390739 ) ) ;
#206 = DIRECTION ( 'NONE',  ( 0.000000000000000000, 0.000000000000000000, -1.000000000000000000 ) ) ;
#207 = DIRECTION ( 'NONE',  ( 0.000000000000000000, 1.000000000000000000, 0.000000000000000000 ) ) ;
#208 = ORIENTED_EDGE ( 'NONE', *, *, #978, .F. ) ;
#209 = DIRECTION ( 'NONE',  ( -0.09140645750992282270, -0.000000000000000000, -0.9958136670710473481 ) ) ;
#210 = EDGE_CURVE ( 'NONE', #2105, #225, #823, .T. ) ;
#211 = DIRECTION ( 'NONE',  ( 0.000000000000000000, 1.000000000000000000, 0.000000000000000000 ) ) ;
#212 = CARTESIAN_POINT ( 'NONE',  ( -54.51494277616077255, 0.000000000000000000, 45.36283352038542205 ) ) ;
#213 = VERTEX_POINT ( 'NONE', #47 ) ;
#214 = AXIS2_PLACEMENT_3D ( 'NONE', #1848, #207, #1184 ) ;
#215 = CYLINDRICAL_SURFACE ( 'NONE', #1088, 12.00000000000000533 ) ;
#216 = DIRECTION ( 'NONE',  ( -0.000000000000000000, -1.000000000000000000, -0.000000000000000000 ) ) ;
#217 = AXIS2_PLACEMENT_3D ( 'NONE', #1948, #279, #1275 ) ;
#218 = ORIENTED_EDGE ( 'NONE', *, *, #1093, .T. ) ;
#219 = DIRECTION ( 'NONE',  ( -0.000000000000000000, -1.000000000000000000, -0.000000000000000000 ) ) ;
#220 = LINE ( 'NONE', #80, #1776 ) ;
#221 = VERTEX_POINT ( 'NONE', #192 ) ;
#222 = CARTESIAN_POINT ( 'NONE',  ( 33.43409465714728412, 30.00000000000000000, -73.36321499537024238 ) ) ;
#223 = DIRECTION ( 'NONE',  ( 0.000000000000000000, 0.000000000000000000, 1.000000000000000000 ) ) ;
#224 = EDGE_CURVE ( 'NONE', #1390, #1406, #1995, .T. ) ;
#225 = VERTEX_POINT ( 'NONE', #1517 ) ;
#226 = CARTESIAN_POINT ( 'NONE',  ( 67.13962814350176700, 0.000000000000000000, 30.48677163014986746 ) ) ;
#227 = EDGE_LOOP ( 'NONE', ( #195, #2049 ) ) ;
#228 = CARTESIAN_POINT ( 'NONE',  ( -73.03324147817575351, 0.000000000000000000, 79.56221238245245786 ) ) ;
#229 = CIRCLE ( 'NONE', #1212, 9.499999999999994671 ) ;
#230 = ORIENTED_EDGE ( 'NONE', *, *, #472, .T. ) ;
#231 = PLANE ( 'NONE',  #826 ) ;
#232 = EDGE_LOOP ( 'NONE', ( #277, #1017 ) ) ;
#233 = VECTOR ( 'NONE', #638, 1000.000000000000000 ) ;
#234 = CARTESIAN_POINT ( 'NONE',  ( -91.81305702534002933, 30.00000000000000000, 8.005811354909930344 ) ) ;
#235 = FACE_OUTER_BOUND ( 'NONE', #586, .T. ) ;
#236 = ADVANCED_FACE ( 'NONE', ( #1027, #694 ), #1172, .T. ) ;
#237 = VERTEX_POINT ( 'NONE', #1839 ) ;
#238 = FACE_OUTER_BOUND ( 'NONE', #1610, .T. ) ;
#239 = ORIENTED_EDGE ( 'NONE', *, *, #861, .T. ) ;
#240 = ORIENTED_EDGE ( 'NONE', *, *, #1022, .T. ) ;
#241 = LINE ( 'NONE', #1648, #849 ) ;
#242 = DIRECTION ( 'NONE',  ( 6.123233995736737686E-17, 0.8660254037844400399, -0.4999999999999976685 ) ) ;
#243 = EDGE_LOOP ( 'NONE', ( #805, #763, #161, #1358 ) ) ;
#244 = CARTESIAN_POINT ( 'NONE',  ( -79.86573366723315814, 30.00000000000000000, 1.382661953968989277 ) ) ;
#245 = DIRECTION ( 'NONE',  ( 0.000000000000000000, 1.000000000000000000, 0.000000000000000000 ) ) ;
#246 = ADVANCED_FACE ( 'NONE', ( #68 ), #1018, .F. ) ;
#247 = EDGE_LOOP ( 'NONE', ( #1519, #383, #2069, #1004 ) ) ;
#248 = CIRCLE ( 'NONE', #386, 10.00000000000000178 ) ;
#249 = ADVANCED_FACE ( 'NONE', ( #367 ), #1857, .F. ) ;
#250 = AXIS2_PLACEMENT_3D ( 'NONE', #226, #1702, #1680 ) ;
#251 = DIRECTION ( 'NONE',  ( -0.000000000000000000, -1.000000000000000000, -0.000000000000000000 ) ) ;
#252 = PLANE ( 'NONE',  #1695 ) ;
#253 = DIRECTION ( 'NONE',  ( 0.000000000000000000, -1.000000000000000000, 0.000000000000000000 ) ) ;
#254 = VERTEX_POINT ( 'NONE', #1815 ) ;
#255 = AXIS2_PLACEMENT_3D ( 'NONE', #228, #541, #1038 ) ;
#256 = CARTESIAN_POINT ( 'NONE',  ( 40.78260829083443184, 30.00000000000000000, -32.78841266735884119 ) ) ;
#257 = AXIS2_PLACEMENT_3D ( 'NONE', #1312, #959, #1962 ) ;
#258 = CARTESIAN_POINT ( 'NONE',  ( -45.50854856424184902, 30.00000000000000000, -25.43087719933855340 ) ) ;
#259 = EDGE_CURVE ( 'NONE', #1379, #1689, #1673, .T. ) ;
#260 = ORIENTED_EDGE ( 'NONE', *, *, #1603, .F. ) ;
#261 = DIRECTION ( 'NONE',  ( 0.000000000000000000, 1.000000000000000000, 0.000000000000000000 ) ) ;
#262 = VERTEX_POINT ( 'NONE', #1494 ) ;
#263 = EDGE_CURVE ( 'NONE', #867, #1805, #1827, .T. ) ;
#264 = CIRCLE ( 'NONE', #1139, 2.999999999999999112 ) ;
#265 = CARTESIAN_POINT ( 'NONE',  ( -0.1322259682266814507, 3.000000000000000000, 43.05948441840072149 ) ) ;
#266 = ORIENTED_EDGE ( 'NONE', *, *, #1149, .T. ) ;
#267 = APPLICATION_PROTOCOL_DEFINITION ( 'draft international standard', 'automotive_design', 1998, #391 ) ;
#268 = CIRCLE ( 'NONE', #899, 12.00000000000001066 ) ;
#269 = CARTESIAN_POINT ( 'NONE',  ( -54.51494277616077255, 3.000000000000000000, 80.36283352038542205 ) ) ;
#270 = VECTOR ( 'NONE', #1721, 1000.000000000000000 ) ;
#271 = VECTOR ( 'NONE', #1493, 1000.000000000000000 ) ;
#272 = ORIENTED_EDGE ( 'NONE', *, *, #1008, .F. ) ;
#273 = FACE_OUTER_BOUND ( 'NONE', #1722, .T. ) ;
#274 = LINE ( 'NONE', #1255, #635 ) ;
#275 = DIRECTION ( 'NONE',  ( 0.000000000000000000, 0.000000000000000000, 1.000000000000000000 ) ) ;
#276 = EDGE_CURVE ( 'NONE', #2012, #1293, #784, .T. ) ;
#277 = ORIENTED_EDGE ( 'NONE', *, *, #1982, .F. ) ;
#278 = FACE_OUTER_BOUND ( 'NONE', #1081, .T. ) ;
#279 = DIRECTION ( 'NONE',  ( 0.000000000000000000, -1.000000000000000000, 0.000000000000000000 ) ) ;
#280 = CARTESIAN_POINT ( 'NONE',  ( -79.86573366723315814, 30.00000000000000000, 12.38266195396899505 ) ) ;
#281 = AXIS2_PLACEMENT_3D ( 'NONE', #1336, #1197, #1540 ) ;
#282 = AXIS2_PLACEMENT_3D ( 'NONE', #1499, #1000, #508 ) ;
#283 = EDGE_LOOP ( 'NONE', ( #879, #683, #1733, #1322 ) ) ;
#284 = ORIENTED_EDGE ( 'NONE', *, *, #115, .F. ) ;
#285 = AXIS2_PLACEMENT_3D ( 'NONE', #841, #1132, #1810 ) ;
#286 = VERTEX_POINT ( 'NONE', #681 ) ;
#287 = EDGE_CURVE ( 'NONE', #262, #1383, #1717, .T. ) ;
#288 = CYLINDRICAL_SURFACE ( 'NONE', #404, 5.500000000000003553 ) ;
#289 = DIRECTION ( 'NONE',  ( -0.000000000000000000, -1.000000000000000000, -0.000000000000000000 ) ) ;
#290 = PLANE ( 'NONE',  #1789 ) ;
#291 = ORIENTED_EDGE ( 'NONE', *, *, #1068, .F. ) ;
#292 = CARTESIAN_POINT ( 'NONE',  ( 60.72801745395057083, 0.000000000000000000, -44.66125553560498673 ) ) ;
#293 = DIRECTION ( 'NONE',  ( 0.000000000000000000, 0.000000000000000000, -1.000000000000000000 ) ) ;
#294 = ORIENTED_EDGE ( 'NONE', *, *, #778, .F. ) ;
#295 = ORIENTED_EDGE ( 'NONE', *, *, #39, .F. ) ;
#296 = AXIS2_PLACEMENT_3D ( 'NONE', #1742, #1420, #456 ) ;
#297 = LINE ( 'NONE', #162, #2098 ) ;
#298 = FACE_OUTER_BOUND ( 'NONE', #1873, .T. ) ;
#299 = FACE_OUTER_BOUND ( 'NONE', #361, .T. ) ;
#300 = ADVANCED_FACE ( 'NONE', ( #1006 ), #878, .F. ) ;
#301 = FACE_OUTER_BOUND ( 'NONE', #815, .T. ) ;
#302 = VECTOR ( 'NONE', #13, 1000.000000000000000 ) ;
#303 = FACE_BOUND ( 'NONE', #860, .T. ) ;
#304 = DIRECTION ( 'NONE',  ( 0.000000000000000000, 0.000000000000000000, 1.000000000000000000 ) ) ;
#305 = DIRECTION ( 'NONE',  ( -0.000000000000000000, -1.000000000000000000, -0.000000000000000000 ) ) ;
#306 = VERTEX_POINT ( 'NONE', #1847 ) ;
#307 = CYLINDRICAL_SURFACE ( 'NONE', #794, 28.00000000000000000 ) ;
#308 = CARTESIAN_POINT ( 'NONE',  ( -0.1322259682266868908, 4.000000000000000000, 31.00948441840071368 ) ) ;
#309 = DIRECTION ( 'NONE',  ( -0.000000000000000000, -1.000000000000000000, -0.000000000000000000 ) ) ;
#310 = EDGE_CURVE ( 'NONE', #2007, #452, #2087, .T. ) ;
#311 = AXIS2_PLACEMENT_3D ( 'NONE', #1250, #1386, #1735 ) ;
#312 = ORIENTED_EDGE ( 'NONE', *, *, #1415, .T. ) ;
#313 = CARTESIAN_POINT ( 'NONE',  ( 67.13962814350176700, 3.000000000000000000, 16.48677163014986746 ) ) ;
#314 = DIRECTION ( 'NONE',  ( -0.000000000000000000, 1.000000000000000000, -0.000000000000000000 ) ) ;
#315 = CARTESIAN_POINT ( 'NONE',  ( 86.29694525319176535, 19.00000000000000000, 64.93717918086390739 ) ) ;
#316 = EDGE_CURVE ( 'NONE', #347, #588, #1546, .T. ) ;
#317 = DIRECTION ( 'NONE',  ( 0.000000000000000000, 0.000000000000000000, 1.000000000000000000 ) ) ;
#318 = CYLINDRICAL_SURFACE ( 'NONE', #1506, 17.50000000000000000 ) ;
#319 = ORIENTED_EDGE ( 'NONE', *, *, #1706, .T. ) ;
#320 = AXIS2_PLACEMENT_3D ( 'NONE', #1109, #1424, #133 ) ;
#321 = DIRECTION ( 'NONE',  ( 0.000000000000000000, 0.000000000000000000, -1.000000000000000000 ) ) ;
#322 = ORIENTED_EDGE ( 'NONE', *, *, #990, .T. ) ;
#323 = LINE ( 'NONE', #954, #484 ) ;
#324 = ORIENTED_EDGE ( 'NONE', *, *, #316, .T. ) ;
#325 = CYLINDRICAL_SURFACE ( 'NONE', #31, 39.99999999999999289 ) ;
#326 = FACE_BOUND ( 'NONE', #1794, .T. ) ;
#327 = CYLINDRICAL_SURFACE ( 'NONE', #1960, 47.50000000000000000 ) ;
#328 = ORIENTED_EDGE ( 'NONE', *, *, #674, .T. ) ;
#329 = ADVANCED_FACE ( 'NONE', ( #238 ), #866, .F. ) ;
#330 = DIRECTION ( 'NONE',  ( 0.000000000000000000, -1.000000000000000000, 0.000000000000000000 ) ) ;
#331 = ORIENTED_EDGE ( 'NONE', *, *, #1551, .T. ) ;
#332 = CYLINDRICAL_SURFACE ( 'NONE', #581, 14.00000000000000178 ) ;
#333 = AXIS2_PLACEMENT_3D ( 'NONE', #1309, #1334, #542 ) ;
#334 = CYLINDRICAL_SURFACE ( 'NONE', #285, 38.50000000000000000 ) ;
#335 = ORIENTED_EDGE ( 'NONE', *, *, #1513, .T. ) ;
#336 = CYLINDRICAL_SURFACE ( 'NONE', #528, 14.00000000000000178 ) ;
#337 = CIRCLE ( 'NONE', #534, 12.00000000000000355 ) ;
#338 = ORIENTED_EDGE ( 'NONE', *, *, #1166, .F. ) ;
#339 = EDGE_CURVE ( 'NONE', #1341, #286, #695, .T. ) ;
#340 = CARTESIAN_POINT ( 'NONE',  ( -73.03324147817575351, 30.00000000000000000, 89.06221238245244365 ) ) ;
#341 = ORIENTED_EDGE ( 'NONE', *, *, #1257, .T. ) ;
#342 = CARTESIAN_POINT ( 'NONE',  ( 86.29694525319176535, 30.00000000000000000, 64.93717918086390739 ) ) ;
#343 = EDGE_CURVE ( 'NONE', #486, #716, #723, .T. ) ;
#344 = DIRECTION ( 'NONE',  ( -0.000000000000000000, -1.000000000000000000, -0.000000000000000000 ) ) ;
#345 = VERTEX_POINT ( 'NONE', #1346 ) ;
#346 =( NAMED_UNIT ( * ) PLANE_ANGLE_UNIT ( ) SI_UNIT ( $, .RADIAN. ) );
#347 = VERTEX_POINT ( 'NONE', #2001 ) ;
#348 = AXIS2_PLACEMENT_3D ( 'NONE', #564, #1988, #885 ) ;
#349 = CIRCLE ( 'NONE', #1160, 11.99999999999999645 ) ;
#350 = DIRECTION ( 'NONE',  ( 0.000000000000000000, 1.000000000000000000, 0.000000000000000000 ) ) ;
#351 = EDGE_LOOP ( 'NONE', ( #895, #1790, #1512, #1233 ) ) ;
#352 = ADVANCED_FACE ( 'NONE', ( #1681 ), #198, .F. ) ;
#353 = LINE ( 'NONE', #1640, #1338 ) ;
#354 = DIRECTION ( 'NONE',  ( 0.000000000000000000, 0.000000000000000000, 1.000000000000000000 ) ) ;
#355 = ADVANCED_FACE ( 'NONE', ( #203 ), #1998, .F. ) ;
#356 = DIRECTION ( 'NONE',  ( 0.000000000000000000, 0.000000000000000000, 1.000000000000000000 ) ) ;
#357 = EDGE_LOOP ( 'NONE', ( #1337, #46 ) ) ;
#358 = CARTESIAN_POINT ( 'NONE',  ( -0.1322259682266868908, 15.00000000000000000, -1.440515581599286055 ) ) ;
#359 = CARTESIAN_POINT ( 'NONE',  ( 39.70032071461519507, 15.00000000000000000, -5.096773881996202071 ) ) ;
#360 = CARTESIAN_POINT ( 'NONE',  ( -73.03324147817575351, 30.00000000000000000, 79.56221238245245786 ) ) ;
#361 = EDGE_LOOP ( 'NONE', ( #1221, #847 ) ) ;
#362 = PLANE ( 'NONE',  #1107 ) ;
#363 = ORIENTED_EDGE ( 'NONE', *, *, #1924, .T. ) ;
#364 = CARTESIAN_POINT ( 'NONE',  ( 39.86854371573514300, 30.00000000000000000, -42.74654933806930757 ) ) ;
#365 = ADVANCED_FACE ( 'NONE', ( #1855, #828 ), #399, .T. ) ;
#366 = ORIENTED_EDGE ( 'NONE', *, *, #1299, .T. ) ;
#367 = FACE_OUTER_BOUND ( 'NONE', #1486, .T. ) ;
#368 = AXIS2_PLACEMENT_3D ( 'NONE', #1798, #1444, #321 ) ;
#369 = CARTESIAN_POINT ( 'NONE',  ( -54.51494277616077255, 0.000000000000000000, 62.86283352038542205 ) ) ;
#370 = ORIENTED_EDGE ( 'NONE', *, *, #556, .T. ) ;
#371 = STYLED_ITEM ( 'NONE', ( #1762 ), #121 ) ;
#372 = CIRCLE ( 'NONE', #1730, 5.500000000000003553 ) ;
#373 = CARTESIAN_POINT ( 'NONE',  ( 77.71257853069131727, 19.00000000000000000, -30.67824137447134447 ) ) ;
#374 = EDGE_LOOP ( 'NONE', ( #1696, #825, #73, #1922 ) ) ;
#375 = DIRECTION ( 'NONE',  ( 0.000000000000000000, 0.000000000000000000, -1.000000000000000000 ) ) ;
#376 = DIRECTION ( 'NONE',  ( -0.000000000000000000, 1.000000000000000000, -0.000000000000000000 ) ) ;
#377 = EDGE_LOOP ( 'NONE', ( #98, #1606, #1050, #1373 ) ) ;
#378 = CARTESIAN_POINT ( 'NONE',  ( -0.1322259682266868908, 15.00000000000000000, -1.440515581599286055 ) ) ;
#379 = ADVANCED_FACE ( 'NONE', ( #235 ), #874, .T. ) ;
#380 = ORIENTED_EDGE ( 'NONE', *, *, #1590, .T. ) ;
#381 = ADVANCED_FACE ( 'NONE', ( #35 ), #700, .F. ) ;
#382 = CIRCLE ( 'NONE', #1192, 47.50000000000000000 ) ;
#383 = ORIENTED_EDGE ( 'NONE', *, *, #1901, .T. ) ;
#384 = AXIS2_PLACEMENT_3D ( 'NONE', #682, #1115, #475 ) ;
#385 = DIRECTION ( 'NONE',  ( 0.000000000000000000, -1.000000000000000000, 0.000000000000000000 ) ) ;
#386 = AXIS2_PLACEMENT_3D ( 'NONE', #364, #968, #1653 ) ;
#387 = VERTEX_POINT ( 'NONE', #1500 ) ;
#388 = DIRECTION ( 'NONE',  ( 0.000000000000000000, 0.000000000000000000, -1.000000000000000000 ) ) ;
#389 = CARTESIAN_POINT ( 'NONE',  ( -0.1322259682266868908, 3.000000000000000000, -1.440515581599286055 ) ) ;
#390 = DIRECTION ( 'NONE',  ( 0.000000000000000000, 0.000000000000000000, -1.000000000000000000 ) ) ;
#391 = APPLICATION_CONTEXT ( 'automotive_design' ) ;
#392 = CYLINDRICAL_SURFACE ( 'NONE', #1368, 10.00000000000000178 ) ;
#393 = VERTEX_POINT ( 'NONE', #1641 ) ;
#394 = DIRECTION ( 'NONE',  ( 0.000000000000000000, -0.000000000000000000, 1.000000000000000000 ) ) ;
#395 = EDGE_CURVE ( 'NONE', #1065, #1301, #382, .T. ) ;
#396 = DIRECTION ( 'NONE',  ( 0.000000000000000000, 0.000000000000000000, -1.000000000000000000 ) ) ;
#397 = EDGE_LOOP ( 'NONE', ( #429, #1825, #1428, #843, #291, #1784, #1576, #1362, #1598, #446, #1813, #36, #312, #1992, #1892, #1701, #698, #1479, #405 ) ) ;
#398 = PLANE ( 'NONE',  #1372 ) ;
#399 = PLANE ( 'NONE',  #1108 ) ;
#400 = ORIENTED_EDGE ( 'NONE', *, *, #263, .F. ) ;
#401 = CARTESIAN_POINT ( 'NONE',  ( -45.50854856424184902, 15.00000000000000000, -25.43087719933855340 ) ) ;
#402 = VECTOR ( 'NONE', #1594, 1000.000000000000000 ) ;
#403 = EDGE_LOOP ( 'NONE', ( #1118, #266, #1527, #1205 ) ) ;
#404 = AXIS2_PLACEMENT_3D ( 'NONE', #1375, #561, #1210 ) ;
#405 = ORIENTED_EDGE ( 'NONE', *, *, #115, .T. ) ;
#406 = AXIS2_PLACEMENT_3D ( 'NONE', #99, #2055, #597 ) ;
#407 = EDGE_CURVE ( 'NONE', #1474, #1799, #678, .T. ) ;
#408 = CARTESIAN_POINT ( 'NONE',  ( -79.86573366723315814, 30.00000000000000000, 6.882661953968992385 ) ) ;
#409 = FACE_OUTER_BOUND ( 'NONE', #1923, .T. ) ;
#410 = ADVANCED_FACE ( 'NONE', ( #1836 ), #518, .T. ) ;
#411 = VERTEX_POINT ( 'NONE', #1886 ) ;
#412 = ORIENTED_EDGE ( 'NONE', *, *, #104, .F. ) ;
#413 = DIRECTION ( 'NONE',  ( 0.000000000000000000, -1.000000000000000000, 0.000000000000000000 ) ) ;
#414 = CARTESIAN_POINT ( 'NONE',  ( 77.71257853069131727, 0.000000000000000000, -30.67824137447134447 ) ) ;
#415 = ORIENTED_EDGE ( 'NONE', *, *, #310, .F. ) ;
#416 = DIRECTION ( 'NONE',  ( 0.000000000000000000, 1.000000000000000000, 0.000000000000000000 ) ) ;
#417 = ORIENTED_EDGE ( 'NONE', *, *, #516, .T. ) ;
#418 = CYLINDRICAL_SURFACE ( 'NONE', #455, 17.50000000000000000 ) ;
#419 = DIRECTION ( 'NONE',  ( 0.09156650608386139589, 0.000000000000000000, 0.9957989631263903796 ) ) ;
#420 = ADVANCED_FACE ( 'NONE', ( #2059 ), #1703, .F. ) ;
#421 = EDGE_CURVE ( 'NONE', #1476, #1040, #85, .T. ) ;
#422 = AXIS2_PLACEMENT_3D ( 'NONE', #19, #1190, #977 ) ;
#423 = CIRCLE ( 'NONE', #140, 28.00000000000000000 ) ;
#424 = ORIENTED_EDGE ( 'NONE', *, *, #727, .F. ) ;
#425 = FACE_OUTER_BOUND ( 'NONE', #1157, .T. ) ;
#426 = EDGE_LOOP ( 'NONE', ( #2058, #1036, #530, #1173 ) ) ;
#427 = ORIENTED_EDGE ( 'NONE', *, *, #835, .T. ) ;
#428 = CARTESIAN_POINT ( 'NONE',  ( -73.03324147817575351, 19.00000000000000000, 89.06221238245244365 ) ) ;
#429 = ORIENTED_EDGE ( 'NONE', *, *, #1938, .T. ) ;
#430 = CARTESIAN_POINT ( 'NONE',  ( 40.78260829083443184, 0.000000000000000000, -32.78841266735884119 ) ) ;
#431 = EDGE_CURVE ( 'NONE', #1193, #213, #1339, .T. ) ;
#432 = VERTEX_POINT ( 'NONE', #920 ) ;
#433 = CARTESIAN_POINT ( 'NONE',  ( 40.31514176767326063, 30.00000000000000000, -32.75652680656293114 ) ) ;
#434 = CARTESIAN_POINT ( 'NONE',  ( -73.03324147817575351, 19.00000000000000000, 79.56221238245245786 ) ) ;
#435 = AXIS2_PLACEMENT_3D ( 'NONE', #1148, #1806, #2017 ) ;
#436 = ORIENTED_EDGE ( 'NONE', *, *, #901, .T. ) ;
#437 = CARTESIAN_POINT ( 'NONE',  ( -0.1322259682266868908, 30.00000000000000000, -48.94051558159928561 ) ) ;
#438 = CIRCLE ( 'NONE', #830, 14.00000000000000178 ) ;
#439 = CARTESIAN_POINT ( 'NONE',  ( 86.29694525319176535, 30.00000000000000000, 70.43717918086390739 ) ) ;
#440 = ORIENTED_EDGE ( 'NONE', *, *, #1125, .F. ) ;
#441 = CARTESIAN_POINT ( 'NONE',  ( -45.50854856424184902, 30.00000000000000000, -28.43087719933855340 ) ) ;
#442 = DIRECTION ( 'NONE',  ( 0.000000000000000000, 1.000000000000000000, 0.000000000000000000 ) ) ;
#443 = ADVANCED_FACE ( 'NONE', ( #1084 ), #1725, .T. ) ;
#444 = CARTESIAN_POINT ( 'NONE',  ( 67.13962814350176700, 3.000000000000000000, 38.48677163014988167 ) ) ;
#445 = PRODUCT_DEFINITION ( 'UNKNOWN', '', #1883, #1349 ) ;
#446 = ORIENTED_EDGE ( 'NONE', *, *, #104, .T. ) ;
#447 = DIRECTION ( 'NONE',  ( -0.000000000000000000, 1.000000000000000000, -0.000000000000000000 ) ) ;
#448 = CARTESIAN_POINT ( 'NONE',  ( 40.78260829083443184, 30.00000000000000000, -32.78841266735884119 ) ) ;
#449 = DIRECTION ( 'NONE',  ( -0.000000000000000000, -1.000000000000000000, -0.000000000000000000 ) ) ;
#450 = DIRECTION ( 'NONE',  ( 0.000000000000000000, 1.000000000000000000, 0.000000000000000000 ) ) ;
#451 = CIRCLE ( 'NONE', #549, 12.00000000000001066 ) ;
#452 = VERTEX_POINT ( 'NONE', #1243 ) ;
#453 = LINE ( 'NONE', #616, #796 ) ;
#454 = CARTESIAN_POINT ( 'NONE',  ( -0.1322259682266868908, 0.000000000000000000, -1.440515581599286055 ) ) ;
#455 = AXIS2_PLACEMENT_3D ( 'NONE', #1723, #74, #873 ) ;
#456 = DIRECTION ( 'NONE',  ( 0.000000000000000000, 0.000000000000000000, 1.000000000000000000 ) ) ;
#457 = ORIENTED_EDGE ( 'NONE', *, *, #1405, .F. ) ;
#458 = EDGE_CURVE ( 'NONE', #570, #1430, #1385, .T. ) ;
#459 = DIRECTION ( 'NONE',  ( 0.09156650608386139589, 0.000000000000000000, 0.9957989631263903796 ) ) ;
#460 = FACE_BOUND ( 'NONE', #62, .T. ) ;
#461 = VERTEX_POINT ( 'NONE', #730 ) ;
#462 = LINE ( 'NONE', #742, #1393 ) ;
#463 = ORIENTED_EDGE ( 'NONE', *, *, #751, .F. ) ;
#464 = CARTESIAN_POINT ( 'NONE',  ( -0.1322259682266834491, 4.000000000000000000, 26.55948441840071439 ) ) ;
#465 = ORIENTED_EDGE ( 'NONE', *, *, #150, .T. ) ;
#466 = CARTESIAN_POINT ( 'NONE',  ( -54.51494277616077255, 3.000000000000000000, 62.86283352038542205 ) ) ;
#467 = LINE ( 'NONE', #1106, #1315 ) ;
#468 = EDGE_CURVE ( 'NONE', #59, #1689, #996, .T. ) ;
#469 = CIRCLE ( 'NONE', #1613, 11.49999999999999645 ) ;
#470 = CARTESIAN_POINT ( 'NONE',  ( -71.93636398805661258, 30.00000000000000000, 91.51197638730501183 ) ) ;
#471 = CIRCLE ( 'NONE', #1652, 9.499999999999994671 ) ;
#472 = EDGE_CURVE ( 'NONE', #1710, #1805, #1885, .T. ) ;
#473 = VECTOR ( 'NONE', #1940, 1000.000000000000000 ) ;
#474 = ORIENTED_EDGE ( 'NONE', *, *, #468, .F. ) ;
#475 = DIRECTION ( 'NONE',  ( 0.000000000000000000, 0.000000000000000000, 1.000000000000000000 ) ) ;
#476 = ORIENTED_EDGE ( 'NONE', *, *, #609, .F. ) ;
#477 = LINE ( 'NONE', #1432, #125 ) ;
#478 = DIRECTION ( 'NONE',  ( 0.000000000000000000, 0.000000000000000000, 1.000000000000000000 ) ) ;
#479 = ADVANCED_FACE ( 'NONE', ( #409 ), #1062, .T. ) ;
#480 = VERTEX_POINT ( 'NONE', #430 ) ;
#481 = DIRECTION ( 'NONE',  ( 0.000000000000000000, 1.000000000000000000, 0.000000000000000000 ) ) ;
#482 = CARTESIAN_POINT ( 'NONE',  ( -79.86573366723315814, 19.00000000000000000, 6.882661953968992385 ) ) ;
#483 = EDGE_LOOP ( 'NONE', ( #1849, #2082, #817, #1471 ) ) ;
#484 = VECTOR ( 'NONE', #1167, 1000.000000000000000 ) ;
#485 = DIRECTION ( 'NONE',  ( -0.000000000000000000, -1.000000000000000000, -0.000000000000000000 ) ) ;
#486 = VERTEX_POINT ( 'NONE', #882 ) ;
#487 = DIRECTION ( 'NONE',  ( 0.000000000000000000, 0.000000000000000000, 1.000000000000000000 ) ) ;
#488 = DIRECTION ( 'NONE',  ( 0.000000000000000000, 1.000000000000000000, 0.000000000000000000 ) ) ;
#489 = VERTEX_POINT ( 'NONE', #269 ) ;
#490 = SURFACE_SIDE_STYLE ('',( #135 ) ) ;
#491 = FACE_OUTER_BOUND ( 'NONE', #1463, .T. ) ;
#492 = EDGE_CURVE ( 'NONE', #306, #598, #967, .T. ) ;
#493 = ORIENTED_EDGE ( 'NONE', *, *, #1590, .F. ) ;
#494 = ADVANCED_FACE ( 'NONE', ( #278 ), #720, .F. ) ;
#495 = CYLINDRICAL_SURFACE ( 'NONE', #733, 11.99999999999999645 ) ;
#496 = EDGE_LOOP ( 'NONE', ( #1145, #1453 ) ) ;
#497 = CIRCLE ( 'NONE', #664, 44.50000000000000711 ) ;
#498 = CARTESIAN_POINT ( 'NONE',  ( -91.81305702534002933, 0.000000000000000000, 8.005811354909930344 ) ) ;
#499 = ORIENTED_EDGE ( 'NONE', *, *, #1840, .F. ) ;
#500 = CARTESIAN_POINT ( 'NONE',  ( -0.1322259682266868908, 15.00000000000000000, 38.55948441840070728 ) ) ;
#501 = DIRECTION ( 'NONE',  ( -0.000000000000000000, -1.000000000000000000, -0.000000000000000000 ) ) ;
#502 = DIRECTION ( 'NONE',  ( 0.000000000000000000, 0.000000000000000000, 1.000000000000000000 ) ) ;
#503 = VECTOR ( 'NONE', #1951, 1000.000000000000000 ) ;
#504 = EDGE_CURVE ( 'NONE', #824, #1379, #1037, .T. ) ;
#505 = ORIENTED_EDGE ( 'NONE', *, *, #1439, .T. ) ;
#506 = CARTESIAN_POINT ( 'NONE',  ( -73.03324147817575351, 19.00000000000000000, 79.56221238245245786 ) ) ;
#507 = ORIENTED_EDGE ( 'NONE', *, *, #1619, .T. ) ;
#508 = DIRECTION ( 'NONE',  ( 0.000000000000000000, 0.000000000000000000, 1.000000000000000000 ) ) ;
#509 = CYLINDRICAL_SURFACE ( 'NONE', #944, 2.999999999999999112 ) ;
#510 = DIRECTION ( 'NONE',  ( -0.09140645750992841545, 0.000000000000000000, -0.9958136670710469041 ) ) ;
#511 = ORIENTED_EDGE ( 'NONE', *, *, #1093, .F. ) ;
#512 = ORIENTED_EDGE ( 'NONE', *, *, #711, .F. ) ;
#513 = CIRCLE ( 'NONE', #1156, 17.50000000000000000 ) ;
#514 = CARTESIAN_POINT ( 'NONE',  ( 60.72801745395057083, 0.000000000000000000, -44.66125553560498673 ) ) ;
#515 = ORIENTED_EDGE ( 'NONE', *, *, #1342, .T. ) ;
#516 = EDGE_CURVE ( 'NONE', #924, #1301, #105, .T. ) ;
#517 = DIRECTION ( 'NONE',  ( -0.000000000000000000, -1.000000000000000000, -0.000000000000000000 ) ) ;
#518 = CYLINDRICAL_SURFACE ( 'NONE', #975, 11.49999999999999645 ) ;
#519 = ORIENTED_EDGE ( 'NONE', *, *, #458, .F. ) ;
#520 = DIRECTION ( 'NONE',  ( 0.000000000000000000, -1.000000000000000000, 0.000000000000000000 ) ) ;
#521 = DIRECTION ( 'NONE',  ( 0.000000000000000000, 0.000000000000000000, -1.000000000000000000 ) ) ;
#522 = ORIENTED_EDGE ( 'NONE', *, *, #165, .F. ) ;
#523 = LINE ( 'NONE', #1175, #97 ) ;
#524 = ORIENTED_EDGE ( 'NONE', *, *, #2068, .F. ) ;
#525 = DIRECTION ( 'NONE',  ( -0.000000000000000000, -1.000000000000000000, -0.000000000000000000 ) ) ;
#526 = DIRECTION ( 'NONE',  ( -0.000000000000000000, 1.000000000000000000, -0.000000000000000000 ) ) ;
#527 = EDGE_CURVE ( 'NONE', #1461, #728, #1179, .T. ) ;
#528 = AXIS2_PLACEMENT_3D ( 'NONE', #600, #2081, #1407 ) ;
#529 = EDGE_CURVE ( 'NONE', #802, #8, #268, .T. ) ;
#530 = ORIENTED_EDGE ( 'NONE', *, *, #41, .F. ) ;
#531 = CARTESIAN_POINT ( 'NONE',  ( -42.52115167486267922, 30.00000000000000000, -25.70557671759011953 ) ) ;
#532 = CARTESIAN_POINT ( 'NONE',  ( -0.1322259682266868908, 4.000000000000000000, 31.00948441840071368 ) ) ;
#533 = VERTEX_POINT ( 'NONE', #582 ) ;
#534 = AXIS2_PLACEMENT_3D ( 'NONE', #1881, #1772, #971 ) ;
#535 = CIRCLE ( 'NONE', #348, 39.99999999999999289 ) ;
#536 = CARTESIAN_POINT ( 'NONE',  ( -0.1322259682266828107, 15.00000000000000000, -34.75654098538360159 ) ) ;
#537 = ORIENTED_EDGE ( 'NONE', *, *, #339, .T. ) ;
#538 = DIRECTION ( 'NONE',  ( 0.000000000000000000, 0.000000000000000000, 1.000000000000000000 ) ) ;
#539 = FACE_OUTER_BOUND ( 'NONE', #2016, .T. ) ;
#540 = VERTEX_POINT ( 'NONE', #1409 ) ;
#541 = DIRECTION ( 'NONE',  ( 0.000000000000000000, 1.000000000000000000, 0.000000000000000000 ) ) ;
#542 = DIRECTION ( 'NONE',  ( 0.000000000000000000, 0.000000000000000000, -1.000000000000000000 ) ) ;
#543 = ADVANCED_FACE ( 'NONE', ( #1746 ), #288, .F. ) ;
#544 = CARTESIAN_POINT ( 'NONE',  ( 77.71257853069131727, 30.00000000000000000, -40.17824137447134092 ) ) ;
#545 = ORIENTED_EDGE ( 'NONE', *, *, #572, .T. ) ;
#546 = CARTESIAN_POINT ( 'NONE',  ( -79.86573366723315814, 30.00000000000000000, 6.882661953968992385 ) ) ;
#547 = CARTESIAN_POINT ( 'NONE',  ( -0.1322259682266868908, 3.000000000000000000, -1.440515581599286055 ) ) ;
#548 = ORIENTED_EDGE ( 'NONE', *, *, #1949, .F. ) ;
#549 = AXIS2_PLACEMENT_3D ( 'NONE', #205, #1547, #1005 ) ;
#550 = CARTESIAN_POINT ( 'NONE',  ( -54.51494277616077255, 3.000000000000000000, 74.36283352038542205 ) ) ;
#551 = CIRCLE ( 'NONE', #982, 28.00000000000000000 ) ;
#552 = AXIS2_PLACEMENT_3D ( 'NONE', #1514, #699, #665 ) ;
#553 = EDGE_LOOP ( 'NONE', ( #1111, #657, #1738, #636 ) ) ;
#554 = DIRECTION ( 'NONE',  ( 0.000000000000000000, 1.000000000000000000, 0.000000000000000000 ) ) ;
#555 = EDGE_LOOP ( 'NONE', ( #545, #939 ) ) ;
#556 = EDGE_CURVE ( 'NONE', #1076, #1893, #764, .T. ) ;
#557 = CARTESIAN_POINT ( 'NONE',  ( -79.86573366723315814, 19.00000000000000000, 12.38266195396899505 ) ) ;
#558 = EDGE_CURVE ( 'NONE', #452, #2007, #1897, .T. ) ;
#559 = ORIENTED_EDGE ( 'NONE', *, *, #343, .F. ) ;
#560 = DIRECTION ( 'NONE',  ( 0.000000000000000000, -0.000000000000000000, -1.000000000000000000 ) ) ;
#561 = DIRECTION ( 'NONE',  ( -0.000000000000000000, -1.000000000000000000, -0.000000000000000000 ) ) ;
#562 = CARTESIAN_POINT ( 'NONE',  ( 77.71257853069131727, 30.00000000000000000, -30.67824137447134447 ) ) ;
#563 = VERTEX_POINT ( 'NONE', #1916 ) ;
#564 = CARTESIAN_POINT ( 'NONE',  ( -0.1322259682266868908, 30.00000000000000000, -1.440515581599286055 ) ) ;
#565 = DIRECTION ( 'NONE',  ( 0.000000000000000000, 0.000000000000000000, 1.000000000000000000 ) ) ;
#566 = ORIENTED_EDGE ( 'NONE', *, *, #1878, .F. ) ;
#567 = AXIS2_PLACEMENT_3D ( 'NONE', #697, #1475, #973 ) ;
#568 = EDGE_CURVE ( 'NONE', #1787, #712, #1001, .T. ) ;
#569 = FACE_OUTER_BOUND ( 'NONE', #1771, .T. ) ;
#570 = VERTEX_POINT ( 'NONE', #1452 ) ;
#571 = AXIS2_PLACEMENT_3D ( 'NONE', #986, #172, #675 ) ;
#572 = EDGE_CURVE ( 'NONE', #1856, #2035, #156, .T. ) ;
#573 = DIRECTION ( 'NONE',  ( 0.000000000000000000, -1.000000000000000000, 0.000000000000000000 ) ) ;
#574 = PRODUCT ( 'gearbox plate current', 'gearbox plate current', '', ( #940 ) ) ;
#575 = DIRECTION ( 'NONE',  ( -0.000000000000000000, -1.000000000000000000, -0.000000000000000000 ) ) ;
#576 = EDGE_LOOP ( 'NONE', ( #1668, #1242, #759, #1974 ) ) ;
#577 = FACE_BOUND ( 'NONE', #1942, .T. ) ;
#578 = DIRECTION ( 'NONE',  ( 0.9958136670710467930, -0.000000000000000000, -0.09140645750992840157 ) ) ;
#579 = ORIENTED_EDGE ( 'NONE', *, *, #287, .T. ) ;
#580 =( NAMED_UNIT ( * ) PLANE_ANGLE_UNIT ( ) SI_UNIT ( $, .RADIAN. ) );
#581 = AXIS2_PLACEMENT_3D ( 'NONE', #1095, #1142, #164 ) ;
#582 = CARTESIAN_POINT ( 'NONE',  ( -42.52115167486267922, 15.00000000000000000, -25.70557671759011953 ) ) ;
#583 = EDGE_CURVE ( 'NONE', #1799, #1639, #1963, .T. ) ;
#584 = CIRCLE ( 'NONE', #422, 2.999999999999999112 ) ;
#585 = DIRECTION ( 'NONE',  ( 0.000000000000000000, 0.000000000000000000, -1.000000000000000000 ) ) ;
#586 = EDGE_LOOP ( 'NONE', ( #661, #1436, #902, #1231 ) ) ;
#587 = DIRECTION ( 'NONE',  ( 0.000000000000000000, -1.000000000000000000, 0.000000000000000000 ) ) ;
#588 = VERTEX_POINT ( 'NONE', #1593 ) ;
#589 = DIRECTION ( 'NONE',  ( 0.000000000000000000, 0.000000000000000000, -1.000000000000000000 ) ) ;
#590 = VERTEX_POINT ( 'NONE', #1616 ) ;
#591 = SHAPE_DEFINITION_REPRESENTATION ( #1749, #1234 ) ;
#592 = VECTOR ( 'NONE', #1194, 1000.000000000000000 ) ;
#593 = DIRECTION ( 'NONE',  ( 0.000000000000000000, 1.000000000000000000, 0.000000000000000000 ) ) ;
#594 = ADVANCED_FACE ( 'NONE', ( #773 ), #2085, .F. ) ;
#595 = PRODUCT_RELATED_PRODUCT_CATEGORY ( 'part', '', ( #574 ) ) ;
#596 = DIRECTION ( 'NONE',  ( 0.000000000000000000, 0.000000000000000000, 1.000000000000000000 ) ) ;
#597 = DIRECTION ( 'NONE',  ( 0.000000000000000000, 0.000000000000000000, 1.000000000000000000 ) ) ;
#598 = VERTEX_POINT ( 'NONE', #792 ) ;
#599 = CIRCLE ( 'NONE', #189, 5.500000000000005329 ) ;
#600 = CARTESIAN_POINT ( 'NONE',  ( 67.13962814350176700, 3.000000000000000000, 30.48677163014986746 ) ) ;
#601 = EDGE_LOOP ( 'NONE', ( #1686, #2022 ) ) ;
#602 = DIRECTION ( 'NONE',  ( -0.000000000000000000, 1.000000000000000000, -0.000000000000000000 ) ) ;
#603 = CIRCLE ( 'NONE', #1867, 32.45000000000000284 ) ;
#604 = DIRECTION ( 'NONE',  ( -0.000000000000000000, 1.000000000000000000, -0.000000000000000000 ) ) ;
#605 = CARTESIAN_POINT ( 'NONE',  ( 86.29694525319176535, 19.00000000000000000, 64.93717918086390739 ) ) ;
#606 = ORIENTED_EDGE ( 'NONE', *, *, #421, .T. ) ;
#607 = CARTESIAN_POINT ( 'NONE',  ( 86.29694525319176535, 19.00000000000000000, 59.43717918086390029 ) ) ;
#608 = DIRECTION ( 'NONE',  ( 0.000000000000000000, 1.000000000000000000, 0.000000000000000000 ) ) ;
#609 = EDGE_CURVE ( 'NONE', #2004, #170, #666, .T. ) ;
#610 = ORIENTED_EDGE ( 'NONE', *, *, #1170, .F. ) ;
#611 = CARTESIAN_POINT ( 'NONE',  ( -47.10911626234762650, 30.00000000000000000, -27.96823469164829490 ) ) ;
#612 = DIRECTION ( 'NONE',  ( 0.000000000000000000, 1.000000000000000000, 0.000000000000000000 ) ) ;
#613 = CARTESIAN_POINT ( 'NONE',  ( -54.51494277616077255, 3.000000000000000000, 45.36283352038542205 ) ) ;
#614 = CIRCLE ( 'NONE', #1260, 10.00000000000000178 ) ;
#615 = AXIS2_PLACEMENT_3D ( 'NONE', #1154, #988, #808 ) ;
#616 = CARTESIAN_POINT ( 'NONE',  ( -46.23099870853648952, 15.00000000000000000, -66.05069839457640057 ) ) ;
#617 = DIRECTION ( 'NONE',  ( 0.000000000000000000, 0.000000000000000000, 1.000000000000000000 ) ) ;
#618 = AXIS2_PLACEMENT_3D ( 'NONE', #1970, #1331, #1959 ) ;
#619 = ORIENTED_EDGE ( 'NONE', *, *, #1619, .F. ) ;
#620 = EDGE_CURVE ( 'NONE', #540, #588, #653, .T. ) ;
#621 = FACE_OUTER_BOUND ( 'NONE', #28, .T. ) ;
#622 = DIRECTION ( 'NONE',  ( 0.000000000000000000, 0.000000000000000000, 1.000000000000000000 ) ) ;
#623 = DIRECTION ( 'NONE',  ( 0.000000000000000000, -1.000000000000000000, 0.000000000000000000 ) ) ;
#624 = EDGE_LOOP ( 'NONE', ( #2093, #908, #1508, #12 ) ) ;
#625 = DIRECTION ( 'NONE',  ( 0.000000000000000000, -0.000000000000000000, 1.000000000000000000 ) ) ;
#626 = CARTESIAN_POINT ( 'NONE',  ( 86.29694525319176535, 19.00000000000000000, 64.93717918086390739 ) ) ;
#627 = ORIENTED_EDGE ( 'NONE', *, *, #56, .T. ) ;
#628 = EDGE_CURVE ( 'NONE', #945, #1710, #297, .T. ) ;
#629 = LINE ( 'NONE', #611, #1317 ) ;
#630 = LINE ( 'NONE', #942, #402 ) ;
#631 = EDGE_CURVE ( 'NONE', #1408, #411, #477, .T. ) ;
#632 = VECTOR ( 'NONE', #1866, 1000.000000000000000 ) ;
#633 = CYLINDRICAL_SURFACE ( 'NONE', #1674, 32.45000000000000284 ) ;
#634 = CIRCLE ( 'NONE', #900, 47.50000000000000000 ) ;
#635 = VECTOR ( 'NONE', #109, 1000.000000000000000 ) ;
#636 = ORIENTED_EDGE ( 'NONE', *, *, #91, .F. ) ;
#637 = DIRECTION ( 'NONE',  ( 0.000000000000000000, 1.000000000000000000, 0.000000000000000000 ) ) ;
#638 = DIRECTION ( 'NONE',  ( -0.000000000000000000, -1.000000000000000000, -0.000000000000000000 ) ) ;
#639 = DIRECTION ( 'NONE',  ( 0.000000000000000000, 0.000000000000000000, 1.000000000000000000 ) ) ;
#640 = DIRECTION ( 'NONE',  ( 0.000000000000000000, -0.000000000000000000, 1.000000000000000000 ) ) ;
#641 = ORIENTED_EDGE ( 'NONE', *, *, #1770, .F. ) ;
#642 = DIRECTION ( 'NONE',  ( 0.000000000000000000, 1.000000000000000000, 0.000000000000000000 ) ) ;
#643 = ORIENTED_EDGE ( 'NONE', *, *, #113, .F. ) ;
#644 = LINE ( 'NONE', #1747, #1631 ) ;
#645 = CARTESIAN_POINT ( 'NONE',  ( 77.71257853069131727, 30.00000000000000000, -30.67824137447134447 ) ) ;
#646 = AXIS2_PLACEMENT_3D ( 'NONE', #360, #1305, #1955 ) ;
#647 = EDGE_LOOP ( 'NONE', ( #294, #1092 ) ) ;
#648 = CARTESIAN_POINT ( 'NONE',  ( 87.39382274331089206, 0.000000000000000000, 76.88694318571647557 ) ) ;
#649 = FACE_OUTER_BOUND ( 'NONE', #957, .T. ) ;
#650 = CARTESIAN_POINT ( 'NONE',  ( -0.1322259682266868908, 3.000000000000000000, -1.440515581599286055 ) ) ;
#651 = ORIENTED_EDGE ( 'NONE', *, *, #177, .F. ) ;
#652 = CIRCLE ( 'NONE', #916, 2.999999999999999112 ) ;
#653 = LINE ( 'NONE', #1422, #1388 ) ;
#654 = VERTEX_POINT ( 'NONE', #1944 ) ;
#655 = CARTESIAN_POINT ( 'NONE',  ( 40.31514176767326063, 30.00000000000000000, -32.75652680656293114 ) ) ;
#656 = EDGE_CURVE ( 'NONE', #237, #347, #1957, .T. ) ;
#657 = ORIENTED_EDGE ( 'NONE', *, *, #558, .T. ) ;
#658 = FACE_OUTER_BOUND ( 'NONE', #1559, .T. ) ;
#659 = DIRECTION ( 'NONE',  ( 0.000000000000000000, 1.000000000000000000, 0.000000000000000000 ) ) ;
#660 = DIRECTION ( 'NONE',  ( -0.000000000000000000, 1.000000000000000000, -0.000000000000000000 ) ) ;
#661 = ORIENTED_EDGE ( 'NONE', *, *, #1031, .F. ) ;
#662 = DIRECTION ( 'NONE',  ( -0.000000000000000000, 1.000000000000000000, -0.000000000000000000 ) ) ;
#663 = ORIENTED_EDGE ( 'NONE', *, *, #2108, .T. ) ;
#664 = AXIS2_PLACEMENT_3D ( 'NONE', #38, #855, #390 ) ;
#665 = DIRECTION ( 'NONE',  ( 0.000000000000000000, 0.000000000000000000, 1.000000000000000000 ) ) ;
#666 = CIRCLE ( 'NONE', #1759, 5.500000000000005329 ) ;
#667 = VECTOR ( 'NONE', #1303, 1000.000000000000000 ) ;
#668 = ORIENTED_EDGE ( 'NONE', *, *, #960, .T. ) ;
#669 = DIRECTION ( 'NONE',  ( 0.000000000000000000, 0.000000000000000000, 1.000000000000000000 ) ) ;
#670 = PLANE ( 'NONE',  #257 ) ;
#671 = CARTESIAN_POINT ( 'NONE',  ( -0.1322259682266868908, 0.000000000000000000, -29.44051558159928561 ) ) ;
#672 = AXIS2_PLACEMENT_3D ( 'NONE', #1437, #2089, #625 ) ;
#673 = ORIENTED_EDGE ( 'NONE', *, *, #224, .T. ) ;
#674 = EDGE_CURVE ( 'NONE', #1625, #1390, #629, .T. ) ;
#675 = DIRECTION ( 'NONE',  ( 0.000000000000000000, 0.000000000000000000, -1.000000000000000000 ) ) ;
#676 = ORIENTED_EDGE ( 'NONE', *, *, #1783, .F. ) ;
#677 = CARTESIAN_POINT ( 'NONE',  ( -0.1322259682266868908, 3.000000000000000000, -39.94051558159928561 ) ) ;
#678 = LINE ( 'NONE', #1984, #4 ) ;
#679 = ORIENTED_EDGE ( 'NONE', *, *, #780, .T. ) ;
#680 = DIRECTION ( 'NONE',  ( 0.000000000000000000, -0.000000000000000000, 1.000000000000000000 ) ) ;
#681 = CARTESIAN_POINT ( 'NONE',  ( 77.71257853069131727, 19.00000000000000000, -25.17824137447134092 ) ) ;
#682 = CARTESIAN_POINT ( 'NONE',  ( -79.86573366723315814, 19.00000000000000000, 6.882661953968992385 ) ) ;
#683 = ORIENTED_EDGE ( 'NONE', *, *, #1525, .T. ) ;
#684 = AXIS2_PLACEMENT_3D ( 'NONE', #1898, #637, #596 ) ;
#685 = DIRECTION ( 'NONE',  ( 0.000000000000000000, 1.000000000000000000, 0.000000000000000000 ) ) ;
#686 = ORIENTED_EDGE ( 'NONE', *, *, #1978, .F. ) ;
#687 = ADVANCED_FACE ( 'NONE', ( #621 ), #1129, .T. ) ;
#688 = AXIS2_PLACEMENT_3D ( 'NONE', #256, #1544, #1533 ) ;
#689 = CARTESIAN_POINT ( 'NONE',  ( -86.26800445965626807, 30.00000000000000000, -3.266768015269956749 ) ) ;
#690 = CARTESIAN_POINT ( 'NONE',  ( 87.39382274331089206, 30.00000000000000000, 76.88694318571647557 ) ) ;
#691 = AXIS2_PLACEMENT_3D ( 'NONE', #1715, #593, #913 ) ;
#692 = ORIENTED_EDGE ( 'NONE', *, *, #210, .F. ) ;
#693 = CARTESIAN_POINT ( 'NONE',  ( -0.1322259682266868908, 3.000000000000000000, -1.440515581599286055 ) ) ;
#694 = FACE_OUTER_BOUND ( 'NONE', #92, .T. ) ;
#695 = CIRCLE ( 'NONE', #52, 5.500000000000005329 ) ;
#696 = EDGE_LOOP ( 'NONE', ( #872, #1950, #961, #505 ) ) ;
#697 = CARTESIAN_POINT ( 'NONE',  ( -73.03324147817575351, 19.00000000000000000, 79.56221238245245786 ) ) ;
#698 = ORIENTED_EDGE ( 'NONE', *, *, #529, .T. ) ;
#699 = DIRECTION ( 'NONE',  ( 0.000000000000000000, 1.000000000000000000, 0.000000000000000000 ) ) ;
#700 = PLANE ( 'NONE',  #1016 ) ;
#701 = ADVANCED_FACE ( 'NONE', ( #1766 ), #307, .F. ) ;
#702 = AXIS2_PLACEMENT_3D ( 'NONE', #546, #1850, #1030 ) ;
#703 = ORIENTED_EDGE ( 'NONE', *, *, #631, .F. ) ;
#704 = DIRECTION ( 'NONE',  ( 0.000000000000000000, -0.000000000000000000, 1.000000000000000000 ) ) ;
#705 = AXIS2_PLACEMENT_3D ( 'NONE', #1236, #245, #1553 ) ;
#706 = VERTEX_POINT ( 'NONE', #1777 ) ;
#707 = MECHANICAL_DESIGN_GEOMETRIC_PRESENTATION_REPRESENTATION (  '', ( #371 ), #1003 ) ;
#708 = VERTEX_POINT ( 'NONE', #340 ) ;
#709 = DIRECTION ( 'NONE',  ( 0.000000000000000000, 0.000000000000000000, -1.000000000000000000 ) ) ;
#710 = DIRECTION ( 'NONE',  ( 0.000000000000000000, 0.000000000000000000, 1.000000000000000000 ) ) ;
#711 = EDGE_CURVE ( 'NONE', #1293, #2012, #469, .T. ) ;
#712 = VERTEX_POINT ( 'NONE', #7 ) ;
#713 = CARTESIAN_POINT ( 'NONE',  ( -0.1322259682266868908, 30.00000000000000000, -1.440515581599286055 ) ) ;
#714 = ADVANCED_FACE ( 'NONE', ( #1572 ), #495, .T. ) ;
#715 = ORIENTED_EDGE ( 'NONE', *, *, #898, .F. ) ;
#716 = VERTEX_POINT ( 'NONE', #17 ) ;
#717 = VECTOR ( 'NONE', #788, 1000.000000000000000 ) ;
#718 = CARTESIAN_POINT ( 'NONE',  ( -79.86573366723315814, 0.000000000000000000, 6.882661953968992385 ) ) ;
#719 = AXIS2_PLACEMENT_3D ( 'NONE', #922, #612, #2097 ) ;
#720 = PLANE ( 'NONE',  #194 ) ;
#721 = CIRCLE ( 'NONE', #250, 8.000000000000010658 ) ;
#722 = ORIENTED_EDGE ( 'NONE', *, *, #1982, .T. ) ;
#723 = LINE ( 'NONE', #1377, #1271 ) ;
#724 = EDGE_CURVE ( 'NONE', #945, #867, #929, .T. ) ;
#725 = LINE ( 'NONE', #1217, #2054 ) ;
#726 = EDGE_LOOP ( 'NONE', ( #474, #335, #1400, #1484 ) ) ;
#727 = EDGE_CURVE ( 'NONE', #728, #201, #26, .T. ) ;
#728 = VERTEX_POINT ( 'NONE', #1318 ) ;
#729 = FACE_BOUND ( 'NONE', #55, .T. ) ;
#730 = CARTESIAN_POINT ( 'NONE',  ( -79.86573366723315814, 19.00000000000000000, 1.382661953968989277 ) ) ;
#731 = DIRECTION ( 'NONE',  ( 0.000000000000000000, 0.000000000000000000, 1.000000000000000000 ) ) ;
#732 = LINE ( 'NONE', #1067, #270 ) ;
#733 = AXIS2_PLACEMENT_3D ( 'NONE', #1140, #124, #1378 ) ;
#734 = FACE_OUTER_BOUND ( 'NONE', #5, .T. ) ;
#735 = ADVANCED_FACE ( 'NONE', ( #1485 ), #1650, .F. ) ;
#736 = CIRCLE ( 'NONE', #96, 9.499999999999994671 ) ;
#737 = ORIENTED_EDGE ( 'NONE', *, *, #468, .T. ) ;
#738 = VECTOR ( 'NONE', #129, 1000.000000000000000 ) ;
#739 =( LENGTH_UNIT ( ) NAMED_UNIT ( * ) SI_UNIT ( .MILLI., .METRE. ) );
#740 = DIRECTION ( 'NONE',  ( 0.000000000000000000, 0.000000000000000000, -1.000000000000000000 ) ) ;
#741 = ORIENTED_EDGE ( 'NONE', *, *, #921, .F. ) ;
#742 = CARTESIAN_POINT ( 'NONE',  ( 98.24887282260867494, 30.00000000000000000, 63.86413334055135493 ) ) ;
#743 = ORIENTED_EDGE ( 'NONE', *, *, #1911, .T. ) ;
#744 = CARTESIAN_POINT ( 'NONE',  ( -54.51494277616077255, 3.000000000000000000, 80.36283352038542205 ) ) ;
#745 = CARTESIAN_POINT ( 'NONE',  ( 61.64208202904985967, 30.00000000000000000, -34.70311886489452036 ) ) ;
#746 = VERTEX_POINT ( 'NONE', #1968 ) ;
#747 = ADVANCED_FACE ( 'NONE', ( #1340 ), #1069, .F. ) ;
#748 = DIRECTION ( 'NONE',  ( 0.000000000000000000, 0.000000000000000000, 1.000000000000000000 ) ) ;
#749 = AXIS2_PLACEMENT_3D ( 'NONE', #650, #1161, #1817 ) ;
#750 = CARTESIAN_POINT ( 'NONE',  ( 61.64208202904985967, 30.00000000000000000, -34.70311886489452036 ) ) ;
#751 = EDGE_CURVE ( 'NONE', #540, #237, #868, .T. ) ;
#752 = AXIS2_PLACEMENT_3D ( 'NONE', #1679, #818, #1487 ) ;
#753 = DIRECTION ( 'NONE',  ( 0.000000000000000000, 1.000000000000000000, 0.000000000000000000 ) ) ;
#754 = ORIENTED_EDGE ( 'NONE', *, *, #1149, .F. ) ;
#755 = DIRECTION ( 'NONE',  ( -0.000000000000000000, -1.000000000000000000, -0.000000000000000000 ) ) ;
#756 = CARTESIAN_POINT ( 'NONE',  ( 39.70032071461519507, 30.00000000000000000, -5.096773881996202071 ) ) ;
#757 = ADVANCED_FACE ( 'NONE', ( #1391 ), #1497, .F. ) ;
#758 = DIRECTION ( 'NONE',  ( 0.000000000000000000, 0.000000000000000000, -1.000000000000000000 ) ) ;
#759 = ORIENTED_EDGE ( 'NONE', *, *, #458, .T. ) ;
#760 = CARTESIAN_POINT ( 'NONE',  ( 77.71257853069131727, 0.000000000000000000, -30.67824137447134447 ) ) ;
#761 = ORIENTED_EDGE ( 'NONE', *, *, #628, .T. ) ;
#762 = AXIS2_PLACEMENT_3D ( 'NONE', #1659, #1028, #833 ) ;
#763 = ORIENTED_EDGE ( 'NONE', *, *, #421, .F. ) ;
#764 = LINE ( 'NONE', #1274, #1281 ) ;
#765 = VECTOR ( 'NONE', #1268, 1000.000000000000000 ) ;
#766 = CARTESIAN_POINT ( 'NONE',  ( 77.71257853069131727, 30.00000000000000000, -30.67824137447134447 ) ) ;
#767 = DIRECTION ( 'NONE',  ( 0.9956102798422391542, 0.000000000000000000, -0.09359578341174566718 ) ) ;
#768 = VERTEX_POINT ( 'NONE', #1872 ) ;
#769 = CARTESIAN_POINT ( 'NONE',  ( -0.1322259682266868908, 15.00000000000000000, -48.94051558159928561 ) ) ;
#770 = CARTESIAN_POINT ( 'NONE',  ( -0.1322259682266829217, 13.50000000000019895, -33.89051558159928845 ) ) ;
#771 = ADVANCED_FACE ( 'NONE', ( #577, #184 ), #252, .F. ) ;
#772 = EDGE_LOOP ( 'NONE', ( #1676, #1441, #840, #117 ) ) ;
#773 = FACE_OUTER_BOUND ( 'NONE', #1752, .T. ) ;
#774 = CYLINDRICAL_SURFACE ( 'NONE', #1688, 5.500000000000005329 ) ;
#775 = DIRECTION ( 'NONE',  ( -0.000000000000000000, -1.000000000000000000, -0.000000000000000000 ) ) ;
#776 = PLANE ( 'NONE',  #672 ) ;
#777 = DIRECTION ( 'NONE',  ( 0.000000000000000000, 1.000000000000000000, 0.000000000000000000 ) ) ;
#778 = EDGE_CURVE ( 'NONE', #1383, #262, #1007, .T. ) ;
#779 = ORIENTED_EDGE ( 'NONE', *, *, #838, .T. ) ;
#780 = EDGE_CURVE ( 'NONE', #716, #221, #1764, .T. ) ;
#781 = DIRECTION ( 'NONE',  ( -0.000000000000000000, -1.000000000000000000, -0.000000000000000000 ) ) ;
#782 = CARTESIAN_POINT ( 'NONE',  ( 67.13962814350176700, 3.000000000000000000, 30.48677163014986746 ) ) ;
#783 = FACE_OUTER_BOUND ( 'NONE', #1750, .T. ) ;
#784 = CIRCLE ( 'NONE', #144, 11.49999999999999645 ) ;
#785 = ORIENTED_EDGE ( 'NONE', *, *, #78, .F. ) ;
#786 = DIRECTION ( 'NONE',  ( 0.09359578341174565330, 0.000000000000000000, 0.9956102798422390432 ) ) ;
#787 = CARTESIAN_POINT ( 'NONE',  ( 86.29694525319176535, 30.00000000000000000, 64.93717918086390739 ) ) ;
#788 = DIRECTION ( 'NONE',  ( -0.000000000000000000, -1.000000000000000000, -0.000000000000000000 ) ) ;
#789 = ORIENTED_EDGE ( 'NONE', *, *, #1352, .T. ) ;
#790 = CIRCLE ( 'NONE', #333, 44.50000000000000711 ) ;
#791 = ADVANCED_FACE ( 'NONE', ( #1329, #1980, #1164, #2046, #1819 ), #362, .T. ) ;
#792 = CARTESIAN_POINT ( 'NONE',  ( 67.13962814350176700, 3.000000000000000000, 22.48677163014985680 ) ) ;
#793 = ORIENTED_EDGE ( 'NONE', *, *, #516, .F. ) ;
#794 = AXIS2_PLACEMENT_3D ( 'NONE', #1935, #1283, #804 ) ;
#795 = FACE_OUTER_BOUND ( 'NONE', #377, .T. ) ;
#796 = VECTOR ( 'NONE', #1579, 1000.000000000000114 ) ;
#797 = ORIENTED_EDGE ( 'NONE', *, *, #1068, .T. ) ;
#798 = LINE ( 'NONE', #191, #271 ) ;
#799 = CARTESIAN_POINT ( 'NONE',  ( 67.13962814350176700, 3.000000000000000000, 30.48677163014986746 ) ) ;
#800 = DIRECTION ( 'NONE',  ( -0.000000000000000000, -1.000000000000000000, -0.000000000000000000 ) ) ;
#801 = CARTESIAN_POINT ( 'NONE',  ( -71.93636398805661258, 30.00000000000000000, 91.51197638730501183 ) ) ;
#802 = VERTEX_POINT ( 'NONE', #888 ) ;
#803 = UNCERTAINTY_MEASURE_WITH_UNIT (LENGTH_MEASURE( 1.000000000000000082E-05 ), #1803, 'distance_accuracy_value', 'NONE');
#804 = DIRECTION ( 'NONE',  ( 0.000000000000000000, 0.000000000000000000, -1.000000000000000000 ) ) ;
#805 = ORIENTED_EDGE ( 'NONE', *, *, #1326, .T. ) ;
#806 = FACE_OUTER_BOUND ( 'NONE', #1780, .T. ) ;
#807 = EDGE_CURVE ( 'NONE', #170, #2004, #1582, .T. ) ;
#808 = DIRECTION ( 'NONE',  ( 0.000000000000000000, 0.000000000000000000, 1.000000000000000000 ) ) ;
#809 = EDGE_CURVE ( 'NONE', #867, #1461, #523, .T. ) ;
#810 = APPLICATION_CONTEXT ( 'automotive_design' ) ;
#811 = AXIS2_PLACEMENT_3D ( 'NONE', #1518, #413, #1047 ) ;
#812 = ORIENTED_EDGE ( 'NONE', *, *, #176, .T. ) ;
#813 = DIRECTION ( 'NONE',  ( 0.000000000000000000, 1.000000000000000000, 0.000000000000000000 ) ) ;
#814 = AXIS2_PLACEMENT_3D ( 'NONE', #1413, #1253, #356 ) ;
#815 = EDGE_LOOP ( 'NONE', ( #566, #785, #997, #679 ) ) ;
#816 = AXIS2_PLACEMENT_3D ( 'NONE', #689, #827, #979 ) ;
#817 = ORIENTED_EDGE ( 'NONE', *, *, #1287, .T. ) ;
#818 = DIRECTION ( 'NONE',  ( -0.000000000000000000, -1.000000000000000000, 0.000000000000000000 ) ) ;
#819 = LINE ( 'NONE', #1477, #1986 ) ;
#820 = ADVANCED_FACE ( 'NONE', ( #1832 ), #1880, .F. ) ;
#821 = DIRECTION ( 'NONE',  ( 0.000000000000000000, -1.000000000000000000, 0.000000000000000000 ) ) ;
#822 = VERTEX_POINT ( 'NONE', #212 ) ;
#823 = LINE ( 'NONE', #1324, #1604 ) ;
#824 = VERTEX_POINT ( 'NONE', #1899 ) ;
#825 = ORIENTED_EDGE ( 'NONE', *, *, #1793, .T. ) ;
#826 = AXIS2_PLACEMENT_3D ( 'NONE', #869, #1531, #1252 ) ;
#827 = DIRECTION ( 'NONE',  ( 0.5335225660352601595, -0.000000000000000000, 0.8457858307699127609 ) ) ;
#828 = FACE_OUTER_BOUND ( 'NONE', #555, .T. ) ;
#829 = VECTOR ( 'NONE', #781, 1000.000000000000000 ) ;
#830 = AXIS2_PLACEMENT_3D ( 'NONE', #1058, #253, #1246 ) ;
#831 = ORIENTED_EDGE ( 'NONE', *, *, #343, .T. ) ;
#832 = DIRECTION ( 'NONE',  ( 0.000000000000000000, 0.000000000000000000, 1.000000000000000000 ) ) ;
#833 = DIRECTION ( 'NONE',  ( 0.000000000000000000, 0.000000000000000000, -1.000000000000000000 ) ) ;
#834 = AXIS2_PLACEMENT_3D ( 'NONE', #414, #1709, #1993 ) ;
#835 = EDGE_CURVE ( 'NONE', #728, #2003, #1891, .T. ) ;
#836 = AXIS2_PLACEMENT_3D ( 'NONE', #1654, #376, #710 ) ;
#837 = VERTEX_POINT ( 'NONE', #607 ) ;
#838 = EDGE_CURVE ( 'NONE', #824, #59, #1399, .T. ) ;
#839 = DIRECTION ( 'NONE',  ( 0.000000000000000000, -0.000000000000000000, 1.000000000000000000 ) ) ;
#840 = ORIENTED_EDGE ( 'NONE', *, *, #656, .T. ) ;
#841 = CARTESIAN_POINT ( 'NONE',  ( -0.1322259682266868908, 3.000000000000000000, -1.440515581599286055 ) ) ;
#842 = DIRECTION ( 'NONE',  ( -0.9958136670710469041, 0.000000000000000000, 0.09140645750992841545 ) ) ;
#843 = ORIENTED_EDGE ( 'NONE', *, *, #472, .F. ) ;
#844 = CARTESIAN_POINT ( 'NONE',  ( 89.66450610010822686, 30.00000000000000000, -31.75128721478390048 ) ) ;
#845 = VECTOR ( 'NONE', #1416, 1000.000000000000000 ) ;
#846 = CARTESIAN_POINT ( 'NONE',  ( -54.51494277616077255, 0.000000000000000000, 62.86283352038542205 ) ) ;
#847 = ORIENTED_EDGE ( 'NONE', *, *, #848, .T. ) ;
#848 = EDGE_CURVE ( 'NONE', #891, #974, #1655, .T. ) ;
#849 = VECTOR ( 'NONE', #1012, 1000.000000000000000 ) ;
#850 = DIRECTION ( 'NONE',  ( 0.000000000000000000, 1.000000000000000000, 0.000000000000000000 ) ) ;
#851 = EDGE_LOOP ( 'NONE', ( #1219, #779, #737, #1656 ) ) ;
#852 = DIRECTION ( 'NONE',  ( 0.000000000000000000, 0.000000000000000000, 1.000000000000000000 ) ) ;
#853 = ORIENTED_EDGE ( 'NONE', *, *, #1860, .F. ) ;
#854 = DIRECTION ( 'NONE',  ( 0.000000000000000000, -1.000000000000000000, 0.000000000000000000 ) ) ;
#855 = DIRECTION ( 'NONE',  ( 0.000000000000000000, -1.000000000000000000, 0.000000000000000000 ) ) ;
#856 = CARTESIAN_POINT ( 'NONE',  ( -86.26800445965626807, 15.00000000000000000, -3.266768015269956749 ) ) ;
#857 = ORIENTED_EDGE ( 'NONE', *, *, #1732, .T. ) ;
#858 = FACE_OUTER_BOUND ( 'NONE', #483, .T. ) ;
#859 = DIRECTION ( 'NONE',  ( -0.000000000000000000, -1.000000000000000000, -0.000000000000000000 ) ) ;
#860 = EDGE_LOOP ( 'NONE', ( #1147, #81 ) ) ;
#861 = EDGE_CURVE ( 'NONE', #237, #540, #197, .T. ) ;
#862 = DIRECTION ( 'NONE',  ( 0.000000000000000000, 0.000000000000000000, 1.000000000000000000 ) ) ;
#863 = VECTOR ( 'NONE', #1919, 1000.000000000000000 ) ;
#864 = EDGE_CURVE ( 'NONE', #2035, #1193, #2061, .T. ) ;
#865 = ORIENTED_EDGE ( 'NONE', *, *, #711, .T. ) ;
#866 = PLANE ( 'NONE',  #1440 ) ;
#867 = VERTEX_POINT ( 'NONE', #119 ) ;
#868 = CIRCLE ( 'NONE', #1041, 5.500000000000005329 ) ;
#869 = CARTESIAN_POINT ( 'NONE',  ( 33.43409465714728412, 15.00000000000000000, -73.36321499537024238 ) ) ;
#870 = CIRCLE ( 'NONE', #930, 14.00000000000000178 ) ;
#871 = CARTESIAN_POINT ( 'NONE',  ( -0.1322259682266868908, 0.000000000000000000, -45.94051558159929272 ) ) ;
#872 = ORIENTED_EDGE ( 'NONE', *, *, #66, .F. ) ;
#873 = DIRECTION ( 'NONE',  ( 0.000000000000000000, 0.000000000000000000, -1.000000000000000000 ) ) ;
#874 = CYLINDRICAL_SURFACE ( 'NONE', #106, 2.999999999999999112 ) ;
#875 = EDGE_CURVE ( 'NONE', #221, #768, #1557, .T. ) ;
#876 = ORIENTED_EDGE ( 'NONE', *, *, #780, .F. ) ;
#877 = DIRECTION ( 'NONE',  ( -0.000000000000000000, -1.000000000000000000, -0.000000000000000000 ) ) ;
#878 = CYLINDRICAL_SURFACE ( 'NONE', #890, 28.00000000000000000 ) ;
#879 = ORIENTED_EDGE ( 'NONE', *, *, #1614, .F. ) ;
#880 = EDGE_LOOP ( 'NONE', ( #1182, #1449, #1239, #1185 ) ) ;
#881 = FACE_OUTER_BOUND ( 'NONE', #1498, .T. ) ;
#882 = CARTESIAN_POINT ( 'NONE',  ( 98.24887282260867494, 0.000000000000000000, 63.86413334055135493 ) ) ;
#883 = AXIS2_PLACEMENT_3D ( 'NONE', #408, #1034, #1384 ) ;
#884 = VERTEX_POINT ( 'NONE', #441 ) ;
#885 = DIRECTION ( 'NONE',  ( 0.000000000000000000, 0.000000000000000000, 1.000000000000000000 ) ) ;
#886 = EDGE_CURVE ( 'NONE', #286, #1341, #1321, .T. ) ;
#887 = CARTESIAN_POINT ( 'NONE',  ( -54.51494277616077255, 3.000000000000000000, 45.36283352038542205 ) ) ;
#888 = CARTESIAN_POINT ( 'NONE',  ( 77.71257853069131727, 30.00000000000000000, -42.67824137447135513 ) ) ;
#889 = DIRECTION ( 'NONE',  ( 0.000000000000000000, 0.000000000000000000, -1.000000000000000000 ) ) ;
#890 = AXIS2_PLACEMENT_3D ( 'NONE', #713, #219, #1683 ) ;
#891 = VERTEX_POINT ( 'NONE', #1245 ) ;
#892 = LINE ( 'NONE', #550, #1435 ) ;
#893 = DIRECTION ( 'NONE',  ( 2.312964634635743450E-15, 0.000000000000000000, 1.000000000000000000 ) ) ;
#894 = DIRECTION ( 'NONE',  ( 0.000000000000000000, 0.000000000000000000, 1.000000000000000000 ) ) ;
#895 = ORIENTED_EDGE ( 'NONE', *, *, #1022, .F. ) ;
#896 = DIRECTION ( 'NONE',  ( 0.000000000000000000, 0.000000000000000000, 1.000000000000000000 ) ) ;
#897 = VERTEX_POINT ( 'NONE', #2070 ) ;
#898 = EDGE_CURVE ( 'NONE', #2105, #486, #462, .T. ) ;
#899 = AXIS2_PLACEMENT_3D ( 'NONE', #95, #2051, #1044 ) ;
#900 = AXIS2_PLACEMENT_3D ( 'NONE', #2071, #442, #1580 ) ;
#901 = EDGE_CURVE ( 'NONE', #563, #1818, #372, .T. ) ;
#902 = ORIENTED_EDGE ( 'NONE', *, *, #1732, .F. ) ;
#903 = AXIS2_PLACEMENT_3D ( 'NONE', #1290, #481, #168 ) ;
#904 = CARTESIAN_POINT ( 'NONE',  ( -46.23099870853648952, 15.00000000000000000, -66.05069839457640057 ) ) ;
#905 = DIRECTION ( 'NONE',  ( -0.000000000000000000, -1.000000000000000000, -0.000000000000000000 ) ) ;
#906 = ORIENTED_EDGE ( 'NONE', *, *, #1257, .F. ) ;
#907 = DIRECTION ( 'NONE',  ( 0.000000000000000000, 1.000000000000000000, 0.000000000000000000 ) ) ;
#908 = ORIENTED_EDGE ( 'NONE', *, *, #1853, .F. ) ;
#909 = CYLINDRICAL_SURFACE ( 'NONE', #1711, 32.45000000000000284 ) ;
#910 = ORIENTED_EDGE ( 'NONE', *, *, #923, .F. ) ;
#911 = EDGE_CURVE ( 'NONE', #157, #746, #274, .T. ) ;
#912 = CIRCLE ( 'NONE', #1431, 28.00000000000000000 ) ;
#913 = DIRECTION ( 'NONE',  ( 0.000000000000000000, 0.000000000000000000, 1.000000000000000000 ) ) ;
#914 = CARTESIAN_POINT ( 'NONE',  ( -86.26800445965626807, 0.000000000000000000, -3.266768015269956749 ) ) ;
#915 = DIRECTION ( 'NONE',  ( -0.000000000000000000, -1.000000000000000000, -0.000000000000000000 ) ) ;
#916 = AXIS2_PLACEMENT_3D ( 'NONE', #1665, #211, #223 ) ;
#917 = DIRECTION ( 'NONE',  ( 0.000000000000000000, -1.000000000000000000, 0.000000000000000000 ) ) ;
#918 = VERTEX_POINT ( 'NONE', #1908 ) ;
#919 = APPLICATION_PROTOCOL_DEFINITION ( 'draft international standard', 'automotive_design', 1998, #810 ) ;
#920 = CARTESIAN_POINT ( 'NONE',  ( -25.47454785490154450, 0.000000000000000000, -41.61534254317014359 ) ) ;
#921 = EDGE_CURVE ( 'NONE', #533, #1583, #453, .T. ) ;
#922 = CARTESIAN_POINT ( 'NONE',  ( 86.29694525319176535, 0.000000000000000000, 64.93717918086390739 ) ) ;
#923 = EDGE_CURVE ( 'NONE', #1583, #1893, #1090, .T. ) ;
#924 = VERTEX_POINT ( 'NONE', #769 ) ;
#925 = DIRECTION ( 'NONE',  ( 0.000000000000000000, 1.000000000000000000, 0.000000000000000000 ) ) ;
#926 = ORIENTED_EDGE ( 'NONE', *, *, #2014, .T. ) ;
#927 = VECTOR ( 'NONE', #48, 1000.000000000000114 ) ;
#928 = ORIENTED_EDGE ( 'NONE', *, *, #1677, .T. ) ;
#929 = CIRCLE ( 'NONE', #2006, 39.99999999999999289 ) ;
#930 = AXIS2_PLACEMENT_3D ( 'NONE', #799, #1458, #1136 ) ;
#931 = DIRECTION ( 'NONE',  ( 0.000000000000000000, 0.000000000000000000, -1.000000000000000000 ) ) ;
#932 = CIRCLE ( 'NONE', #903, 28.00000000000000000 ) ;
#933 = DIRECTION ( 'NONE',  ( 0.000000000000000000, -1.000000000000000000, 0.000000000000000000 ) ) ;
#934 = ADVANCED_FACE ( 'NONE', ( #1427, #1921, #1099, #1761, #303, #936, #1588, #134 ), #776, .F. ) ;
#935 = ADVANCED_FACE ( 'NONE', ( #1277, #425 ), #1720, .T. ) ;
#936 = FACE_BOUND ( 'NONE', #1215, .T. ) ;
#937 = CARTESIAN_POINT ( 'NONE',  ( 37.46168018204156169, 30.00000000000000000, -29.48530067458124293 ) ) ;
#938 = CARTESIAN_POINT ( 'NONE',  ( 86.29694525319176535, 30.00000000000000000, 64.93717918086390739 ) ) ;
#939 = ORIENTED_EDGE ( 'NONE', *, *, #1783, .T. ) ;
#940 = PRODUCT_CONTEXT ( 'NONE', #391, 'mechanical' ) ;
#941 = DIRECTION ( 'NONE',  ( 0.000000000000000000, 0.000000000000000000, 1.000000000000000000 ) ) ;
#942 = CARTESIAN_POINT ( 'NONE',  ( 68.44827248883272830, 30.00000000000000000, -38.30534000781697301 ) ) ;
#943 = DIRECTION ( 'NONE',  ( 0.000000000000000000, -0.000000000000000000, -1.000000000000000000 ) ) ;
#944 = AXIS2_PLACEMENT_3D ( 'NONE', #1835, #1133, #589 ) ;
#945 = VERTEX_POINT ( 'NONE', #500 ) ;
#946 = LINE ( 'NONE', #1781, #233 ) ;
#947 = DIRECTION ( 'NONE',  ( 0.000000000000000000, 0.000000000000000000, 1.000000000000000000 ) ) ;
#948 = LINE ( 'NONE', #160, #717 ) ;
#949 = DIRECTION ( 'NONE',  ( 0.000000000000000000, 0.000000000000000000, -1.000000000000000000 ) ) ;
#950 = ORIENTED_EDGE ( 'NONE', *, *, #176, .F. ) ;
#951 = DIRECTION ( 'NONE',  ( 0.000000000000000000, -1.000000000000000000, 0.000000000000000000 ) ) ;
#952 = ORIENTED_EDGE ( 'NONE', *, *, #1412, .F. ) ;
#953 = FACE_OUTER_BOUND ( 'NONE', #70, .T. ) ;
#954 = CARTESIAN_POINT ( 'NONE',  ( 37.46168018204156169, 15.00000000000000000, -29.48530067458123582 ) ) ;
#955 = CYLINDRICAL_SURFACE ( 'NONE', #1468, 12.00000000000001066 ) ;
#956 = DIRECTION ( 'NONE',  ( -0.000000000000000000, 1.000000000000000000, -0.000000000000000000 ) ) ;
#957 = EDGE_LOOP ( 'NONE', ( #812, #715, #1843, #1402 ) ) ;
#958 = CARTESIAN_POINT ( 'NONE',  ( -0.1322259682266868908, 15.00000000000000000, -1.440515581599286055 ) ) ;
#959 = DIRECTION ( 'NONE',  ( 0.000000000000000000, -1.000000000000000000, 0.000000000000000000 ) ) ;
#960 = EDGE_CURVE ( 'NONE', #924, #918, #1795, .T. ) ;
#961 = ORIENTED_EDGE ( 'NONE', *, *, #1548, .T. ) ;
#962 = VECTOR ( 'NONE', #1965, 1000.000000000000000 ) ;
#963 = EDGE_CURVE ( 'NONE', #1909, #411, #1123, .T. ) ;
#964 = DIRECTION ( 'NONE',  ( 0.000000000000000000, 0.000000000000000000, -1.000000000000000000 ) ) ;
#965 = ORIENTED_EDGE ( 'NONE', *, *, #875, .F. ) ;
#966 = CARTESIAN_POINT ( 'NONE',  ( -54.51494277616077255, 3.000000000000000000, 51.36283352038542915 ) ) ;
#967 = CIRCLE ( 'NONE', #1831, 8.000000000000010658 ) ;
#968 = DIRECTION ( 'NONE',  ( -0.000000000000000000, -1.000000000000000000, 0.000000000000000000 ) ) ;
#969 = ORIENTED_EDGE ( 'NONE', *, *, #727, .T. ) ;
#970 = CARTESIAN_POINT ( 'NONE',  ( -0.1322259682266868908, 4.000000000000000000, -1.440515581599286055 ) ) ;
#971 = DIRECTION ( 'NONE',  ( 0.000000000000000000, 0.000000000000000000, 1.000000000000000000 ) ) ;
#972 = VERTEX_POINT ( 'NONE', #1112 ) ;
#973 = DIRECTION ( 'NONE',  ( 0.000000000000000000, 0.000000000000000000, 1.000000000000000000 ) ) ;
#974 = VERTEX_POINT ( 'NONE', #313 ) ;
#975 = AXIS2_PLACEMENT_3D ( 'NONE', #1822, #216, #58 ) ;
#976 = CARTESIAN_POINT ( 'NONE',  ( 60.72801745395057083, 0.000000000000000000, -44.66125553560498673 ) ) ;
#977 = DIRECTION ( 'NONE',  ( 0.000000000000000000, 0.000000000000000000, 1.000000000000000000 ) ) ;
#978 = EDGE_CURVE ( 'NONE', #1098, #1639, #2100, .T. ) ;
#979 = DIRECTION ( 'NONE',  ( 0.8457858307699127609, 0.000000000000000000, -0.5335225660352601595 ) ) ;
#980 = AXIS2_PLACEMENT_3D ( 'NONE', #562, #1211, #894 ) ;
#981 = ORIENTED_EDGE ( 'NONE', *, *, #89, .T. ) ;
#982 = AXIS2_PLACEMENT_3D ( 'NONE', #1601, #987, #538 ) ;
#983 = ORIENTED_EDGE ( 'NONE', *, *, #1949, .T. ) ;
#984 = LINE ( 'NONE', #1186, #962 ) ;
#985 = CIRCLE ( 'NONE', #883, 9.499999999999994671 ) ;
#986 = CARTESIAN_POINT ( 'NONE',  ( -54.51494277616077255, 3.000000000000000000, 62.86283352038542205 ) ) ;
#987 = DIRECTION ( 'NONE',  ( 0.000000000000000000, 1.000000000000000000, 0.000000000000000000 ) ) ;
#988 = DIRECTION ( 'NONE',  ( 0.000000000000000000, 1.000000000000000000, 0.000000000000000000 ) ) ;
#989 = EDGE_CURVE ( 'NONE', #452, #972, #946, .T. ) ;
#990 = EDGE_CURVE ( 'NONE', #1617, #1430, #932, .T. ) ;
#991 = CARTESIAN_POINT ( 'NONE',  ( 77.71257853069131727, 19.00000000000000000, -30.67824137447134447 ) ) ;
#992 = ORIENTED_EDGE ( 'NONE', *, *, #1045, .T. ) ;
#993 = CARTESIAN_POINT ( 'NONE',  ( -91.81305702534004354, 0.000000000000000000, 8.005811354909937450 ) ) ;
#994 = DIRECTION ( 'NONE',  ( -0.000000000000000000, 1.000000000000000000, -0.000000000000000000 ) ) ;
#995 = LINE ( 'NONE', #1505, #927 ) ;
#996 = CIRCLE ( 'NONE', #2028, 32.45000000000000284 ) ;
#997 = ORIENTED_EDGE ( 'NONE', *, *, #1244, .T. ) ;
#998 = CARTESIAN_POINT ( 'NONE',  ( 60.72801745395057083, 30.00000000000000000, -44.66125553560498673 ) ) ;
#999 = EDGE_LOOP ( 'NONE', ( #1994, #240, #1198, #1100 ) ) ;
#1000 = DIRECTION ( 'NONE',  ( 0.000000000000000000, 1.000000000000000000, 0.000000000000000000 ) ) ;
#1001 = CIRCLE ( 'NONE', #1577, 33.31602540378431598 ) ;
#1002 = ADVANCED_FACE ( 'NONE', ( #1323 ), #325, .F. ) ;
#1003 =( GEOMETRIC_REPRESENTATION_CONTEXT ( 3 ) GLOBAL_UNCERTAINTY_ASSIGNED_CONTEXT ( ( #803 ) ) GLOBAL_UNIT_ASSIGNED_CONTEXT ( ( #1803, #346, #1438 ) ) REPRESENTATION_CONTEXT ( 'NONE', 'WORKASPACE' ) );
#1004 = ORIENTED_EDGE ( 'NONE', *, *, #263, .T. ) ;
#1005 = DIRECTION ( 'NONE',  ( 0.000000000000000000, 0.000000000000000000, 1.000000000000000000 ) ) ;
#1006 = FACE_OUTER_BOUND ( 'NONE', #1879, .T. ) ;
#1007 = CIRCLE ( 'NONE', #571, 11.49999999999999645 ) ;
#1008 = EDGE_CURVE ( 'NONE', #708, #1621, #1222, .T. ) ;
#1009 = DIRECTION ( 'NONE',  ( 0.000000000000000000, 1.000000000000000000, 0.000000000000000000 ) ) ;
#1010 = ORIENTED_EDGE ( 'NONE', *, *, #1914, .T. ) ;
#1011 = LINE ( 'NONE', #222, #1063 ) ;
#1012 = DIRECTION ( 'NONE',  ( -0.000000000000000000, 1.000000000000000000, -0.000000000000000000 ) ) ;
#1013 = DIRECTION ( 'NONE',  ( -0.000000000000000000, 1.000000000000000000, -0.000000000000000000 ) ) ;
#1014 = ORIENTED_EDGE ( 'NONE', *, *, #1603, .T. ) ;
#1015 = DIRECTION ( 'NONE',  ( 0.000000000000000000, 0.000000000000000000, 1.000000000000000000 ) ) ;
#1016 = AXIS2_PLACEMENT_3D ( 'NONE', #690, #510, #842 ) ;
#1017 = ORIENTED_EDGE ( 'NONE', *, *, #1694, .F. ) ;
#1018 = CYLINDRICAL_SURFACE ( 'NONE', #1718, 44.50000000000000711 ) ;
#1019 = AXIS2_PLACEMENT_3D ( 'NONE', #1828, #1698, #1357 ) ;
#1020 = FACE_OUTER_BOUND ( 'NONE', #1306, .T. ) ;
#1021 = ORIENTED_EDGE ( 'NONE', *, *, #91, .T. ) ;
#1022 = EDGE_CURVE ( 'NONE', #654, #1621, #1472, .T. ) ;
#1023 = CARTESIAN_POINT ( 'NONE',  ( -79.86573366723315814, 19.00000000000000000, 6.882661953968992385 ) ) ;
#1024 = AXIS2_PLACEMENT_3D ( 'NONE', #10, #488, #1015 ) ;
#1025 = EDGE_LOOP ( 'NONE', ( #676, #1130, #1646, #1417 ) ) ;
#1026 = ORIENTED_EDGE ( 'NONE', *, *, #1525, .F. ) ;
#1027 = FACE_BOUND ( 'NONE', #1956, .T. ) ;
#1028 = DIRECTION ( 'NONE',  ( 0.000000000000000000, -1.000000000000000000, 0.000000000000000000 ) ) ;
#1029 = EDGE_LOOP ( 'NONE', ( #363, #1541, #1089, #1202 ) ) ;
#1030 = DIRECTION ( 'NONE',  ( 0.000000000000000000, 0.000000000000000000, -1.000000000000000000 ) ) ;
#1031 = EDGE_CURVE ( 'NONE', #884, #1406, #798, .T. ) ;
#1032 = LINE ( 'NONE', #1979, #1985 ) ;
#1033 = ORIENTED_EDGE ( 'NONE', *, *, #2094, .F. ) ;
#1034 = DIRECTION ( 'NONE',  ( 0.000000000000000000, 1.000000000000000000, 0.000000000000000000 ) ) ;
#1035 = CIRCLE ( 'NONE', #1414, 5.500000000000005329 ) ;
#1036 = ORIENTED_EDGE ( 'NONE', *, *, #1478, .T. ) ;
#1037 = CIRCLE ( 'NONE', #1692, 32.45000000000000284 ) ;
#1038 = DIRECTION ( 'NONE',  ( 0.000000000000000000, 0.000000000000000000, 1.000000000000000000 ) ) ;
#1039 = DIRECTION ( 'NONE',  ( -0.8457858307699127609, 0.000000000000000000, 0.5335225660352601595 ) ) ;
#1040 = VERTEX_POINT ( 'NONE', #1135 ) ;
#1041 = AXIS2_PLACEMENT_3D ( 'NONE', #506, #1150, #565 ) ;
#1042 = EDGE_LOOP ( 'NONE', ( #1010, #182, #163, #524 ) ) ;
#1043 = DIRECTION ( 'NONE',  ( 0.000000000000000000, 1.000000000000000000, 0.000000000000000000 ) ) ;
#1044 = DIRECTION ( 'NONE',  ( 0.000000000000000000, 0.000000000000000000, 1.000000000000000000 ) ) ;
#1045 = EDGE_CURVE ( 'NONE', #974, #1912, #1457, .T. ) ;
#1046 = ORIENTED_EDGE ( 'NONE', *, *, #276, .F. ) ;
#1047 = DIRECTION ( 'NONE',  ( 0.000000000000000000, 0.000000000000000000, -1.000000000000000000 ) ) ;
#1048 = CARTESIAN_POINT ( 'NONE',  ( 60.72801745395057083, 0.000000000000000000, -44.66125553560498673 ) ) ;
#1049 = VERTEX_POINT ( 'NONE', #648 ) ;
#1050 = ORIENTED_EDGE ( 'NONE', *, *, #1096, .T. ) ;
#1051 = FACE_OUTER_BOUND ( 'NONE', #1875, .T. ) ;
#1052 = AXIS2_PLACEMENT_3D ( 'NONE', #1905, #449, #1608 ) ;
#1053 = DIRECTION ( 'NONE',  ( 0.000000000000000000, 1.000000000000000000, 0.000000000000000000 ) ) ;
#1054 = CARTESIAN_POINT ( 'NONE',  ( -0.1322259682266868908, 0.000000000000000000, -48.94051558159928561 ) ) ;
#1055 = ADVANCED_FACE ( 'NONE', ( #658 ), #1146, .F. ) ;
#1056 = EDGE_LOOP ( 'NONE', ( #1961, #1523, #1070, #1869 ) ) ;
#1057 = CARTESIAN_POINT ( 'NONE',  ( -79.86573366723315814, 0.000000000000000000, 6.882661953968992385 ) ) ;
#1058 = CARTESIAN_POINT ( 'NONE',  ( 67.13962814350176700, 0.000000000000000000, 30.48677163014986746 ) ) ;
#1059 = AXIS2_PLACEMENT_3D ( 'NONE', #378, #77, #832 ) ;
#1060 = CARTESIAN_POINT ( 'NONE',  ( -0.1322259682266868908, 4.000000000000000000, -1.440515581599286055 ) ) ;
#1061 = ORIENTED_EDGE ( 'NONE', *, *, #188, .T. ) ;
#1062 = CYLINDRICAL_SURFACE ( 'NONE', #1929, 2.999999999999999112 ) ;
#1063 = VECTOR ( 'NONE', #209, 1000.000000000000114 ) ;
#1064 = LINE ( 'NONE', #439, #1707 ) ;
#1065 = VERTEX_POINT ( 'NONE', #1826 ) ;
#1066 = CARTESIAN_POINT ( 'NONE',  ( -73.03324147817575351, 19.00000000000000000, 79.56221238245245786 ) ) ;
#1067 = CARTESIAN_POINT ( 'NONE',  ( 86.29694525319176535, 19.00000000000000000, 55.43717918086390739 ) ) ;
#1068 = EDGE_CURVE ( 'NONE', #1893, #1710, #535, .T. ) ;
#1069 = CONICAL_SURFACE ( 'NONE', #1491, 33.31602540378431598, 0.5235987755982962621 ) ;
#1070 = ORIENTED_EDGE ( 'NONE', *, *, #978, .T. ) ;
#1071 = AXIS2_PLACEMENT_3D ( 'NONE', #970, #145, #680 ) ;
#1072 = CARTESIAN_POINT ( 'NONE',  ( 40.44912118325470374, 15.00000000000000000, -29.75952004711101750 ) ) ;
#1073 = CARTESIAN_POINT ( 'NONE',  ( -86.26800445965626807, 0.000000000000000000, -3.266768015269956749 ) ) ;
#1074 = FACE_OUTER_BOUND ( 'NONE', #403, .T. ) ;
#1075 = LINE ( 'NONE', #280, #2064 ) ;
#1076 = VERTEX_POINT ( 'NONE', #531 ) ;
#1077 = DIRECTION ( 'NONE',  ( -0.000000000000000000, 1.000000000000000000, -0.000000000000000000 ) ) ;
#1078 = CARTESIAN_POINT ( 'NONE',  ( 67.13962814350176700, 0.000000000000000000, 30.48677163014986746 ) ) ;
#1079 = DIRECTION ( 'NONE',  ( -0.000000000000000000, -1.000000000000000000, -0.000000000000000000 ) ) ;
#1080 = EDGE_CURVE ( 'NONE', #1833, #2105, #451, .T. ) ;
#1081 = EDGE_LOOP ( 'NONE', ( #741, #857, #370, #910 ) ) ;
#1082 = ADVANCED_FACE ( 'NONE', ( #1657 ), #1503, .F. ) ;
#1083 = CIRCLE ( 'NONE', #311, 9.499999999999994671 ) ;
#1084 = FACE_OUTER_BOUND ( 'NONE', #426, .T. ) ;
#1085 = CARTESIAN_POINT ( 'NONE',  ( 86.29694525319176535, 19.00000000000000000, 70.43717918086390739 ) ) ;
#1086 = AXIS2_PLACEMENT_3D ( 'NONE', #178, #821, #1973 ) ;
#1087 = CARTESIAN_POINT ( 'NONE',  ( -0.1322259682266828107, 15.00000000000000000, -34.75654098538360159 ) ) ;
#1088 = AXIS2_PLACEMENT_3D ( 'NONE', #1983, #344, #1669 ) ;
#1089 = ORIENTED_EDGE ( 'NONE', *, *, #1273, .F. ) ;
#1090 = LINE ( 'NONE', #1751, #738 ) ;
#1091 = ORIENTED_EDGE ( 'NONE', *, *, #41, .T. ) ;
#1092 = ORIENTED_EDGE ( 'NONE', *, *, #287, .F. ) ;
#1093 = EDGE_CURVE ( 'NONE', #1311, #1753, #1064, .T. ) ;
#1094 = DIRECTION ( 'NONE',  ( 0.000000000000000000, 1.000000000000000000, 0.000000000000000000 ) ) ;
#1095 = CARTESIAN_POINT ( 'NONE',  ( 67.13962814350176700, 3.000000000000000000, 30.48677163014986746 ) ) ;
#1096 = EDGE_CURVE ( 'NONE', #1856, #213, #1829, .T. ) ;
#1097 = PLANE ( 'NONE',  #1235 ) ;
#1098 = VERTEX_POINT ( 'NONE', #1685 ) ;
#1099 = FACE_BOUND ( 'NONE', #227, .T. ) ;
#1100 = ORIENTED_EDGE ( 'NONE', *, *, #1429, .F. ) ;
#1101 = VECTOR ( 'NONE', #16, 1000.000000000000000 ) ;
#1102 = ORIENTED_EDGE ( 'NONE', *, *, #886, .F. ) ;
#1103 = AXIS2_PLACEMENT_3D ( 'NONE', #1516, #877, #388 ) ;
#1104 = CIRCLE ( 'NONE', #29, 8.000000000000010658 ) ;
#1105 = DIRECTION ( 'NONE',  ( 0.000000000000000000, 0.000000000000000000, -1.000000000000000000 ) ) ;
#1106 = CARTESIAN_POINT ( 'NONE',  ( -0.1322259682266834491, 30.00000000000000000, 26.55948441840071439 ) ) ;
#1107 = AXIS2_PLACEMENT_3D ( 'NONE', #998, #200, #839 ) ;
#1108 = AXIS2_PLACEMENT_3D ( 'NONE', #1344, #1693, #1811 ) ;
#1109 = CARTESIAN_POINT ( 'NONE',  ( -79.86573366723315814, 19.00000000000000000, 6.882661953968992385 ) ) ;
#1110 = ADVANCED_FACE ( 'NONE', ( #1529 ), #392, .F. ) ;
#1111 = ORIENTED_EDGE ( 'NONE', *, *, #989, .F. ) ;
#1112 = CARTESIAN_POINT ( 'NONE',  ( -0.1322259682266821723, 0.000000000000000000, 37.05948441840071439 ) ) ;
#1113 = CYLINDRICAL_SURFACE ( 'NONE', #1932, 12.00000000000001066 ) ;
#1114 = DIRECTION ( 'NONE',  ( -0.000000000000000000, -1.000000000000000000, -0.000000000000000000 ) ) ;
#1115 = DIRECTION ( 'NONE',  ( -0.000000000000000000, 1.000000000000000000, -0.000000000000000000 ) ) ;
#1116 = ORIENTED_EDGE ( 'NONE', *, *, #407, .T. ) ;
#1117 = DIRECTION ( 'NONE',  ( -0.000000000000000000, -1.000000000000000000, -0.000000000000000000 ) ) ;
#1118 = ORIENTED_EDGE ( 'NONE', *, *, #188, .F. ) ;
#1119 = DIRECTION ( 'NONE',  ( 0.000000000000000000, 0.000000000000000000, 1.000000000000000000 ) ) ;
#1120 = EDGE_CURVE ( 'NONE', #918, #1390, #49, .T. ) ;
#1121 = VECTOR ( 'NONE', #309, 1000.000000000000000 ) ;
#1122 = ORIENTED_EDGE ( 'NONE', *, *, #504, .T. ) ;
#1123 = LINE ( 'NONE', #993, #1837 ) ;
#1124 = DIRECTION ( 'NONE',  ( -0.000000000000000000, -1.000000000000000000, -0.000000000000000000 ) ) ;
#1125 = EDGE_CURVE ( 'NONE', #1753, #706, #1943, .T. ) ;
#1126 = DIRECTION ( 'NONE',  ( 0.000000000000000000, 1.000000000000000000, 0.000000000000000000 ) ) ;
#1127 = CARTESIAN_POINT ( 'NONE',  ( -25.47454785490154450, 30.00000000000000000, -41.61534254317014359 ) ) ;
#1128 = ORIENTED_EDGE ( 'NONE', *, *, #1125, .T. ) ;
#1129 = CYLINDRICAL_SURFACE ( 'NONE', #1865, 11.49999999999999645 ) ;
#1130 = ORIENTED_EDGE ( 'NONE', *, *, #864, .T. ) ;
#1131 = DIRECTION ( 'NONE',  ( -0.000000000000000000, -1.000000000000000000, -0.000000000000000000 ) ) ;
#1132 = DIRECTION ( 'NONE',  ( -0.000000000000000000, -1.000000000000000000, -0.000000000000000000 ) ) ;
#1133 = DIRECTION ( 'NONE',  ( -0.000000000000000000, -1.000000000000000000, -0.000000000000000000 ) ) ;
#1134 = ORIENTED_EDGE ( 'NONE', *, *, #1770, .T. ) ;
#1135 = CARTESIAN_POINT ( 'NONE',  ( 61.64208202904985967, 0.000000000000000000, -34.70311886489452036 ) ) ;
#1136 = DIRECTION ( 'NONE',  ( 0.000000000000000000, 0.000000000000000000, -1.000000000000000000 ) ) ;
#1137 = EDGE_LOOP ( 'NONE', ( #1332, #1141, #152, #1171 ) ) ;
#1138 = ADVANCED_FACE ( 'NONE', ( #1347 ), #86, .F. ) ;
#1139 = AXIS2_PLACEMENT_3D ( 'NONE', #1278, #1114, #1481 ) ;
#1140 = CARTESIAN_POINT ( 'NONE',  ( -73.03324147817575351, 30.00000000000000000, 79.56221238245245786 ) ) ;
#1141 = ORIENTED_EDGE ( 'NONE', *, *, #1901, .F. ) ;
#1142 = DIRECTION ( 'NONE',  ( -0.000000000000000000, -1.000000000000000000, -0.000000000000000000 ) ) ;
#1143 = CARTESIAN_POINT ( 'NONE',  ( -73.03324147817575351, 0.000000000000000000, 79.56221238245245786 ) ) ;
#1144 = AXIS2_PLACEMENT_3D ( 'NONE', #1066, #925, #896 ) ;
#1145 = ORIENTED_EDGE ( 'NONE', *, *, #1509, .T. ) ;
#1146 = CYLINDRICAL_SURFACE ( 'NONE', #1103, 10.00000000000000178 ) ;
#1147 = ORIENTED_EDGE ( 'NONE', *, *, #609, .T. ) ;
#1148 = CARTESIAN_POINT ( 'NONE',  ( 86.29694525319176535, 19.00000000000000000, 64.93717918086390739 ) ) ;
#1149 = EDGE_CURVE ( 'NONE', #345, #22, #220, .T. ) ;
#1150 = DIRECTION ( 'NONE',  ( 0.000000000000000000, 1.000000000000000000, 0.000000000000000000 ) ) ;
#1151 = ORIENTED_EDGE ( 'NONE', *, *, #583, .T. ) ;
#1152 = VECTOR ( 'NONE', #1545, 1000.000000000000000 ) ;
#1153 = EDGE_CURVE ( 'NONE', #2073, #1408, #725, .T. ) ;
#1154 = CARTESIAN_POINT ( 'NONE',  ( -79.86573366723315814, 0.000000000000000000, 6.882661953968992385 ) ) ;
#1155 = CARTESIAN_POINT ( 'NONE',  ( -0.1322259682266868908, 0.000000000000000000, -1.440515581599286055 ) ) ;
#1156 = AXIS2_PLACEMENT_3D ( 'NONE', #846, #1507, #1841 ) ;
#1157 = EDGE_LOOP ( 'NONE', ( #64, #1122 ) ) ;
#1158 = CARTESIAN_POINT ( 'NONE',  ( -73.03324147817575351, 30.00000000000000000, 79.56221238245245786 ) ) ;
#1159 = DIRECTION ( 'NONE',  ( 0.000000000000000000, 0.000000000000000000, -1.000000000000000000 ) ) ;
#1160 = AXIS2_PLACEMENT_3D ( 'NONE', #1143, #1788, #1177 ) ;
#1161 = DIRECTION ( 'NONE',  ( 0.000000000000000000, -1.000000000000000000, 0.000000000000000000 ) ) ;
#1162 = ORIENTED_EDGE ( 'NONE', *, *, #989, .T. ) ;
#1163 =( GEOMETRIC_REPRESENTATION_CONTEXT ( 3 ) GLOBAL_UNCERTAINTY_ASSIGNED_CONTEXT ( ( #51 ) ) GLOBAL_UNIT_ASSIGNED_CONTEXT ( ( #739, #580, #1524 ) ) REPRESENTATION_CONTEXT ( 'NONE', 'WORKASPACE' ) );
#1164 = FACE_BOUND ( 'NONE', #601, .T. ) ;
#1165 = ORIENTED_EDGE ( 'NONE', *, *, #1496, .T. ) ;
#1166 = EDGE_CURVE ( 'NONE', #489, #1176, #1741, .T. ) ;
#1167 = DIRECTION ( 'NONE',  ( 0.000000000000000000, -1.000000000000000000, 0.000000000000000000 ) ) ;
#1168 = DIRECTION ( 'NONE',  ( 0.000000000000000000, 0.000000000000000000, 1.000000000000000000 ) ) ;
#1169 = AXIS2_PLACEMENT_3D ( 'NONE', #389, #854, #206 ) ;
#1170 = EDGE_CURVE ( 'NONE', #254, #822, #107, .T. ) ;
#1171 = ORIENTED_EDGE ( 'NONE', *, *, #835, .F. ) ;
#1172 = PLANE ( 'NONE',  #1888 ) ;
#1173 = ORIENTED_EDGE ( 'NONE', *, *, #1966, .F. ) ;
#1174 = CARTESIAN_POINT ( 'NONE',  ( -73.03324147817575351, 30.00000000000000000, 79.56221238245245786 ) ) ;
#1175 = CARTESIAN_POINT ( 'NONE',  ( 33.43409465714728412, 15.00000000000000000, -73.36321499537024238 ) ) ;
#1176 = VERTEX_POINT ( 'NONE', #887 ) ;
#1177 = DIRECTION ( 'NONE',  ( 0.000000000000000000, 0.000000000000000000, 1.000000000000000000 ) ) ;
#1178 = DIRECTION ( 'NONE',  ( 0.000000000000000000, 1.000000000000000000, 0.000000000000000000 ) ) ;
#1179 = CIRCLE ( 'NONE', #94, 2.999999999999999112 ) ;
#1180 = EDGE_CURVE ( 'NONE', #157, #345, #1401, .T. ) ;
#1181 = AXIS2_PLACEMENT_3D ( 'NONE', #1729, #1392, #275 ) ;
#1182 = ORIENTED_EDGE ( 'NONE', *, *, #838, .F. ) ;
#1183 = DIRECTION ( 'NONE',  ( -2.312964634635743450E-15, 0.000000000000000000, 1.000000000000000000 ) ) ;
#1184 = DIRECTION ( 'NONE',  ( 0.000000000000000000, 0.000000000000000000, 1.000000000000000000 ) ) ;
#1185 = ORIENTED_EDGE ( 'NONE', *, *, #148, .T. ) ;
#1186 = CARTESIAN_POINT ( 'NONE',  ( 40.78260829083443184, 0.000000000000000000, -32.78841266735884119 ) ) ;
#1187 = FACE_BOUND ( 'NONE', #1637, .T. ) ;
#1188 = CARTESIAN_POINT ( 'NONE',  ( -0.1322259682266834491, 0.000000000000000000, 26.55948441840071439 ) ) ;
#1189 = ORIENTED_EDGE ( 'NONE', *, *, #807, .F. ) ;
#1190 = DIRECTION ( 'NONE',  ( 0.000000000000000000, 1.000000000000000000, 0.000000000000000000 ) ) ;
#1191 = DIRECTION ( 'NONE',  ( 1.000000000000000000, 0.000000000000000000, 0.000000000000000000 ) ) ;
#1192 = AXIS2_PLACEMENT_3D ( 'NONE', #1155, #1178, #354 ) ;
#1193 = VERTEX_POINT ( 'NONE', #544 ) ;
#1194 = DIRECTION ( 'NONE',  ( -0.000000000000000000, 1.000000000000000000, -0.000000000000000000 ) ) ;
#1195 = EDGE_CURVE ( 'NONE', #1301, #432, #1630, .T. ) ;
#1196 = VECTOR ( 'NONE', #1483, 1000.000000000000000 ) ;
#1197 = DIRECTION ( 'NONE',  ( -0.000000000000000000, -1.000000000000000000, -0.000000000000000000 ) ) ;
#1198 = ORIENTED_EDGE ( 'NONE', *, *, #177, .T. ) ;
#1199 = FACE_OUTER_BOUND ( 'NONE', #247, .T. ) ;
#1200 = DIRECTION ( 'NONE',  ( 0.000000000000000000, 0.000000000000000000, 1.000000000000000000 ) ) ;
#1201 = AXIS2_PLACEMENT_3D ( 'NONE', #1918, #623, #1928 ) ;
#1202 = ORIENTED_EDGE ( 'NONE', *, *, #631, .T. ) ;
#1203 = ORIENTED_EDGE ( 'NONE', *, *, #963, .T. ) ;
#1204 = DIRECTION ( 'NONE',  ( 0.000000000000000000, 1.000000000000000000, 0.000000000000000000 ) ) ;
#1205 = ORIENTED_EDGE ( 'NONE', *, *, #911, .F. ) ;
#1206 = DIRECTION ( 'NONE',  ( 0.000000000000000000, 1.000000000000000000, 0.000000000000000000 ) ) ;
#1207 = EDGE_CURVE ( 'NONE', #822, #254, #513, .T. ) ;
#1208 = ORIENTED_EDGE ( 'NONE', *, *, #150, .F. ) ;
#1209 = PLANE ( 'NONE',  #688 ) ;
#1210 = DIRECTION ( 'NONE',  ( 0.000000000000000000, 0.000000000000000000, -1.000000000000000000 ) ) ;
#1211 = DIRECTION ( 'NONE',  ( 0.000000000000000000, 1.000000000000000000, 0.000000000000000000 ) ) ;
#1212 = AXIS2_PLACEMENT_3D ( 'NONE', #938, #1292, #502 ) ;
#1213 = ORIENTED_EDGE ( 'NONE', *, *, #1911, .F. ) ;
#1214 = AXIS2_PLACEMENT_3D ( 'NONE', #54, #1511, #1220 ) ;
#1215 = EDGE_LOOP ( 'NONE', ( #663, #436 ) ) ;
#1216 = CIRCLE ( 'NONE', #1488, 12.00000000000001066 ) ;
#1217 = CARTESIAN_POINT ( 'NONE',  ( -91.81305702534004354, 30.00000000000000000, 8.005811354909937450 ) ) ;
#1218 = CARTESIAN_POINT ( 'NONE',  ( 77.71257853069131727, 19.00000000000000000, -21.17824137447135158 ) ) ;
#1219 = ORIENTED_EDGE ( 'NONE', *, *, #504, .F. ) ;
#1220 = DIRECTION ( 'NONE',  ( 0.000000000000000000, 0.000000000000000000, 1.000000000000000000 ) ) ;
#1221 = ORIENTED_EDGE ( 'NONE', *, *, #165, .T. ) ;
#1222 = CIRCLE ( 'NONE', #2104, 9.499999999999994671 ) ;
#1223 = DIRECTION ( 'NONE',  ( 0.000000000000000000, 0.000000000000000000, 1.000000000000000000 ) ) ;
#1224 = ORIENTED_EDGE ( 'NONE', *, *, #1860, .T. ) ;
#1225 = ADVANCED_FACE ( 'NONE', ( #1020 ), #1623, .F. ) ;
#1226 = CARTESIAN_POINT ( 'NONE',  ( -54.51494277616077255, 3.000000000000000000, 62.86283352038542205 ) ) ;
#1227 = DIRECTION ( 'NONE',  ( 0.000000000000000000, 0.000000000000000000, -1.000000000000000000 ) ) ;
#1228 = EDGE_CURVE ( 'NONE', #1430, #1617, #912, .T. ) ;
#1229 = ORIENTED_EDGE ( 'NONE', *, *, #1195, .F. ) ;
#1230 = DIRECTION ( 'NONE',  ( -0.09140645750992282270, -0.000000000000000000, -0.9958136670710473481 ) ) ;
#1231 = ORIENTED_EDGE ( 'NONE', *, *, #1443, .F. ) ;
#1232 = DIRECTION ( 'NONE',  ( 0.000000000000000000, -1.000000000000000000, 0.000000000000000000 ) ) ;
#1233 = ORIENTED_EDGE ( 'NONE', *, *, #1008, .T. ) ;
#1234 = ADVANCED_BREP_SHAPE_REPRESENTATION ( 'gearbox plate current', ( #121, #1812 ), #1163 ) ;
#1235 = AXIS2_PLACEMENT_3D ( 'NONE', #142, #933, #943 ) ;
#1236 = CARTESIAN_POINT ( 'NONE',  ( -0.1322259682266868908, 30.00000000000000000, -1.440515581599286055 ) ) ;
#1237 = CIRCLE ( 'NONE', #552, 32.45000000000000284 ) ;
#1238 = EDGE_CURVE ( 'NONE', #286, #170, #948, .T. ) ;
#1239 = ORIENTED_EDGE ( 'NONE', *, *, #259, .T. ) ;
#1240 = DIRECTION ( 'NONE',  ( -0.000000000000000000, -1.000000000000000000, -0.000000000000000000 ) ) ;
#1241 = EDGE_LOOP ( 'NONE', ( #793, #295, #926, #1364 ) ) ;
#1242 = ORIENTED_EDGE ( 'NONE', *, *, #1694, .T. ) ;
#1243 = CARTESIAN_POINT ( 'NONE',  ( -0.1322259682266821723, 3.000000000000000000, 37.05948441840071439 ) ) ;
#1244 = EDGE_CURVE ( 'NONE', #225, #716, #1804, .T. ) ;
#1245 = CARTESIAN_POINT ( 'NONE',  ( 67.13962814350176700, 3.000000000000000000, 44.48677163014987457 ) ) ;
#1246 = DIRECTION ( 'NONE',  ( 0.000000000000000000, 0.000000000000000000, -1.000000000000000000 ) ) ;
#1247 = EDGE_CURVE ( 'NONE', #1842, #897, #27, .T. ) ;
#1248 = EDGE_LOOP ( 'NONE', ( #1165, #218, #853, #1858 ) ) ;
#1249 = CARTESIAN_POINT ( 'NONE',  ( -0.1322259682266868908, 13.50000000000019895, -1.440515581599286055 ) ) ;
#1250 = CARTESIAN_POINT ( 'NONE',  ( 86.29694525319176535, 30.00000000000000000, 64.93717918086390739 ) ) ;
#1251 = CYLINDRICAL_SURFACE ( 'NONE', #1052, 5.500000000000005329 ) ;
#1252 = DIRECTION ( 'NONE',  ( -0.09140645750992283658, 0.000000000000000000, -0.9958136670710473481 ) ) ;
#1253 = DIRECTION ( 'NONE',  ( 0.000000000000000000, 1.000000000000000000, 0.000000000000000000 ) ) ;
#1254 = VERTEX_POINT ( 'NONE', #1460 ) ;
#1255 = CARTESIAN_POINT ( 'NONE',  ( -79.86573366723315814, 19.00000000000000000, 16.38266195396898794 ) ) ;
#1256 = LINE ( 'NONE', #1562, #1353 ) ;
#1257 = EDGE_CURVE ( 'NONE', #1474, #1098, #2021, .T. ) ;
#1258 = LINE ( 'NONE', #444, #1757 ) ;
#1259 = ORIENTED_EDGE ( 'NONE', *, *, #674, .F. ) ;
#1260 = AXIS2_PLACEMENT_3D ( 'NONE', #976, #2096, #622 ) ;
#1261 = DIRECTION ( 'NONE',  ( 0.000000000000000000, -1.000000000000000000, 0.000000000000000000 ) ) ;
#1262 = DIRECTION ( 'NONE',  ( 0.000000000000000000, 1.000000000000000000, 0.000000000000000000 ) ) ;
#1263 = VECTOR ( 'NONE', #2086, 1000.000000000000000 ) ;
#1264 = LINE ( 'NONE', #1756, #1263 ) ;
#1265 = FACE_OUTER_BOUND ( 'NONE', #1964, .T. ) ;
#1266 = AXIS2_PLACEMENT_3D ( 'NONE', #718, #1043, #862 ) ;
#1267 = ORIENTED_EDGE ( 'NONE', *, *, #921, .T. ) ;
#1268 = DIRECTION ( 'NONE',  ( -0.000000000000000000, 1.000000000000000000, -0.000000000000000000 ) ) ;
#1269 = EDGE_LOOP ( 'NONE', ( #272, #651 ) ) ;
#1270 = DIRECTION ( 'NONE',  ( -0.000000000000000000, -1.000000000000000000, -0.000000000000000000 ) ) ;
#1271 = VECTOR ( 'NONE', #1504, 1000.000000000000227 ) ;
#1272 = ORIENTED_EDGE ( 'NONE', *, *, #724, .T. ) ;
#1273 = EDGE_CURVE ( 'NONE', #1408, #1842, #1563, .T. ) ;
#1274 = CARTESIAN_POINT ( 'NONE',  ( -46.23099870853648952, 30.00000000000000000, -66.05069839457640057 ) ) ;
#1275 = DIRECTION ( 'NONE',  ( 0.000000000000000000, 0.000000000000000000, -1.000000000000000000 ) ) ;
#1276 = EDGE_LOOP ( 'NONE', ( #1930, #341 ) ) ;
#1277 = FACE_BOUND ( 'NONE', #232, .T. ) ;
#1278 = CARTESIAN_POINT ( 'NONE',  ( -45.50854856424184902, 15.00000000000000000, -25.43087719933855340 ) ) ;
#1279 = FACE_OUTER_BOUND ( 'NONE', #2099, .T. ) ;
#1280 = ORIENTED_EDGE ( 'NONE', *, *, #724, .F. ) ;
#1281 = VECTOR ( 'NONE', #459, 1000.000000000000114 ) ;
#1282 = VECTOR ( 'NONE', #578, 1000.000000000000114 ) ;
#1283 = DIRECTION ( 'NONE',  ( -0.000000000000000000, -1.000000000000000000, -0.000000000000000000 ) ) ;
#1284 = VECTOR ( 'NONE', #1077, 1000.000000000000000 ) ;
#1285 = EDGE_CURVE ( 'NONE', #432, #1846, #1716, .T. ) ;
#1286 = CARTESIAN_POINT ( 'NONE',  ( -0.1322259682266868908, 4.000000000000000000, -1.440515581599286055 ) ) ;
#1287 = EDGE_CURVE ( 'NONE', #1802, #138, #1083, .T. ) ;
#1288 = FACE_OUTER_BOUND ( 'NONE', #851, .T. ) ;
#1289 = ORIENTED_EDGE ( 'NONE', *, *, #1938, .F. ) ;
#1290 = CARTESIAN_POINT ( 'NONE',  ( -0.1322259682266868908, 0.000000000000000000, -1.440515581599286055 ) ) ;
#1291 = CARTESIAN_POINT ( 'NONE',  ( 77.71257853069131727, 0.000000000000000000, -25.17824137447134092 ) ) ;
#1292 = DIRECTION ( 'NONE',  ( 0.000000000000000000, 1.000000000000000000, 0.000000000000000000 ) ) ;
#1293 = VERTEX_POINT ( 'NONE', #1904 ) ;
#1294 = CARTESIAN_POINT ( 'NONE',  ( 77.71257853069131727, 0.000000000000000000, -30.67824137447134447 ) ) ;
#1295 = ORIENTED_EDGE ( 'NONE', *, *, #224, .F. ) ;
#1296 = CYLINDRICAL_SURFACE ( 'NONE', #1539, 8.000000000000010658 ) ;
#1297 = CYLINDRICAL_SURFACE ( 'NONE', #320, 9.499999999999994671 ) ;
#1298 = AXIS2_PLACEMENT_3D ( 'NONE', #369, #1708, #2015 ) ;
#1299 = EDGE_CURVE ( 'NONE', #387, #480, #2042, .T. ) ;
#1300 = CIRCLE ( 'NONE', #1024, 5.500000000000003553 ) ;
#1301 = VERTEX_POINT ( 'NONE', #1054 ) ;
#1302 = DIRECTION ( 'NONE',  ( 0.000000000000000000, 0.000000000000000000, 1.000000000000000000 ) ) ;
#1303 = DIRECTION ( 'NONE',  ( -0.9958136670710467930, -0.000000000000000000, 0.09140645750992873464 ) ) ;
#1304 = LINE ( 'NONE', #2102, #21 ) ;
#1305 = DIRECTION ( 'NONE',  ( 0.000000000000000000, 1.000000000000000000, 0.000000000000000000 ) ) ;
#1306 = EDGE_LOOP ( 'NONE', ( #754, #1602, #1907, #983 ) ) ;
#1307 = CARTESIAN_POINT ( 'NONE',  ( 77.71257853069131727, 19.00000000000000000, -30.67824137447134447 ) ) ;
#1308 = EDGE_LOOP ( 'NONE', ( #1727, #1021 ) ) ;
#1309 = CARTESIAN_POINT ( 'NONE',  ( -0.1322259682266868908, 3.000000000000000000, -1.440515581599286055 ) ) ;
#1310 = CARTESIAN_POINT ( 'NONE',  ( -54.51494277616077255, 0.000000000000000000, 74.36283352038542205 ) ) ;
#1311 = VERTEX_POINT ( 'NONE', #1085 ) ;
#1312 = CARTESIAN_POINT ( 'NONE',  ( -0.1322259682266868908, 3.000000000000000000, -1.440515581599286055 ) ) ;
#1313 = EDGE_CURVE ( 'NONE', #213, #1193, #1910, .T. ) ;
#1314 = ORIENTED_EDGE ( 'NONE', *, *, #1878, .T. ) ;
#1315 = VECTOR ( 'NONE', #1131, 1000.000000000000000 ) ;
#1316 = ADVANCED_FACE ( 'NONE', ( #298 ), #1296, .T. ) ;
#1317 = VECTOR ( 'NONE', #1261, 1000.000000000000000 ) ;
#1318 = CARTESIAN_POINT ( 'NONE',  ( 40.31514176767326063, 15.00000000000000000, -32.75652680656293114 ) ) ;
#1319 = VERTEX_POINT ( 'NONE', #1423 ) ;
#1320 = LINE ( 'NONE', #677, #1745 ) ;
#1321 = CIRCLE ( 'NONE', #406, 5.500000000000005329 ) ;
#1322 = ORIENTED_EDGE ( 'NONE', *, *, #901, .F. ) ;
#1323 = FACE_OUTER_BOUND ( 'NONE', #1495, .T. ) ;
#1324 = CARTESIAN_POINT ( 'NONE',  ( 89.66450610010822686, 30.00000000000000000, -31.75128721478390048 ) ) ;
#1325 = DIRECTION ( 'NONE',  ( -0.000000000000000000, -1.000000000000000000, -0.000000000000000000 ) ) ;
#1326 = EDGE_CURVE ( 'NONE', #768, #1040, #614, .T. ) ;
#1327 = ORIENTED_EDGE ( 'NONE', *, *, #1914, .F. ) ;
#1328 = ADVANCED_FACE ( 'NONE', ( #953 ), #332, .F. ) ;
#1329 = FACE_OUTER_BOUND ( 'NONE', #397, .T. ) ;
#1330 = ORIENTED_EDGE ( 'NONE', *, *, #861, .F. ) ;
#1331 = DIRECTION ( 'NONE',  ( -0.000000000000000000, -1.000000000000000000, -0.000000000000000000 ) ) ;
#1332 = ORIENTED_EDGE ( 'NONE', *, *, #527, .F. ) ;
#1333 = CARTESIAN_POINT ( 'NONE',  ( -54.51494277616077255, 3.000000000000000000, 62.86283352038542205 ) ) ;
#1334 = DIRECTION ( 'NONE',  ( 0.000000000000000000, -1.000000000000000000, 0.000000000000000000 ) ) ;
#1335 = AXIS2_PLACEMENT_3D ( 'NONE', #547, #1852, #396 ) ;
#1336 = CARTESIAN_POINT ( 'NONE',  ( 77.71257853069131727, 30.00000000000000000, -30.67824137447134447 ) ) ;
#1337 = ORIENTED_EDGE ( 'NONE', *, *, #1439, .F. ) ;
#1338 = VECTOR ( 'NONE', #525, 1000.000000000000000 ) ;
#1339 = CIRCLE ( 'NONE', #691, 9.499999999999994671 ) ;
#1340 = FACE_OUTER_BOUND ( 'NONE', #726, .T. ) ;
#1341 = VERTEX_POINT ( 'NONE', #1767 ) ;
#1342 = EDGE_CURVE ( 'NONE', #1583, #945, #1501, .T. ) ;
#1343 = FACE_OUTER_BOUND ( 'NONE', #100, .T. ) ;
#1344 = CARTESIAN_POINT ( 'NONE',  ( 77.71257853069131727, 19.00000000000000000, -30.67824137447134447 ) ) ;
#1345 = ORIENTED_EDGE ( 'NONE', *, *, #2014, .F. ) ;
#1346 = CARTESIAN_POINT ( 'NONE',  ( -79.86573366723315814, 19.00000000000000000, -2.617338046031004062 ) ) ;
#1347 = FACE_OUTER_BOUND ( 'NONE', #67, .T. ) ;
#1348 = EDGE_LOOP ( 'NONE', ( #641, #1633 ) ) ;
#1349 = PRODUCT_DEFINITION_CONTEXT ( 'detailed design', #810, 'design' ) ;
#1350 = ORIENTED_EDGE ( 'NONE', *, *, #339, .F. ) ;
#1351 = CARTESIAN_POINT ( 'NONE',  ( 77.71257853069131727, 0.000000000000000000, -36.17824137447134802 ) ) ;
#1352 = EDGE_CURVE ( 'NONE', #837, #706, #1755, .T. ) ;
#1353 = VECTOR ( 'NONE', #2047, 1000.000000000000227 ) ;
#1354 = ADVANCED_FACE ( 'NONE', ( #806 ), #774, .F. ) ;
#1355 = VERTEX_POINT ( 'NONE', #1926 ) ;
#1356 = DIRECTION ( 'NONE',  ( -0.000000000000000000, -1.000000000000000000, -0.000000000000000000 ) ) ;
#1357 = DIRECTION ( 'NONE',  ( 0.000000000000000000, 0.000000000000000000, 1.000000000000000000 ) ) ;
#1358 = ORIENTED_EDGE ( 'NONE', *, *, #1382, .T. ) ;
#1359 = CYLINDRICAL_SURFACE ( 'NONE', #702, 5.500000000000003553 ) ;
#1360 = LINE ( 'NONE', #2018, #1101 ) ;
#1361 = CYLINDRICAL_SURFACE ( 'NONE', #1335, 38.50000000000000000 ) ;
#1362 = ORIENTED_EDGE ( 'NONE', *, *, #1704, .T. ) ;
#1363 = FACE_BOUND ( 'NONE', #647, .T. ) ;
#1364 = ORIENTED_EDGE ( 'NONE', *, *, #395, .T. ) ;
#1365 = DIRECTION ( 'NONE',  ( 0.08942048669271296379, 0.000000000000000000, 0.9959939641180755032 ) ) ;
#1366 = DIRECTION ( 'NONE',  ( -0.8457858307699127609, -0.000000000000000000, 0.5335225660352601595 ) ) ;
#1367 = EDGE_CURVE ( 'NONE', #1672, #1617, #467, .T. ) ;
#1368 = AXIS2_PLACEMENT_3D ( 'NONE', #1369, #251, #521 ) ;
#1369 = CARTESIAN_POINT ( 'NONE',  ( 60.72801745395057083, 30.00000000000000000, -44.66125553560498673 ) ) ;
#1370 = ORIENTED_EDGE ( 'NONE', *, *, #656, .F. ) ;
#1371 = AXIS2_PLACEMENT_3D ( 'NONE', #766, #775, #1446 ) ;
#1372 = AXIS2_PLACEMENT_3D ( 'NONE', #1226, #385, #560 ) ;
#1373 = ORIENTED_EDGE ( 'NONE', *, *, #1313, .T. ) ;
#1374 = DIRECTION ( 'NONE',  ( 0.000000000000000000, 1.000000000000000000, 0.000000000000000000 ) ) ;
#1375 = CARTESIAN_POINT ( 'NONE',  ( -79.86573366723315814, 30.00000000000000000, 6.882661953968992385 ) ) ;
#1376 = ORIENTED_EDGE ( 'NONE', *, *, #809, .T. ) ;
#1377 = CARTESIAN_POINT ( 'NONE',  ( 89.66450610010822686, 0.000000000000000000, -31.75128721478390048 ) ) ;
#1378 = DIRECTION ( 'NONE',  ( 0.000000000000000000, 0.000000000000000000, -1.000000000000000000 ) ) ;
#1379 = VERTEX_POINT ( 'NONE', #308 ) ;
#1380 = VECTOR ( 'NONE', #755, 1000.000000000000000 ) ;
#1381 = CARTESIAN_POINT ( 'NONE',  ( 86.29694525319176535, 19.00000000000000000, 64.93717918086390739 ) ) ;
#1382 = EDGE_CURVE ( 'NONE', #8, #768, #630, .T. ) ;
#1383 = VERTEX_POINT ( 'NONE', #966 ) ;
#1384 = DIRECTION ( 'NONE',  ( 0.000000000000000000, 0.000000000000000000, 1.000000000000000000 ) ) ;
#1385 = LINE ( 'NONE', #1404, #1380 ) ;
#1386 = DIRECTION ( 'NONE',  ( 0.000000000000000000, 1.000000000000000000, 0.000000000000000000 ) ) ;
#1387 = CIRCLE ( 'NONE', #61, 5.500000000000003553 ) ;
#1388 = VECTOR ( 'NONE', #2074, 1000.000000000000000 ) ;
#1389 = AXIS2_PLACEMENT_3D ( 'NONE', #434, #608, #130 ) ;
#1390 = VERTEX_POINT ( 'NONE', #1618 ) ;
#1391 = FACE_OUTER_BOUND ( 'NONE', #1977, .T. ) ;
#1392 = DIRECTION ( 'NONE',  ( 0.000000000000000000, 1.000000000000000000, 0.000000000000000000 ) ) ;
#1393 = VECTOR ( 'NONE', #1240, 1000.000000000000000 ) ;
#1394 = EDGE_CURVE ( 'NONE', #1098, #1474, #790, .T. ) ;
#1395 = ORIENTED_EDGE ( 'NONE', *, *, #492, .F. ) ;
#1396 = EDGE_CURVE ( 'NONE', #1639, #1799, #497, .T. ) ;
#1397 = DIRECTION ( 'NONE',  ( -0.000000000000000000, -1.000000000000000000, -0.000000000000000000 ) ) ;
#1398 = ORIENTED_EDGE ( 'NONE', *, *, #1704, .F. ) ;
#1399 = LINE ( 'NONE', #1569, #1284 ) ;
#1400 = ORIENTED_EDGE ( 'NONE', *, *, #1954, .F. ) ;
#1401 = CIRCLE ( 'NONE', #1466, 9.499999999999994671 ) ;
#1402 = ORIENTED_EDGE ( 'NONE', *, *, #1853, .T. ) ;
#1403 = CIRCLE ( 'NONE', #1201, 38.50000000000000000 ) ;
#1404 = CARTESIAN_POINT ( 'NONE',  ( -0.1322259682266868908, 30.00000000000000000, -29.44051558159928561 ) ) ;
#1405 = EDGE_CURVE ( 'NONE', #598, #306, #1862, .T. ) ;
#1406 = VERTEX_POINT ( 'NONE', #1684 ) ;
#1407 = DIRECTION ( 'NONE',  ( 0.000000000000000000, 0.000000000000000000, -1.000000000000000000 ) ) ;
#1408 = VERTEX_POINT ( 'NONE', #1816 ) ;
#1409 = CARTESIAN_POINT ( 'NONE',  ( -73.03324147817575351, 19.00000000000000000, 85.06221238245245786 ) ) ;
#1410 = DIRECTION ( 'NONE',  ( -0.8457858307699127609, -0.000000000000000000, 0.5335225660352601595 ) ) ;
#1411 = CARTESIAN_POINT ( 'NONE',  ( 86.29694525319176535, 30.00000000000000000, 55.43717918086390739 ) ) ;
#1412 = EDGE_CURVE ( 'NONE', #1625, #1254, #1990, .T. ) ;
#1413 = CARTESIAN_POINT ( 'NONE',  ( -73.03324147817575351, 0.000000000000000000, 79.56221238245245786 ) ) ;
#1414 = AXIS2_PLACEMENT_3D ( 'NONE', #1381, #1206, #1200 ) ;
#1415 = EDGE_CURVE ( 'NONE', #1842, #1833, #995, .T. ) ;
#1416 = DIRECTION ( 'NONE',  ( -0.000000000000000000, 1.000000000000000000, -0.000000000000000000 ) ) ;
#1417 = ORIENTED_EDGE ( 'NONE', *, *, #1096, .F. ) ;
#1418 = DIRECTION ( 'NONE',  ( 0.000000000000000000, 0.000000000000000000, 1.000000000000000000 ) ) ;
#1419 = LINE ( 'NONE', #1570, #1282 ) ;
#1420 = DIRECTION ( 'NONE',  ( -0.000000000000000000, -1.000000000000000000, -0.000000000000000000 ) ) ;
#1421 = ORIENTED_EDGE ( 'NONE', *, *, #1299, .F. ) ;
#1422 = CARTESIAN_POINT ( 'NONE',  ( -73.03324147817575351, 30.00000000000000000, 85.06221238245245786 ) ) ;
#1423 = CARTESIAN_POINT ( 'NONE',  ( -0.1322259682266868908, 0.000000000000000000, -39.94051558159928561 ) ) ;
#1424 = DIRECTION ( 'NONE',  ( -0.000000000000000000, 1.000000000000000000, -0.000000000000000000 ) ) ;
#1425 = ORIENTED_EDGE ( 'NONE', *, *, #276, .T. ) ;
#1426 = CARTESIAN_POINT ( 'NONE',  ( -0.1322259682266868908, 30.00000000000000000, 38.55948441840070728 ) ) ;
#1427 = FACE_BOUND ( 'NONE', #1348, .T. ) ;
#1428 = ORIENTED_EDGE ( 'NONE', *, *, #1558, .F. ) ;
#1429 = EDGE_CURVE ( 'NONE', #1651, #708, #1304, .T. ) ;
#1430 = VERTEX_POINT ( 'NONE', #671 ) ;
#1431 = AXIS2_PLACEMENT_3D ( 'NONE', #1774, #1126, #317 ) ;
#1432 = CARTESIAN_POINT ( 'NONE',  ( -84.98056483628261049, 30.00000000000000000, 80.68536178339338960 ) ) ;
#1433 = CIRCLE ( 'NONE', #282, 9.499999999999994671 ) ;
#1434 = CARTESIAN_POINT ( 'NONE',  ( 77.71257853069131727, 19.00000000000000000, -21.17824137447135158 ) ) ;
#1435 = VECTOR ( 'NONE', #2040, 1000.000000000000000 ) ;
#1436 = ORIENTED_EDGE ( 'NONE', *, *, #1744, .F. ) ;
#1437 = CARTESIAN_POINT ( 'NONE',  ( 60.72801745395057083, 0.000000000000000000, -44.66125553560498673 ) ) ;
#1438 =( NAMED_UNIT ( * ) SI_UNIT ( $, .STERADIAN. ) SOLID_ANGLE_UNIT ( ) );
#1439 = EDGE_CURVE ( 'NONE', #138, #1802, #229, .T. ) ;
#1440 = AXIS2_PLACEMENT_3D ( 'NONE', #844, #1528, #1365 ) ;
#1441 = ORIENTED_EDGE ( 'NONE', *, *, #751, .T. ) ;
#1442 = AXIS2_PLACEMENT_3D ( 'NONE', #401, #2033, #1183 ) ;
#1443 = EDGE_CURVE ( 'NONE', #1406, #533, #264, .T. ) ;
#1444 = DIRECTION ( 'NONE',  ( 0.000000000000000000, -1.000000000000000000, 0.000000000000000000 ) ) ;
#1445 = CARTESIAN_POINT ( 'NONE',  ( -0.1322259682266868908, 15.00000000000000000, -1.440515581599286055 ) ) ;
#1446 = DIRECTION ( 'NONE',  ( 0.000000000000000000, 0.000000000000000000, -1.000000000000000000 ) ) ;
#1447 = ORIENTED_EDGE ( 'NONE', *, *, #1207, .F. ) ;
#1448 = CARTESIAN_POINT ( 'NONE',  ( -54.51494277616077255, 3.000000000000000000, 51.36283352038542915 ) ) ;
#1449 = ORIENTED_EDGE ( 'NONE', *, *, #2025, .F. ) ;
#1450 = AXIS2_PLACEMENT_3D ( 'NONE', #1307, #642, #2106 ) ;
#1451 = CIRCLE ( 'NONE', #1763, 9.499999999999994671 ) ;
#1452 = CARTESIAN_POINT ( 'NONE',  ( -0.1322259682266868908, 4.000000000000000000, -29.44051558159928561 ) ) ;
#1453 = ORIENTED_EDGE ( 'NONE', *, *, #136, .T. ) ;
#1454 = ADVANCED_FACE ( 'NONE', ( #1636, #2091 ), #1773, .T. ) ;
#1455 = LINE ( 'NONE', #1736, #1121 ) ;
#1456 = ORIENTED_EDGE ( 'NONE', *, *, #2079, .F. ) ;
#1457 = LINE ( 'NONE', #2, #302 ) ;
#1458 = DIRECTION ( 'NONE',  ( 0.000000000000000000, -1.000000000000000000, 0.000000000000000000 ) ) ;
#1459 = AXIS2_PLACEMENT_3D ( 'NONE', #75, #602, #2065 ) ;
#1460 = CARTESIAN_POINT ( 'NONE',  ( -86.26800445965626807, 30.00000000000000000, -3.266768015269956749 ) ) ;
#1461 = VERTEX_POINT ( 'NONE', #1953 ) ;
#1462 = CARTESIAN_POINT ( 'NONE',  ( -54.51494277616077255, 0.000000000000000000, 62.86283352038542205 ) ) ;
#1463 = EDGE_LOOP ( 'NONE', ( #108, #417, #173, #1920 ) ) ;
#1464 = DIRECTION ( 'NONE',  ( -0.000000000000000000, -1.000000000000000000, -0.000000000000000000 ) ) ;
#1465 = DIRECTION ( 'NONE',  ( 0.000000000000000000, 1.000000000000000000, 0.000000000000000000 ) ) ;
#1466 = AXIS2_PLACEMENT_3D ( 'NONE', #1991, #1009, #1661 ) ;
#1467 = ADVANCED_FACE ( 'NONE', ( #491 ), #327, .T. ) ;
#1468 = AXIS2_PLACEMENT_3D ( 'NONE', #645, #915, #758 ) ;
#1469 = ADVANCED_FACE ( 'NONE', ( #24 ), #336, .F. ) ;
#1470 = CIRCLE ( 'NONE', #217, 17.50000000000000000 ) ;
#1471 = ORIENTED_EDGE ( 'NONE', *, *, #1548, .F. ) ;
#1472 = LINE ( 'NONE', #1644, #503 ) ;
#1473 = CARTESIAN_POINT ( 'NONE',  ( 86.29694525319176535, 30.00000000000000000, 74.43717918086389318 ) ) ;
#1474 = VERTEX_POINT ( 'NONE', #265 ) ;
#1475 = DIRECTION ( 'NONE',  ( -0.000000000000000000, 1.000000000000000000, -0.000000000000000000 ) ) ;
#1476 = VERTEX_POINT ( 'NONE', #745 ) ;
#1477 = CARTESIAN_POINT ( 'NONE',  ( 32.91188811852438789, 30.00000000000000000, -35.56289129346582456 ) ) ;
#1478 = EDGE_CURVE ( 'NONE', #306, #393, #1258, .T. ) ;
#1479 = ORIENTED_EDGE ( 'NONE', *, *, #1482, .T. ) ;
#1480 = LINE ( 'NONE', #1952, #1726 ) ;
#1481 = DIRECTION ( 'NONE',  ( 0.000000000000000000, 0.000000000000000000, 1.000000000000000000 ) ) ;
#1482 = EDGE_CURVE ( 'NONE', #8, #1476, #1724, .T. ) ;
#1483 = DIRECTION ( 'NONE',  ( -0.000000000000000000, -1.000000000000000000, -0.000000000000000000 ) ) ;
#1484 = ORIENTED_EDGE ( 'NONE', *, *, #89, .F. ) ;
#1485 = FACE_OUTER_BOUND ( 'NONE', #351, .T. ) ;
#1486 = EDGE_LOOP ( 'NONE', ( #1280, #761, #230, #400 ) ) ;
#1487 = DIRECTION ( 'NONE',  ( 0.000000000000000000, 0.000000000000000000, -1.000000000000000000 ) ) ;
#1488 = AXIS2_PLACEMENT_3D ( 'NONE', #2078, #777, #639 ) ;
#1489 = CYLINDRICAL_SURFACE ( 'NONE', #1632, 47.50000000000000000 ) ;
#1490 = DIRECTION ( 'NONE',  ( 0.000000000000000000, 0.000000000000000000, -1.000000000000000000 ) ) ;
#1491 = AXIS2_PLACEMENT_3D ( 'NONE', #2034, #662, #731 ) ;
#1492 = ORIENTED_EDGE ( 'NONE', *, *, #1664, .T. ) ;
#1493 = DIRECTION ( 'NONE',  ( 0.000000000000000000, -1.000000000000000000, 0.000000000000000000 ) ) ;
#1494 = CARTESIAN_POINT ( 'NONE',  ( -54.51494277616077255, 3.000000000000000000, 74.36283352038542205 ) ) ;
#1495 = EDGE_LOOP ( 'NONE', ( #102, #40, #50, #797 ) ) ;
#1496 = EDGE_CURVE ( 'NONE', #837, #1311, #1035, .T. ) ;
#1497 = PLANE ( 'NONE',  #1868 ) ;
#1498 = EDGE_LOOP ( 'NONE', ( #627, #1854 ) ) ;
#1499 = CARTESIAN_POINT ( 'NONE',  ( -79.86573366723315814, 30.00000000000000000, 6.882661953968992385 ) ) ;
#1500 = CARTESIAN_POINT ( 'NONE',  ( 40.78260829083443184, 30.00000000000000000, -32.78841266735884119 ) ) ;
#1501 = CIRCLE ( 'NONE', #2038, 39.99999999999999289 ) ;
#1502 = ORIENTED_EDGE ( 'NONE', *, *, #316, .F. ) ;
#1503 = CYLINDRICAL_SURFACE ( 'NONE', #6, 44.50000000000000711 ) ;
#1504 = DIRECTION ( 'NONE',  ( -0.08942048669271296379, -0.000000000000000000, -0.9959939641180755032 ) ) ;
#1505 = CARTESIAN_POINT ( 'NONE',  ( 87.39382274331089206, 30.00000000000000000, 76.88694318571647557 ) ) ;
#1506 = AXIS2_PLACEMENT_3D ( 'NONE', #1591, #137, #949 ) ;
#1507 = DIRECTION ( 'NONE',  ( 0.000000000000000000, -1.000000000000000000, 0.000000000000000000 ) ) ;
#1508 = ORIENTED_EDGE ( 'NONE', *, *, #1415, .F. ) ;
#1509 = EDGE_CURVE ( 'NONE', #1820, #590, #2002, .T. ) ;
#1510 = CARTESIAN_POINT ( 'NONE',  ( -73.03324147817575351, 30.00000000000000000, 70.06221238245245786 ) ) ;
#1511 = DIRECTION ( 'NONE',  ( -0.000000000000000000, -1.000000000000000000, -0.000000000000000000 ) ) ;
#1512 = ORIENTED_EDGE ( 'NONE', *, *, #1429, .T. ) ;
#1513 = EDGE_CURVE ( 'NONE', #59, #1787, #72, .T. ) ;
#1514 = CARTESIAN_POINT ( 'NONE',  ( -0.1322259682266868908, 4.000000000000000000, -1.440515581599286055 ) ) ;
#1515 = ORIENTED_EDGE ( 'NONE', *, *, #1238, .F. ) ;
#1516 = CARTESIAN_POINT ( 'NONE',  ( 39.86854371573514300, 30.00000000000000000, -42.74654933806930757 ) ) ;
#1517 = CARTESIAN_POINT ( 'NONE',  ( 89.66450610010822686, 30.00000000000000000, -31.75128721478390048 ) ) ;
#1518 = CARTESIAN_POINT ( 'NONE',  ( -54.51494277616077255, 3.000000000000000000, 62.86283352038542205 ) ) ;
#1519 = ORIENTED_EDGE ( 'NONE', *, *, #1558, .T. ) ;
#1520 = DIRECTION ( 'NONE',  ( 0.000000000000000000, 0.000000000000000000, -1.000000000000000000 ) ) ;
#1521 = CARTESIAN_POINT ( 'NONE',  ( -47.10911626234762650, 30.00000000000000000, -27.96823469164829490 ) ) ;
#1522 = VECTOR ( 'NONE', #242, 1000.000000000000227 ) ;
#1523 = ORIENTED_EDGE ( 'NONE', *, *, #1394, .F. ) ;
#1524 =( NAMED_UNIT ( * ) SI_UNIT ( $, .STERADIAN. ) SOLID_ANGLE_UNIT ( ) );
#1525 = EDGE_CURVE ( 'NONE', #1532, #461, #1387, .T. ) ;
#1526 = AXIS2_PLACEMENT_3D ( 'NONE', #626, #1931, #304 ) ;
#1527 = ORIENTED_EDGE ( 'NONE', *, *, #2094, .T. ) ;
#1528 = DIRECTION ( 'NONE',  ( -0.9959939641180756142, 0.000000000000000000, 0.08942048669271297767 ) ) ;
#1529 = FACE_OUTER_BOUND ( 'NONE', #243, .T. ) ;
#1530 = EDGE_LOOP ( 'NONE', ( #1939, #1162, #2053, #82 ) ) ;
#1531 = DIRECTION ( 'NONE',  ( 0.9958136670710473481, 0.000000000000000000, -0.09140645750992283658 ) ) ;
#1532 = VERTEX_POINT ( 'NONE', #557 ) ;
#1533 = DIRECTION ( 'NONE',  ( 0.9958136670710467930, 0.000000000000000000, -0.09140645750992872076 ) ) ;
#1534 = CARTESIAN_POINT ( 'NONE',  ( -45.50854856424184902, 30.00000000000000000, -25.43087719933855340 ) ) ;
#1535 = ADVANCED_FACE ( 'NONE', ( #1187, #569 ), #1874, .T. ) ;
#1536 = ORIENTED_EDGE ( 'NONE', *, *, #2079, .T. ) ;
#1537 = DIRECTION ( 'NONE',  ( 0.000000000000000000, 0.000000000000000000, 1.000000000000000000 ) ) ;
#1538 = ADVANCED_FACE ( 'NONE', ( #734 ), #1861, .F. ) ;
#1539 = AXIS2_PLACEMENT_3D ( 'NONE', #782, #1946, #1800 ) ;
#1540 = DIRECTION ( 'NONE',  ( 0.000000000000000000, 0.000000000000000000, -1.000000000000000000 ) ) ;
#1541 = ORIENTED_EDGE ( 'NONE', *, *, #1247, .F. ) ;
#1542 = AXIS2_PLACEMENT_3D ( 'NONE', #991, #2075, #1119 ) ;
#1543 = ORIENTED_EDGE ( 'NONE', *, *, #113, .T. ) ;
#1544 = DIRECTION ( 'NONE',  ( 0.09140645750992872076, -0.000000000000000000, 0.9958136670710467930 ) ) ;
#1545 = DIRECTION ( 'NONE',  ( -0.000000000000000000, -1.000000000000000000, -0.000000000000000000 ) ) ;
#1546 = CIRCLE ( 'NONE', #255, 5.500000000000005329 ) ;
#1547 = DIRECTION ( 'NONE',  ( 0.000000000000000000, 1.000000000000000000, 0.000000000000000000 ) ) ;
#1548 = EDGE_CURVE ( 'NONE', #1820, #138, #1360, .T. ) ;
#1549 = DIRECTION ( 'NONE',  ( 0.000000000000000000, 1.000000000000000000, 0.000000000000000000 ) ) ;
#1550 = CARTESIAN_POINT ( 'NONE',  ( 68.44827248883272830, 30.00000000000000000, -38.30534000781697301 ) ) ;
#1551 = EDGE_CURVE ( 'NONE', #1040, #480, #984, .T. ) ;
#1552 = EDGE_LOOP ( 'NONE', ( #324, #1587 ) ) ;
#1553 = DIRECTION ( 'NONE',  ( 0.000000000000000000, 0.000000000000000000, 1.000000000000000000 ) ) ;
#1554 = AXIS2_PLACEMENT_3D ( 'NONE', #1584, #330, #964 ) ;
#1555 = CARTESIAN_POINT ( 'NONE',  ( 67.13962814350176700, 3.000000000000000000, 30.48677163014986746 ) ) ;
#1556 = VERTEX_POINT ( 'NONE', #183 ) ;
#1557 = CIRCLE ( 'NONE', #1967, 12.00000000000001066 ) ;
#1558 = EDGE_CURVE ( 'NONE', #1805, #122, #1011, .T. ) ;
#1559 = EDGE_LOOP ( 'NONE', ( #424, #427, #1289, #366, #319, #1345 ) ) ;
#1560 = CARTESIAN_POINT ( 'NONE',  ( 0.000000000000000000, 0.000000000000000000, 0.000000000000000000 ) ) ;
#1561 = DIRECTION ( 'NONE',  ( 0.000000000000000000, 0.000000000000000000, 1.000000000000000000 ) ) ;
#1562 = CARTESIAN_POINT ( 'NONE',  ( -0.1322259682266868908, 15.00000000000000000, 31.87550982218503037 ) ) ;
#1563 = CIRCLE ( 'NONE', #646, 11.99999999999999645 ) ;
#1564 = ORIENTED_EDGE ( 'NONE', *, *, #1170, .T. ) ;
#1565 = ADVANCED_FACE ( 'NONE', ( #858 ), #1663, .F. ) ;
#1566 = VECTOR ( 'NONE', #1270, 1000.000000000000000 ) ;
#1567 = DIRECTION ( 'NONE',  ( 0.000000000000000000, 0.000000000000000000, 1.000000000000000000 ) ) ;
#1568 = FACE_OUTER_BOUND ( 'NONE', #1248, .T. ) ;
#1569 = CARTESIAN_POINT ( 'NONE',  ( -0.1322259682266829217, 4.000000000000000000, -33.89051558159928845 ) ) ;
#1570 = CARTESIAN_POINT ( 'NONE',  ( 87.39382274331089206, 0.000000000000000000, 76.88694318571647557 ) ) ;
#1571 = ORIENTED_EDGE ( 'NONE', *, *, #1551, .F. ) ;
#1572 = FACE_OUTER_BOUND ( 'NONE', #1029, .T. ) ;
#1573 = CARTESIAN_POINT ( 'NONE',  ( -79.86573366723315814, 0.000000000000000000, 1.382661953968989277 ) ) ;
#1574 = ADVANCED_FACE ( 'NONE', ( #1687 ), #1359, .F. ) ;
#1575 = VECTOR ( 'NONE', #1366, 1000.000000000000000 ) ;
#1576 = ORIENTED_EDGE ( 'NONE', *, *, #1744, .T. ) ;
#1577 = AXIS2_PLACEMENT_3D ( 'NONE', #1925, #1786, #941 ) ;
#1578 = DIRECTION ( 'NONE',  ( 0.000000000000000000, 1.000000000000000000, 0.000000000000000000 ) ) ;
#1579 = DIRECTION ( 'NONE',  ( 0.09156650608386139589, 0.000000000000000000, 0.9957989631263903796 ) ) ;
#1580 = DIRECTION ( 'NONE',  ( 0.000000000000000000, 0.000000000000000000, 1.000000000000000000 ) ) ;
#1581 = CLOSED_SHELL ( 'NONE', ( #443, #1469, #410, #1690, #1927, #246, #747, #479, #249, #820, #1809, #420, #1565, #1824, #1851, #1538, #543, #1138, #300, #1660, #1467, #771, #2011, #1889, #701, #594, #1574, #2050, #1354, #791, #934, #1110, #2083, #1055, #1996, #1999, #1600, #714, #381, #127, #329, #1758, #355, #1454, #735, #2052, #1225, #1535, #1823, #365, #935, #1586, #494, #236, #1002, #1642, #379, #352, #1082, #193, #1628, #2060, #2072, #687, #1328, #1797, #1316, #1731, #757 ) ) ;
#1582 = CIRCLE ( 'NONE', #834, 5.500000000000005329 ) ;
#1583 = VERTEX_POINT ( 'NONE', #71 ) ;
#1584 = CARTESIAN_POINT ( 'NONE',  ( -0.1322259682266868908, 3.000000000000000000, -1.440515581599286055 ) ) ;
#1585 = CARTESIAN_POINT ( 'NONE',  ( -0.1322259682266814507, 0.000000000000000000, 43.05948441840072149 ) ) ;
#1586 = ADVANCED_FACE ( 'NONE', ( #1199 ), #231, .F. ) ;
#1587 = ORIENTED_EDGE ( 'NONE', *, *, #1769, .T. ) ;
#1588 = FACE_BOUND ( 'NONE', #1552, .T. ) ;
#1589 = LINE ( 'NONE', #2090, #667 ) ;
#1590 = EDGE_CURVE ( 'NONE', #1311, #837, #599, .T. ) ;
#1591 = CARTESIAN_POINT ( 'NONE',  ( -54.51494277616077255, 3.000000000000000000, 62.86283352038542205 ) ) ;
#1592 = ORIENTED_EDGE ( 'NONE', *, *, #1228, .T. ) ;
#1593 = CARTESIAN_POINT ( 'NONE',  ( -73.03324147817575351, 0.000000000000000000, 85.06221238245245786 ) ) ;
#1594 = DIRECTION ( 'NONE',  ( -0.000000000000000000, -1.000000000000000000, -0.000000000000000000 ) ) ;
#1595 = VECTOR ( 'NONE', #305, 1000.000000000000000 ) ;
#1596 = CYLINDRICAL_SURFACE ( 'NONE', #9, 9.499999999999994671 ) ;
#1597 = VECTOR ( 'NONE', #202, 1000.000000000000000 ) ;
#1598 = ORIENTED_EDGE ( 'NONE', *, *, #1412, .T. ) ;
#1599 = FILL_AREA_STYLE_COLOUR ( '', #2008 ) ;
#1600 = ADVANCED_FACE ( 'NONE', ( #1265 ), #290, .F. ) ;
#1601 = CARTESIAN_POINT ( 'NONE',  ( -0.1322259682266868908, 4.000000000000000000, -1.440515581599286055 ) ) ;
#1602 = ORIENTED_EDGE ( 'NONE', *, *, #1180, .F. ) ;
#1603 = EDGE_CURVE ( 'NONE', #1176, #822, #2076, .T. ) ;
#1604 = VECTOR ( 'NONE', #60, 1000.000000000000227 ) ;
#1605 = DIRECTION ( 'NONE',  ( -0.000000000000000000, 1.000000000000000000, -0.000000000000000000 ) ) ;
#1606 = ORIENTED_EDGE ( 'NONE', *, *, #572, .F. ) ;
#1607 = CARTESIAN_POINT ( 'NONE',  ( 86.29694525319176535, 30.00000000000000000, 59.43717918086390029 ) ) ;
#1608 = DIRECTION ( 'NONE',  ( 0.000000000000000000, 0.000000000000000000, -1.000000000000000000 ) ) ;
#1609 = AXIS2_PLACEMENT_3D ( 'NONE', #315, #147, #640 ) ;
#1610 = EDGE_LOOP ( 'NONE', ( #831, #2039, #692, #2063 ) ) ;
#1611 = DIRECTION ( 'NONE',  ( -0.000000000000000000, 1.000000000000000000, -0.000000000000000000 ) ) ;
#1612 = ORIENTED_EDGE ( 'NONE', *, *, #1793, .F. ) ;
#1613 = AXIS2_PLACEMENT_3D ( 'NONE', #1462, #951, #151 ) ;
#1614 = EDGE_CURVE ( 'NONE', #1532, #563, #1075, .T. ) ;
#1615 = PRESENTATION_LAYER_ASSIGNMENT (  '', '', ( #371 ) ) ;
#1616 = CARTESIAN_POINT ( 'NONE',  ( 86.29694525319176535, 19.00000000000000000, 55.43717918086390739 ) ) ;
#1617 = VERTEX_POINT ( 'NONE', #1188 ) ;
#1618 = CARTESIAN_POINT ( 'NONE',  ( -47.10911626234762650, 15.00000000000000000, -27.96823469164829490 ) ) ;
#1619 = EDGE_CURVE ( 'NONE', #1341, #2004, #1032, .T. ) ;
#1620 = CARTESIAN_POINT ( 'NONE',  ( 67.13962814350176700, 0.000000000000000000, 16.48677163014986746 ) ) ;
#1621 = VERTEX_POINT ( 'NONE', #1510 ) ;
#1622 = DIRECTION ( 'NONE',  ( 0.000000000000000000, 0.000000000000000000, -1.000000000000000000 ) ) ;
#1623 = CYLINDRICAL_SURFACE ( 'NONE', #384, 9.499999999999994671 ) ;
#1624 = CARTESIAN_POINT ( 'NONE',  ( -0.1322259682266868908, 13.50000000000019895, 31.00948441840071368 ) ) ;
#1625 = VERTEX_POINT ( 'NONE', #1521 ) ;
#1626 = DIRECTION ( 'NONE',  ( 0.000000000000000000, -0.000000000000000000, 1.000000000000000000 ) ) ;
#1627 = ORIENTED_EDGE ( 'NONE', *, *, #1664, .F. ) ;
#1628 = ADVANCED_FACE ( 'NONE', ( #63 ), #1361, .T. ) ;
#1629 = CARTESIAN_POINT ( 'NONE',  ( -0.1322259682266868908, 3.000000000000000000, -39.94051558159928561 ) ) ;
#1630 = CIRCLE ( 'NONE', #214, 47.50000000000000000 ) ;
#1631 = VECTOR ( 'NONE', #289, 1000.000000000000000 ) ;
#1632 = AXIS2_PLACEMENT_3D ( 'NONE', #1834, #175, #375 ) ;
#1633 = ORIENTED_EDGE ( 'NONE', *, *, #11, .F. ) ;
#1634 = CARTESIAN_POINT ( 'NONE',  ( -0.1322259682266868908, 3.000000000000000000, -45.94051558159929272 ) ) ;
#1635 = LINE ( 'NONE', #1448, #1796 ) ;
#1636 = FACE_BOUND ( 'NONE', #2062, .T. ) ;
#1637 = EDGE_LOOP ( 'NONE', ( #1327, #1026 ) ) ;
#1638 = DIRECTION ( 'NONE',  ( 0.000000000000000000, 0.000000000000000000, 1.000000000000000000 ) ) ;
#1639 = VERTEX_POINT ( 'NONE', #871 ) ;
#1640 = CARTESIAN_POINT ( 'NONE',  ( -91.81305702534002933, 30.00000000000000000, 8.005811354909930344 ) ) ;
#1641 = CARTESIAN_POINT ( 'NONE',  ( 67.13962814350176700, 0.000000000000000000, 38.48677163014988167 ) ) ;
#1642 = ADVANCED_FACE ( 'NONE', ( #1971 ), #509, .T. ) ;
#1643 = ORIENTED_EDGE ( 'NONE', *, *, #1478, .F. ) ;
#1644 = CARTESIAN_POINT ( 'NONE',  ( -73.03324147817575351, 19.00000000000000000, 70.06221238245245786 ) ) ;
#1645 = DIRECTION ( 'NONE',  ( 0.000000000000000000, -1.000000000000000000, 0.000000000000000000 ) ) ;
#1646 = ORIENTED_EDGE ( 'NONE', *, *, #431, .T. ) ;
#1647 = VECTOR ( 'NONE', #1917, 1000.000000000000000 ) ;
#1648 = CARTESIAN_POINT ( 'NONE',  ( -42.52115167486267922, 15.00000000000000000, -25.70557671759013374 ) ) ;
#1649 = AXIS2_PLACEMENT_3D ( 'NONE', #132, #485, #931 ) ;
#1650 = CYLINDRICAL_SURFACE ( 'NONE', #567, 9.499999999999994671 ) ;
#1651 = VERTEX_POINT ( 'NONE', #428 ) ;
#1652 = AXIS2_PLACEMENT_3D ( 'NONE', #1941, #1791, #14 ) ;
#1653 = DIRECTION ( 'NONE',  ( 0.000000000000000000, 0.000000000000000000, -1.000000000000000000 ) ) ;
#1654 = CARTESIAN_POINT ( 'NONE',  ( -0.1322259682266868908, 15.00000000000000000, -1.440515581599286055 ) ) ;
#1655 = CIRCLE ( 'NONE', #128, 14.00000000000000178 ) ;
#1656 = ORIENTED_EDGE ( 'NONE', *, *, #259, .F. ) ;
#1657 = FACE_OUTER_BOUND ( 'NONE', #1056, .T. ) ;
#1658 = CARTESIAN_POINT ( 'NONE',  ( -0.1322259682266868908, 3.000000000000000000, -1.440515581599286055 ) ) ;
#1659 = CARTESIAN_POINT ( 'NONE',  ( 67.13962814350176700, 3.000000000000000000, 30.48677163014986746 ) ) ;
#1660 = ADVANCED_FACE ( 'NONE', ( #1288 ), #909, .F. ) ;
#1661 = DIRECTION ( 'NONE',  ( 0.000000000000000000, 0.000000000000000000, 1.000000000000000000 ) ) ;
#1662 = ORIENTED_EDGE ( 'NONE', *, *, #1513, .F. ) ;
#1663 = CYLINDRICAL_SURFACE ( 'NONE', #435, 9.499999999999994671 ) ;
#1664 = EDGE_CURVE ( 'NONE', #489, #254, #101, .T. ) ;
#1665 = CARTESIAN_POINT ( 'NONE',  ( -45.50854856424184902, 30.00000000000000000, -25.43087719933855340 ) ) ;
#1666 = DIRECTION ( 'NONE',  ( -0.000000000000000000, -1.000000000000000000, -0.000000000000000000 ) ) ;
#1667 = DIRECTION ( 'NONE',  ( 0.000000000000000000, 0.000000000000000000, 1.000000000000000000 ) ) ;
#1668 = ORIENTED_EDGE ( 'NONE', *, *, #1367, .F. ) ;
#1669 = DIRECTION ( 'NONE',  ( 0.000000000000000000, 0.000000000000000000, -1.000000000000000000 ) ) ;
#1670 = DIRECTION ( 'NONE',  ( -0.000000000000000000, -1.000000000000000000, -0.000000000000000000 ) ) ;
#1671 = VECTOR ( 'NONE', #1325, 1000.000000000000000 ) ;
#1672 = VERTEX_POINT ( 'NONE', #464 ) ;
#1673 = LINE ( 'NONE', #532, #592 ) ;
#1674 = AXIS2_PLACEMENT_3D ( 'NONE', #1286, #1937, #478 ) ;
#1675 = DIRECTION ( 'NONE',  ( -0.000000000000000000, 1.000000000000000000, -0.000000000000000000 ) ) ;
#1676 = ORIENTED_EDGE ( 'NONE', *, *, #620, .F. ) ;
#1677 = EDGE_CURVE ( 'NONE', #918, #432, #2092, .T. ) ;
#1678 = ORIENTED_EDGE ( 'NONE', *, *, #1954, .T. ) ;
#1679 = CARTESIAN_POINT ( 'NONE',  ( 39.86854371573514300, 0.000000000000000000, -42.74654933806930757 ) ) ;
#1680 = DIRECTION ( 'NONE',  ( 0.000000000000000000, 0.000000000000000000, -1.000000000000000000 ) ) ;
#1681 = FACE_OUTER_BOUND ( 'NONE', #2088, .T. ) ;
#1682 = ORIENTED_EDGE ( 'NONE', *, *, #1978, .T. ) ;
#1683 = DIRECTION ( 'NONE',  ( 0.000000000000000000, 0.000000000000000000, -1.000000000000000000 ) ) ;
#1684 = CARTESIAN_POINT ( 'NONE',  ( -45.50854856424184902, 15.00000000000000000, -28.43087719933855340 ) ) ;
#1685 = CARTESIAN_POINT ( 'NONE',  ( -0.1322259682266868908, 3.000000000000000000, -45.94051558159929272 ) ) ;
#1686 = ORIENTED_EDGE ( 'NONE', *, *, #1313, .F. ) ;
#1687 = FACE_OUTER_BOUND ( 'NONE', #283, .T. ) ;
#1688 = AXIS2_PLACEMENT_3D ( 'NONE', #342, #1464, #1936 ) ;
#1689 = VERTEX_POINT ( 'NONE', #1624 ) ;
#1690 = ADVANCED_FACE ( 'NONE', ( #1279 ), #318, .F. ) ;
#1691 = CARTESIAN_POINT ( 'NONE',  ( -73.03324147817575351, 30.00000000000000000, 79.56221238245245786 ) ) ;
#1692 = AXIS2_PLACEMENT_3D ( 'NONE', #2031, #1053, #1561 ) ;
#1693 = DIRECTION ( 'NONE',  ( 0.000000000000000000, 1.000000000000000000, 0.000000000000000000 ) ) ;
#1694 = EDGE_CURVE ( 'NONE', #1672, #570, #551, .T. ) ;
#1695 = AXIS2_PLACEMENT_3D ( 'NONE', #1048, #685, #1807 ) ;
#1696 = ORIENTED_EDGE ( 'NONE', *, *, #848, .F. ) ;
#1697 = CARTESIAN_POINT ( 'NONE',  ( 77.71257853069131727, 19.00000000000000000, -30.67824137447134447 ) ) ;
#1698 = DIRECTION ( 'NONE',  ( 0.000000000000000000, 1.000000000000000000, 0.000000000000000000 ) ) ;
#1699 = ORIENTED_EDGE ( 'NONE', *, *, #568, .T. ) ;
#1700 = ORIENTED_EDGE ( 'NONE', *, *, #1496, .F. ) ;
#1701 = ORIENTED_EDGE ( 'NONE', *, *, #78, .T. ) ;
#1702 = DIRECTION ( 'NONE',  ( 0.000000000000000000, -1.000000000000000000, 0.000000000000000000 ) ) ;
#1703 = CYLINDRICAL_SURFACE ( 'NONE', #1459, 9.499999999999994671 ) ;
#1704 = EDGE_CURVE ( 'NONE', #884, #1625, #584, .T. ) ;
#1705 = ORIENTED_EDGE ( 'NONE', *, *, #30, .F. ) ;
#1706 = EDGE_CURVE ( 'NONE', #480, #1065, #1947, .T. ) ;
#1707 = VECTOR ( 'NONE', #905, 1000.000000000000000 ) ;
#1708 = DIRECTION ( 'NONE',  ( 0.000000000000000000, -1.000000000000000000, 0.000000000000000000 ) ) ;
#1709 = DIRECTION ( 'NONE',  ( 0.000000000000000000, 1.000000000000000000, 0.000000000000000000 ) ) ;
#1710 = VERTEX_POINT ( 'NONE', #1426 ) ;
#1711 = AXIS2_PLACEMENT_3D ( 'NONE', #1060, #956, #155 ) ;
#1712 = DIRECTION ( 'NONE',  ( 0.000000000000000000, 1.000000000000000000, 0.000000000000000000 ) ) ;
#1713 = ORIENTED_EDGE ( 'NONE', *, *, #1924, .F. ) ;
#1714 = FACE_OUTER_BOUND ( 'NONE', #179, .T. ) ;
#1715 = CARTESIAN_POINT ( 'NONE',  ( 77.71257853069131727, 30.00000000000000000, -30.67824137447134447 ) ) ;
#1716 = LINE ( 'NONE', #1073, #1845 ) ;
#1717 = CIRCLE ( 'NONE', #83, 11.49999999999999645 ) ;
#1718 = AXIS2_PLACEMENT_3D ( 'NONE', #1658, #1356, #1159 ) ;
#1719 = EDGE_CURVE ( 'NONE', #2003, #122, #1778, .T. ) ;
#1720 = PLANE ( 'NONE',  #1071 ) ;
#1721 = DIRECTION ( 'NONE',  ( -0.000000000000000000, 1.000000000000000000, -0.000000000000000000 ) ) ;
#1722 = EDGE_LOOP ( 'NONE', ( #865, #1425 ) ) ;
#1723 = CARTESIAN_POINT ( 'NONE',  ( -54.51494277616077255, 3.000000000000000000, 62.86283352038542205 ) ) ;
#1724 = CIRCLE ( 'NONE', #296, 10.00000000000000178 ) ;
#1725 = CYLINDRICAL_SURFACE ( 'NONE', #185, 8.000000000000010658 ) ;
#1726 = VECTOR ( 'NONE', #501, 1000.000000000000000 ) ;
#1727 = ORIENTED_EDGE ( 'NONE', *, *, #1887, .T. ) ;
#1728 = DIRECTION ( 'NONE',  ( 0.000000000000000000, 0.000000000000000000, 1.000000000000000000 ) ) ;
#1729 = CARTESIAN_POINT ( 'NONE',  ( 77.71257853069131727, 30.00000000000000000, -30.67824137447134447 ) ) ;
#1730 = AXIS2_PLACEMENT_3D ( 'NONE', #1057, #2077, #1728 ) ;
#1731 = ADVANCED_FACE ( 'NONE', ( #273 ), #118, .F. ) ;
#1732 = EDGE_CURVE ( 'NONE', #533, #1076, #241, .T. ) ;
#1733 = ORIENTED_EDGE ( 'NONE', *, *, #2068, .T. ) ;
#1734 = DIRECTION ( 'NONE',  ( -0.000000000000000000, -1.000000000000000000, -0.000000000000000000 ) ) ;
#1735 = DIRECTION ( 'NONE',  ( 0.000000000000000000, 0.000000000000000000, 1.000000000000000000 ) ) ;
#1736 = CARTESIAN_POINT ( 'NONE',  ( 67.13962814350176700, 3.000000000000000000, 44.48677163014987457 ) ) ;
#1737 = DIRECTION ( 'NONE',  ( -0.09359578341174565330, 0.000000000000000000, -0.9956102798422390432 ) ) ;
#1738 = ORIENTED_EDGE ( 'NONE', *, *, #2037, .T. ) ;
#1739 = CARTESIAN_POINT ( 'NONE',  ( 77.71257853069131727, 19.00000000000000000, -40.17824137447134092 ) ) ;
#1740 = CARTESIAN_POINT ( 'NONE',  ( -73.03324147817575351, 19.00000000000000000, 79.56221238245245786 ) ) ;
#1741 = CIRCLE ( 'NONE', #811, 17.50000000000000000 ) ;
#1742 = CARTESIAN_POINT ( 'NONE',  ( 60.72801745395057083, 30.00000000000000000, -44.66125553560498673 ) ) ;
#1743 = ORIENTED_EDGE ( 'NONE', *, *, #1238, .T. ) ;
#1744 = EDGE_CURVE ( 'NONE', #1076, #884, #652, .T. ) ;
#1745 = VECTOR ( 'NONE', #517, 1000.000000000000000 ) ;
#1746 = FACE_OUTER_BOUND ( 'NONE', #1042, .T. ) ;
#1747 = CARTESIAN_POINT ( 'NONE',  ( 87.39382274331089206, 30.00000000000000000, 76.88694318571647557 ) ) ;
#1748 = DIRECTION ( 'NONE',  ( 0.000000000000000000, 0.000000000000000000, 1.000000000000000000 ) ) ;
#1749 = PRODUCT_DEFINITION_SHAPE ( 'NONE', 'NONE',  #445 ) ;
#1750 = EDGE_LOOP ( 'NONE', ( #1902, #1314, #149, #167 ) ) ;
#1751 = CARTESIAN_POINT ( 'NONE',  ( -40.03917585433137560, 15.00000000000000000, 1.286268382694315981 ) ) ;
#1752 = EDGE_LOOP ( 'NONE', ( #1515, #2000, #507, #1189 ) ) ;
#1753 = VERTEX_POINT ( 'NONE', #2005 ) ;
#1754 = DIRECTION ( 'NONE',  ( 0.000000000000000000, 0.000000000000000000, 1.000000000000000000 ) ) ;
#1755 = LINE ( 'NONE', #1607, #1647 ) ;
#1756 = CARTESIAN_POINT ( 'NONE',  ( 77.71257853069131727, 30.00000000000000000, -42.67824137447135513 ) ) ;
#1757 = VECTOR ( 'NONE', #1079, 1000.000000000000000 ) ;
#1758 = ADVANCED_FACE ( 'NONE', ( #301 ), #955, .T. ) ;
#1759 = AXIS2_PLACEMENT_3D ( 'NONE', #1294, #1094, #1754 ) ;
#1760 = EDGE_LOOP ( 'NONE', ( #548, #1033 ) ) ;
#1761 = FACE_OUTER_BOUND ( 'NONE', #1969, .T. ) ;
#1762 = PRESENTATION_STYLE_ASSIGNMENT (( #3 ) ) ;
#1763 = AXIS2_PLACEMENT_3D ( 'NONE', #1740, #753, #617 ) ;
#1764 = CIRCLE ( 'NONE', #2010, 12.00000000000001066 ) ;
#1765 = ORIENTED_EDGE ( 'NONE', *, *, #778, .T. ) ;
#1766 = FACE_OUTER_BOUND ( 'NONE', #576, .T. ) ;
#1767 = CARTESIAN_POINT ( 'NONE',  ( 77.71257853069131727, 19.00000000000000000, -36.17824137447134802 ) ) ;
#1768 = FACE_OUTER_BOUND ( 'NONE', #880, .T. ) ;
#1769 = EDGE_CURVE ( 'NONE', #588, #347, #2057, .T. ) ;
#1770 = EDGE_CURVE ( 'NONE', #1912, #1355, #2023, .T. ) ;
#1771 = EDGE_LOOP ( 'NONE', ( #18, #1061 ) ) ;
#1772 = DIRECTION ( 'NONE',  ( 0.000000000000000000, 1.000000000000000000, 0.000000000000000000 ) ) ;
#1773 = PLANE ( 'NONE',  #1609 ) ;
#1774 = CARTESIAN_POINT ( 'NONE',  ( -0.1322259682266868908, 0.000000000000000000, -1.440515581599286055 ) ) ;
#1775 = EDGE_LOOP ( 'NONE', ( #952, #328, #2107, #928, #33, #643 ) ) ;
#1776 = VECTOR ( 'NONE', #1675, 1000.000000000000000 ) ;
#1777 = CARTESIAN_POINT ( 'NONE',  ( 86.29694525319176535, 0.000000000000000000, 59.43717918086390029 ) ) ;
#1778 = CIRCLE ( 'NONE', #684, 2.999999999999999112 ) ;
#1779 = CARTESIAN_POINT ( 'NONE',  ( -40.03917585433137560, 30.00000000000000000, 1.286268382694315981 ) ) ;
#1780 = EDGE_LOOP ( 'NONE', ( #511, #380, #789, #440 ) ) ;
#1781 = CARTESIAN_POINT ( 'NONE',  ( -0.1322259682266821723, 3.000000000000000000, 37.05948441840071439 ) ) ;
#1782 = DIRECTION ( 'NONE',  ( 0.000000000000000000, 0.000000000000000000, 1.000000000000000000 ) ) ;
#1783 = EDGE_CURVE ( 'NONE', #2035, #1856, #45, .T. ) ;
#1784 = ORIENTED_EDGE ( 'NONE', *, *, #556, .F. ) ;
#1785 = VECTOR ( 'NONE', #994, 1000.000000000000000 ) ;
#1786 = DIRECTION ( 'NONE',  ( -0.000000000000000000, -1.000000000000000000, -0.000000000000000000 ) ) ;
#1787 = VERTEX_POINT ( 'NONE', #1087 ) ;
#1788 = DIRECTION ( 'NONE',  ( 0.000000000000000000, 1.000000000000000000, 0.000000000000000000 ) ) ;
#1789 = AXIS2_PLACEMENT_3D ( 'NONE', #1896, #767, #1737 ) ;
#1790 = ORIENTED_EDGE ( 'NONE', *, *, #56, .F. ) ;
#1791 = DIRECTION ( 'NONE',  ( 0.000000000000000000, 1.000000000000000000, 0.000000000000000000 ) ) ;
#1792 = DIRECTION ( 'NONE',  ( 0.000000000000000000, 0.000000000000000000, -1.000000000000000000 ) ) ;
#1793 = EDGE_CURVE ( 'NONE', #891, #1355, #1455, .T. ) ;
#1794 = EDGE_LOOP ( 'NONE', ( #415, #2019 ) ) ;
#1795 = CIRCLE ( 'NONE', #2044, 47.50000000000000000 ) ;
#1796 = VECTOR ( 'NONE', #1124, 1000.000000000000000 ) ;
#1797 = ADVANCED_FACE ( 'NONE', ( #460, #299 ), #1097, .T. ) ;
#1798 = CARTESIAN_POINT ( 'NONE',  ( -0.1322259682266868908, 0.000000000000000000, -1.440515581599286055 ) ) ;
#1799 = VERTEX_POINT ( 'NONE', #1585 ) ;
#1800 = DIRECTION ( 'NONE',  ( 0.000000000000000000, 0.000000000000000000, -1.000000000000000000 ) ) ;
#1801 = PLANE ( 'NONE',  #816 ) ;
#1802 = VERTEX_POINT ( 'NONE', #1411 ) ;
#1803 =( LENGTH_UNIT ( ) NAMED_UNIT ( * ) SI_UNIT ( .MILLI., .METRE. ) );
#1804 = LINE ( 'NONE', #181, #1196 ) ;
#1805 = VERTEX_POINT ( 'NONE', #756 ) ;
#1806 = DIRECTION ( 'NONE',  ( -0.000000000000000000, 1.000000000000000000, -0.000000000000000000 ) ) ;
#1807 = DIRECTION ( 'NONE',  ( 0.000000000000000000, -0.000000000000000000, 1.000000000000000000 ) ) ;
#1808 = ORIENTED_EDGE ( 'NONE', *, *, #1166, .T. ) ;
#1809 = ADVANCED_FACE ( 'NONE', ( #1074 ), #1297, .F. ) ;
#1810 = DIRECTION ( 'NONE',  ( 0.000000000000000000, 0.000000000000000000, -1.000000000000000000 ) ) ;
#1811 = DIRECTION ( 'NONE',  ( 0.000000000000000000, -0.000000000000000000, 1.000000000000000000 ) ) ;
#1812 = AXIS2_PLACEMENT_3D ( 'NONE', #1560, #748, #1191 ) ;
#1813 = ORIENTED_EDGE ( 'NONE', *, *, #1153, .T. ) ;
#1814 = DIRECTION ( 'NONE',  ( 0.000000000000000000, 1.000000000000000000, 0.000000000000000000 ) ) ;
#1815 = CARTESIAN_POINT ( 'NONE',  ( -54.51494277616077255, 0.000000000000000000, 80.36283352038542205 ) ) ;
#1816 = CARTESIAN_POINT ( 'NONE',  ( -84.98056483628261049, 30.00000000000000000, 80.68536178339338960 ) ) ;
#1817 = DIRECTION ( 'NONE',  ( 0.000000000000000000, 0.000000000000000000, -1.000000000000000000 ) ) ;
#1818 = VERTEX_POINT ( 'NONE', #1573 ) ;
#1819 = FACE_BOUND ( 'NONE', #1760, .T. ) ;
#1820 = VERTEX_POINT ( 'NONE', #154 ) ;
#1821 = FACE_OUTER_BOUND ( 'NONE', #1530, .T. ) ;
#1822 = CARTESIAN_POINT ( 'NONE',  ( -54.51494277616077255, 3.000000000000000000, 62.86283352038542205 ) ) ;
#1823 = ADVANCED_FACE ( 'NONE', ( #795 ), #1596, .F. ) ;
#1824 = ADVANCED_FACE ( 'NONE', ( #783 ), #2109, .T. ) ;
#1825 = ORIENTED_EDGE ( 'NONE', *, *, #1719, .T. ) ;
#1826 = CARTESIAN_POINT ( 'NONE',  ( 32.91188811852438789, 0.000000000000000000, -35.56289129346582456 ) ) ;
#1827 = LINE ( 'NONE', #359, #1785 ) ;
#1828 = CARTESIAN_POINT ( 'NONE',  ( 86.29694525319176535, 0.000000000000000000, 64.93717918086390739 ) ) ;
#1829 = LINE ( 'NONE', #1218, #845 ) ;
#1830 = ORIENTED_EDGE ( 'NONE', *, *, #1443, .T. ) ;
#1831 = AXIS2_PLACEMENT_3D ( 'NONE', #2041, #573, #1227 ) ;
#1832 = FACE_OUTER_BOUND ( 'NONE', #1025, .T. ) ;
#1833 = VERTEX_POINT ( 'NONE', #114 ) ;
#1834 = CARTESIAN_POINT ( 'NONE',  ( -0.1322259682266868908, 30.00000000000000000, -1.440515581599286055 ) ) ;
#1835 = CARTESIAN_POINT ( 'NONE',  ( 40.44912118325470374, 30.00000000000000000, -29.75952004711101750 ) ) ;
#1836 = FACE_OUTER_BOUND ( 'NONE', #1838, .T. ) ;
#1837 = VECTOR ( 'NONE', #786, 1000.000000000000114 ) ;
#1838 = EDGE_LOOP ( 'NONE', ( #1765, #1, #512, #1208 ) ) ;
#1839 = CARTESIAN_POINT ( 'NONE',  ( -73.03324147817575351, 19.00000000000000000, 74.06221238245244365 ) ) ;
#1840 = EDGE_CURVE ( 'NONE', #1176, #489, #1470, .T. ) ;
#1841 = DIRECTION ( 'NONE',  ( 0.000000000000000000, 0.000000000000000000, -1.000000000000000000 ) ) ;
#1842 = VERTEX_POINT ( 'NONE', #470 ) ;
#1843 = ORIENTED_EDGE ( 'NONE', *, *, #1080, .F. ) ;
#1844 = CARTESIAN_POINT ( 'NONE',  ( -73.03324147817575351, 19.00000000000000000, 79.56221238245245786 ) ) ;
#1845 = VECTOR ( 'NONE', #1410, 1000.000000000000000 ) ;
#1846 = VERTEX_POINT ( 'NONE', #914 ) ;
#1847 = CARTESIAN_POINT ( 'NONE',  ( 67.13962814350176700, 3.000000000000000000, 38.48677163014988167 ) ) ;
#1848 = CARTESIAN_POINT ( 'NONE',  ( -0.1322259682266868908, 0.000000000000000000, -1.440515581599286055 ) ) ;
#1849 = ORIENTED_EDGE ( 'NONE', *, *, #136, .F. ) ;
#1850 = DIRECTION ( 'NONE',  ( -0.000000000000000000, -1.000000000000000000, -0.000000000000000000 ) ) ;
#1851 = ADVANCED_FACE ( 'NONE', ( #1568 ), #1251, .F. ) ;
#1852 = DIRECTION ( 'NONE',  ( -0.000000000000000000, -1.000000000000000000, -0.000000000000000000 ) ) ;
#1853 = EDGE_CURVE ( 'NONE', #1833, #1049, #644, .T. ) ;
#1854 = ORIENTED_EDGE ( 'NONE', *, *, #25, .T. ) ;
#1855 = FACE_BOUND ( 'NONE', #116, .T. ) ;
#1856 = VERTEX_POINT ( 'NONE', #1434 ) ;
#1857 = CYLINDRICAL_SURFACE ( 'NONE', #1059, 39.99999999999999289 ) ;
#1858 = ORIENTED_EDGE ( 'NONE', *, *, #1352, .F. ) ;
#1859 = DIRECTION ( 'NONE',  ( 0.000000000000000000, -0.000000000000000000, 1.000000000000000000 ) ) ;
#1860 = EDGE_CURVE ( 'NONE', #706, #1753, #139, .T. ) ;
#1861 = CYLINDRICAL_SURFACE ( 'NONE', #1894, 5.500000000000005329 ) ;
#1862 = CIRCLE ( 'NONE', #762, 8.000000000000010658 ) ;
#1863 = ORIENTED_EDGE ( 'NONE', *, *, #1706, .F. ) ;
#1864 = DIRECTION ( 'NONE',  ( -0.000000000000000000, -1.000000000000000000, -0.000000000000000000 ) ) ;
#1865 = AXIS2_PLACEMENT_3D ( 'NONE', #466, #1117, #1105 ) ;
#1866 = DIRECTION ( 'NONE',  ( -0.000000000000000000, -1.000000000000000000, -0.000000000000000000 ) ) ;
#1867 = AXIS2_PLACEMENT_3D ( 'NONE', #1976, #314, #947 ) ;
#1868 = AXIS2_PLACEMENT_3D ( 'NONE', #514, #850, #1626 ) ;
#1869 = ORIENTED_EDGE ( 'NONE', *, *, #1396, .T. ) ;
#1870 = ORIENTED_EDGE ( 'NONE', *, *, #395, .F. ) ;
#1871 = DIRECTION ( 'NONE',  ( 0.09359578341174565330, 0.000000000000000000, 0.9956102798422390432 ) ) ;
#1872 = CARTESIAN_POINT ( 'NONE',  ( 68.44827248883272830, 0.000000000000000000, -38.30534000781697301 ) ) ;
#1873 = EDGE_LOOP ( 'NONE', ( #1643, #88, #1958, #1456 ) ) ;
#1874 = PLANE ( 'NONE',  #153 ) ;
#1875 = EDGE_LOOP ( 'NONE', ( #15, #1808 ) ) ;
#1876 = FACE_OUTER_BOUND ( 'NONE', #772, .T. ) ;
#1877 = DIRECTION ( 'NONE',  ( -0.9957989631263903796, 0.000000000000000000, 0.09156650608386139589 ) ) ;
#1878 = EDGE_CURVE ( 'NONE', #802, #221, #1264, .T. ) ;
#1879 = EDGE_LOOP ( 'NONE', ( #722, #1945, #1884, #519 ) ) ;
#1880 = CYLINDRICAL_SURFACE ( 'NONE', #1933, 9.499999999999994671 ) ;
#1881 = CARTESIAN_POINT ( 'NONE',  ( -79.86573366723315814, 30.00000000000000000, 6.882661953968992385 ) ) ;
#1882 = AXIS2_PLACEMENT_3D ( 'NONE', #292, #1578, #1859 ) ;
#1883 = PRODUCT_DEFINITION_FORMATION_WITH_SPECIFIED_SOURCE ( 'ANY', '', #574, .NOT_KNOWN. ) ;
#1884 = ORIENTED_EDGE ( 'NONE', *, *, #1228, .F. ) ;
#1885 = CIRCLE ( 'NONE', #705, 39.99999999999999289 ) ;
#1886 = CARTESIAN_POINT ( 'NONE',  ( -84.98056483628261049, 0.000000000000000000, 80.68536178339338960 ) ) ;
#1887 = EDGE_CURVE ( 'NONE', #1319, #972, #1403, .T. ) ;
#1888 = AXIS2_PLACEMENT_3D ( 'NONE', #2024, #554, #704 ) ;
#1889 = ADVANCED_FACE ( 'NONE', ( #1768 ), #633, .F. ) ;
#1890 = ORIENTED_EDGE ( 'NONE', *, *, #1153, .F. ) ;
#1891 = LINE ( 'NONE', #433, #2067 ) ;
#1892 = ORIENTED_EDGE ( 'NONE', *, *, #210, .T. ) ;
#1893 = VERTEX_POINT ( 'NONE', #1779 ) ;
#1894 = AXIS2_PLACEMENT_3D ( 'NONE', #1174, #859, #1520 ) ;
#1895 = DIRECTION ( 'NONE',  ( 0.000000000000000000, -1.000000000000000000, 0.000000000000000000 ) ) ;
#1896 = CARTESIAN_POINT ( 'NONE',  ( -91.81305702534004354, 30.00000000000000000, 8.005811354909937450 ) ) ;
#1897 = CIRCLE ( 'NONE', #1554, 38.50000000000000000 ) ;
#1898 = CARTESIAN_POINT ( 'NONE',  ( 40.44912118325470374, 30.00000000000000000, -29.75952004711101750 ) ) ;
#1899 = CARTESIAN_POINT ( 'NONE',  ( -0.1322259682266829217, 4.000000000000000000, -33.89051558159928845 ) ) ;
#1900 = CARTESIAN_POINT ( 'NONE',  ( -79.86573366723315814, 30.00000000000000000, -2.617338046031004062 ) ) ;
#1901 = EDGE_CURVE ( 'NONE', #122, #1461, #323, .T. ) ;
#1902 = ORIENTED_EDGE ( 'NONE', *, *, #529, .F. ) ;
#1903 = CARTESIAN_POINT ( 'NONE',  ( 67.13962814350176700, 3.000000000000000000, 30.48677163014986746 ) ) ;
#1904 = CARTESIAN_POINT ( 'NONE',  ( -54.51494277616077255, 0.000000000000000000, 51.36283352038542915 ) ) ;
#1905 = CARTESIAN_POINT ( 'NONE',  ( 86.29694525319176535, 30.00000000000000000, 64.93717918086390739 ) ) ;
#1906 = DIRECTION ( 'NONE',  ( -0.000000000000000000, -1.000000000000000000, -0.000000000000000000 ) ) ;
#1907 = ORIENTED_EDGE ( 'NONE', *, *, #911, .T. ) ;
#1908 = CARTESIAN_POINT ( 'NONE',  ( -25.47454785490154450, 15.00000000000000000, -41.61534254317014359 ) ) ;
#1909 = VERTEX_POINT ( 'NONE', #498 ) ;
#1910 = CIRCLE ( 'NONE', #980, 9.499999999999994671 ) ;
#1911 = EDGE_CURVE ( 'NONE', #1846, #1909, #1913, .T. ) ;
#1912 = VERTEX_POINT ( 'NONE', #1620 ) ;
#1913 = CIRCLE ( 'NONE', #615, 12.00000000000000355 ) ;
#1914 = EDGE_CURVE ( 'NONE', #461, #1532, #1300, .T. ) ;
#1915 = VECTOR ( 'NONE', #1864, 1000.000000000000000 ) ;
#1916 = CARTESIAN_POINT ( 'NONE',  ( -79.86573366723315814, 0.000000000000000000, 12.38266195396899505 ) ) ;
#1917 = DIRECTION ( 'NONE',  ( -0.000000000000000000, -1.000000000000000000, -0.000000000000000000 ) ) ;
#1918 = CARTESIAN_POINT ( 'NONE',  ( -0.1322259682266868908, 0.000000000000000000, -1.440515581599286055 ) ) ;
#1919 = DIRECTION ( 'NONE',  ( -0.000000000000000000, -1.000000000000000000, -0.000000000000000000 ) ) ;
#1920 = ORIENTED_EDGE ( 'NONE', *, *, #1677, .F. ) ;
#1921 = FACE_BOUND ( 'NONE', #190, .T. ) ;
#1922 = ORIENTED_EDGE ( 'NONE', *, *, #1045, .F. ) ;
#1923 = EDGE_LOOP ( 'NONE', ( #1398, #43, #1295, #1259 ) ) ;
#1924 = EDGE_CURVE ( 'NONE', #411, #897, #349, .T. ) ;
#1925 = CARTESIAN_POINT ( 'NONE',  ( -0.1322259682266868908, 15.00000000000000000, -1.440515581599286055 ) ) ;
#1926 = CARTESIAN_POINT ( 'NONE',  ( 67.13962814350176700, 0.000000000000000000, 44.48677163014987457 ) ) ;
#1927 = ADVANCED_FACE ( 'NONE', ( #1821 ), #334, .T. ) ;
#1928 = DIRECTION ( 'NONE',  ( 0.000000000000000000, 0.000000000000000000, -1.000000000000000000 ) ) ;
#1929 = AXIS2_PLACEMENT_3D ( 'NONE', #258, #1895, #112 ) ;
#1930 = ORIENTED_EDGE ( 'NONE', *, *, #1394, .T. ) ;
#1931 = DIRECTION ( 'NONE',  ( 0.000000000000000000, 1.000000000000000000, 0.000000000000000000 ) ) ;
#1932 = AXIS2_PLACEMENT_3D ( 'NONE', #787, #169, #1622 ) ;
#1933 = AXIS2_PLACEMENT_3D ( 'NONE', #373, #1013, #1667 ) ;
#1934 = ORIENTED_EDGE ( 'NONE', *, *, #39, .T. ) ;
#1935 = CARTESIAN_POINT ( 'NONE',  ( -0.1322259682266868908, 30.00000000000000000, -1.440515581599286055 ) ) ;
#1936 = DIRECTION ( 'NONE',  ( 0.000000000000000000, 0.000000000000000000, -1.000000000000000000 ) ) ;
#1937 = DIRECTION ( 'NONE',  ( -0.000000000000000000, 1.000000000000000000, -0.000000000000000000 ) ) ;
#1938 = EDGE_CURVE ( 'NONE', #387, #2003, #248, .T. ) ;
#1939 = ORIENTED_EDGE ( 'NONE', *, *, #310, .T. ) ;
#1940 = DIRECTION ( 'NONE',  ( -0.000000000000000000, -1.000000000000000000, -0.000000000000000000 ) ) ;
#1941 = CARTESIAN_POINT ( 'NONE',  ( -73.03324147817575351, 30.00000000000000000, 79.56221238245245786 ) ) ;
#1942 = EDGE_LOOP ( 'NONE', ( #1592, #322 ) ) ;
#1943 = CIRCLE ( 'NONE', #1019, 5.500000000000005329 ) ;
#1944 = CARTESIAN_POINT ( 'NONE',  ( -73.03324147817575351, 19.00000000000000000, 70.06221238245245786 ) ) ;
#1945 = ORIENTED_EDGE ( 'NONE', *, *, #1367, .T. ) ;
#1946 = DIRECTION ( 'NONE',  ( -0.000000000000000000, -1.000000000000000000, -0.000000000000000000 ) ) ;
#1947 = CIRCLE ( 'NONE', #752, 10.00000000000000178 ) ;
#1948 = CARTESIAN_POINT ( 'NONE',  ( -54.51494277616077255, 3.000000000000000000, 62.86283352038542205 ) ) ;
#1949 = EDGE_CURVE ( 'NONE', #746, #22, #1433, .T. ) ;
#1950 = ORIENTED_EDGE ( 'NONE', *, *, #1509, .F. ) ;
#1951 = DIRECTION ( 'NONE',  ( -0.000000000000000000, 1.000000000000000000, -0.000000000000000000 ) ) ;
#1952 = CARTESIAN_POINT ( 'NONE',  ( -86.26800445965626807, 30.00000000000000000, -3.266768015269956749 ) ) ;
#1953 = CARTESIAN_POINT ( 'NONE',  ( 37.46168018204156169, 15.00000000000000000, -29.48530067458124293 ) ) ;
#1954 = EDGE_CURVE ( 'NONE', #712, #1787, #2084, .T. ) ;
#1955 = DIRECTION ( 'NONE',  ( 0.000000000000000000, 0.000000000000000000, 1.000000000000000000 ) ) ;
#1956 = EDGE_LOOP ( 'NONE', ( #1678, #1699 ) ) ;
#1957 = LINE ( 'NONE', #141, #829 ) ;
#1958 = ORIENTED_EDGE ( 'NONE', *, *, #1966, .T. ) ;
#1959 = DIRECTION ( 'NONE',  ( 0.000000000000000000, 0.000000000000000000, 1.000000000000000000 ) ) ;
#1960 = AXIS2_PLACEMENT_3D ( 'NONE', #158, #800, #1792 ) ;
#1961 = ORIENTED_EDGE ( 'NONE', *, *, #407, .F. ) ;
#1962 = DIRECTION ( 'NONE',  ( 0.000000000000000000, -0.000000000000000000, -1.000000000000000000 ) ) ;
#1963 = CIRCLE ( 'NONE', #368, 44.50000000000000711 ) ;
#1964 = EDGE_LOOP ( 'NONE', ( #1203, #703, #1890, #1682 ) ) ;
#1965 = DIRECTION ( 'NONE',  ( -0.9958136670710467930, -0.000000000000000000, 0.09140645750992873464 ) ) ;
#1966 = EDGE_CURVE ( 'NONE', #598, #1556, #166, .T. ) ;
#1967 = AXIS2_PLACEMENT_3D ( 'NONE', #760, #907, #1418 ) ;
#1968 = CARTESIAN_POINT ( 'NONE',  ( -79.86573366723315814, 30.00000000000000000, 16.38266195396898794 ) ) ;
#1969 = EDGE_LOOP ( 'NONE', ( #120, #965, #876, #559, #950, #1705, #1713, #143, #1213, #1981, #1229, #1870, #1863, #1571 ) ) ;
#1970 = CARTESIAN_POINT ( 'NONE',  ( -0.1322259682266868908, 15.00000000000000000, -1.440515581599286055 ) ) ;
#1971 = FACE_OUTER_BOUND ( 'NONE', #1137, .T. ) ;
#1972 = DIRECTION ( 'NONE',  ( 0.000000000000000000, -1.000000000000000000, 0.000000000000000000 ) ) ;
#1973 = DIRECTION ( 'NONE',  ( 0.000000000000000000, 0.000000000000000000, -1.000000000000000000 ) ) ;
#1974 = ORIENTED_EDGE ( 'NONE', *, *, #990, .F. ) ;
#1975 = DIRECTION ( 'NONE',  ( 0.000000000000000000, 0.000000000000000000, 1.000000000000000000 ) ) ;
#1976 = CARTESIAN_POINT ( 'NONE',  ( -0.1322259682266868908, 13.50000000000019895, -1.440515581599286055 ) ) ;
#1977 = EDGE_LOOP ( 'NONE', ( #1091, #1536 ) ) ;
#1978 = EDGE_CURVE ( 'NONE', #2073, #1909, #353, .T. ) ;
#1979 = CARTESIAN_POINT ( 'NONE',  ( 77.71257853069131727, 30.00000000000000000, -36.17824137447134802 ) ) ;
#1980 = FACE_BOUND ( 'NONE', #1269, .T. ) ;
#1981 = ORIENTED_EDGE ( 'NONE', *, *, #1285, .F. ) ;
#1982 = EDGE_CURVE ( 'NONE', #570, #1672, #423, .T. ) ;
#1983 = CARTESIAN_POINT ( 'NONE',  ( -79.86573366723315814, 30.00000000000000000, 6.882661953968992385 ) ) ;
#1984 = CARTESIAN_POINT ( 'NONE',  ( -0.1322259682266814507, 3.000000000000000000, 43.05948441840072149 ) ) ;
#1985 = VECTOR ( 'NONE', #199, 1000.000000000000000 ) ;
#1986 = VECTOR ( 'NONE', #20, 1000.000000000000000 ) ;
#1987 = ORIENTED_EDGE ( 'NONE', *, *, #2110, .F. ) ;
#1988 = DIRECTION ( 'NONE',  ( 0.000000000000000000, 1.000000000000000000, 0.000000000000000000 ) ) ;
#1989 = CARTESIAN_POINT ( 'NONE',  ( -54.51494277616077255, 0.000000000000000000, 62.86283352038542205 ) ) ;
#1990 = LINE ( 'NONE', #69, #1575 ) ;
#1991 = CARTESIAN_POINT ( 'NONE',  ( -79.86573366723315814, 19.00000000000000000, 6.882661953968992385 ) ) ;
#1992 = ORIENTED_EDGE ( 'NONE', *, *, #1080, .T. ) ;
#1993 = DIRECTION ( 'NONE',  ( 0.000000000000000000, 0.000000000000000000, 1.000000000000000000 ) ) ;
#1994 = ORIENTED_EDGE ( 'NONE', *, *, #25, .F. ) ;
#1995 = CIRCLE ( 'NONE', #1442, 2.999999999999999112 ) ;
#1996 = ADVANCED_FACE ( 'NONE', ( #186 ), #1801, .F. ) ;
#1997 = FACE_OUTER_BOUND ( 'NONE', #1241, .T. ) ;
#1998 = CYLINDRICAL_SURFACE ( 'NONE', #2045, 9.499999999999994671 ) ;
#1999 = ADVANCED_FACE ( 'NONE', ( #1343 ), #215, .T. ) ;
#2000 = ORIENTED_EDGE ( 'NONE', *, *, #886, .T. ) ;
#2001 = CARTESIAN_POINT ( 'NONE',  ( -73.03324147817575351, 0.000000000000000000, 74.06221238245244365 ) ) ;
#2002 = CIRCLE ( 'NONE', #123, 9.499999999999994671 ) ;
#2003 = VERTEX_POINT ( 'NONE', #655 ) ;
#2004 = VERTEX_POINT ( 'NONE', #1351 ) ;
#2005 = CARTESIAN_POINT ( 'NONE',  ( 86.29694525319176535, 0.000000000000000000, 70.43717918086390739 ) ) ;
#2006 = AXIS2_PLACEMENT_3D ( 'NONE', #42, #350, #32 ) ;
#2007 = VERTEX_POINT ( 'NONE', #1629 ) ;
#2008 = COLOUR_RGB ( '',0.7921568627450980005, 0.8196078431372548767, 0.9333333333333333481 ) ;
#2009 = DIRECTION ( 'NONE',  ( 0.000000000000000000, -0.000000000000000000, 1.000000000000000000 ) ) ;
#2010 = AXIS2_PLACEMENT_3D ( 'NONE', #87, #1549, #1638 ) ;
#2011 = ADVANCED_FACE ( 'NONE', ( #1997 ), #1489, .T. ) ;
#2012 = VERTEX_POINT ( 'NONE', #1310 ) ;
#2013 = DIRECTION ( 'NONE',  ( 0.000000000000000000, 0.000000000000000000, -1.000000000000000000 ) ) ;
#2014 = EDGE_CURVE ( 'NONE', #201, #1065, #819, .T. ) ;
#2015 = DIRECTION ( 'NONE',  ( 0.000000000000000000, 0.000000000000000000, -1.000000000000000000 ) ) ;
#2016 = EDGE_LOOP ( 'NONE', ( #1627, #499, #1014, #131 ) ) ;
#2017 = DIRECTION ( 'NONE',  ( 0.000000000000000000, 0.000000000000000000, 1.000000000000000000 ) ) ;
#2018 = CARTESIAN_POINT ( 'NONE',  ( 86.29694525319176535, 19.00000000000000000, 74.43717918086389318 ) ) ;
#2019 = ORIENTED_EDGE ( 'NONE', *, *, #558, .F. ) ;
#2020 = CARTESIAN_POINT ( 'NONE',  ( 98.24887282260867494, 30.00000000000000000, 63.86413334055135493 ) ) ;
#2021 = CIRCLE ( 'NONE', #749, 44.50000000000000711 ) ;
#2022 = ORIENTED_EDGE ( 'NONE', *, *, #431, .F. ) ;
#2023 = CIRCLE ( 'NONE', #1086, 14.00000000000000178 ) ;
#2024 = CARTESIAN_POINT ( 'NONE',  ( -0.1322259682266868908, 15.00000000000000000, -1.440515581599286055 ) ) ;
#2025 = EDGE_CURVE ( 'NONE', #1379, #824, #1237, .T. ) ;
#2026 = AXIS2_PLACEMENT_3D ( 'NONE', #1844, #1374, #2009 ) ;
#2027 = ORIENTED_EDGE ( 'NONE', *, *, #1120, .T. ) ;
#2028 = AXIS2_PLACEMENT_3D ( 'NONE', #1249, #447, #1567 ) ;
#2029 = ORIENTED_EDGE ( 'NONE', *, *, #527, .T. ) ;
#2030 = LINE ( 'NONE', #244, #1915 ) ;
#2031 = CARTESIAN_POINT ( 'NONE',  ( -0.1322259682266868908, 4.000000000000000000, -1.440515581599286055 ) ) ;
#2032 = ORIENTED_EDGE ( 'NONE', *, *, #148, .F. ) ;
#2033 = DIRECTION ( 'NONE',  ( -0.000000000000000000, -1.000000000000000000, -0.000000000000000000 ) ) ;
#2034 = CARTESIAN_POINT ( 'NONE',  ( -0.1322259682266868908, 15.00000000000000000, -1.440515581599286055 ) ) ;
#2035 = VERTEX_POINT ( 'NONE', #34 ) ;
#2036 = CARTESIAN_POINT ( 'NONE',  ( -79.86573366723315814, 19.00000000000000000, 6.882661953968992385 ) ) ;
#2037 = EDGE_CURVE ( 'NONE', #2007, #1319, #1320, .T. ) ;
#2038 = AXIS2_PLACEMENT_3D ( 'NONE', #1445, #1262, #487 ) ;
#2039 = ORIENTED_EDGE ( 'NONE', *, *, #1244, .F. ) ;
#2040 = DIRECTION ( 'NONE',  ( -0.000000000000000000, -1.000000000000000000, -0.000000000000000000 ) ) ;
#2041 = CARTESIAN_POINT ( 'NONE',  ( 67.13962814350176700, 3.000000000000000000, 30.48677163014986746 ) ) ;
#2042 = LINE ( 'NONE', #448, #171 ) ;
#2043 = AXIS2_PLACEMENT_3D ( 'NONE', #454, #1232, #110 ) ;
#2044 = AXIS2_PLACEMENT_3D ( 'NONE', #358, #1814, #669 ) ;
#2045 = AXIS2_PLACEMENT_3D ( 'NONE', #187, #526, #1168 ) ;
#2046 = FACE_BOUND ( 'NONE', #357, .T. ) ;
#2047 = DIRECTION ( 'NONE',  ( 0.000000000000000000, 0.8660254037844400399, 0.4999999999999976685 ) ) ;
#2048 = DIRECTION ( 'NONE',  ( 0.000000000000000000, 0.000000000000000000, 1.000000000000000000 ) ) ;
#2049 = ORIENTED_EDGE ( 'NONE', *, *, #583, .F. ) ;
#2050 = ADVANCED_FACE ( 'NONE', ( #1876 ), #93, .F. ) ;
#2051 = DIRECTION ( 'NONE',  ( 0.000000000000000000, 1.000000000000000000, 0.000000000000000000 ) ) ;
#2052 = ADVANCED_FACE ( 'NONE', ( #729, #881 ), #103, .T. ) ;
#2053 = ORIENTED_EDGE ( 'NONE', *, *, #1887, .F. ) ;
#2054 = VECTOR ( 'NONE', #1871, 1000.000000000000114 ) ;
#2055 = DIRECTION ( 'NONE',  ( 0.000000000000000000, 1.000000000000000000, 0.000000000000000000 ) ) ;
#2056 = ORIENTED_EDGE ( 'NONE', *, *, #620, .T. ) ;
#2057 = CIRCLE ( 'NONE', #814, 5.500000000000005329 ) ;
#2058 = ORIENTED_EDGE ( 'NONE', *, *, #1405, .T. ) ;
#2059 = FACE_OUTER_BOUND ( 'NONE', #999, .T. ) ;
#2060 = ADVANCED_FACE ( 'NONE', ( #539 ), #418, .F. ) ;
#2061 = LINE ( 'NONE', #1739, #765 ) ;
#2062 = EDGE_LOOP ( 'NONE', ( #1700, #493 ) ) ;
#2063 = ORIENTED_EDGE ( 'NONE', *, *, #898, .T. ) ;
#2064 = VECTOR ( 'NONE', #1666, 1000.000000000000000 ) ;
#2065 = DIRECTION ( 'NONE',  ( 0.000000000000000000, 0.000000000000000000, 1.000000000000000000 ) ) ;
#2066 = CARTESIAN_POINT ( 'NONE',  ( 77.71257853069131727, 19.00000000000000000, -30.67824137447134447 ) ) ;
#2067 = VECTOR ( 'NONE', #261, 1000.000000000000000 ) ;
#2068 = EDGE_CURVE ( 'NONE', #461, #1818, #2030, .T. ) ;
#2069 = ORIENTED_EDGE ( 'NONE', *, *, #809, .F. ) ;
#2070 = CARTESIAN_POINT ( 'NONE',  ( -71.93636398805661258, 0.000000000000000000, 91.51197638730501183 ) ) ;
#2071 = CARTESIAN_POINT ( 'NONE',  ( -0.1322259682266868908, 15.00000000000000000, -1.440515581599286055 ) ) ;
#2072 = ADVANCED_FACE ( 'NONE', ( #1363, #1051 ), #398, .T. ) ;
#2073 = VERTEX_POINT ( 'NONE', #234 ) ;
#2074 = DIRECTION ( 'NONE',  ( -0.000000000000000000, -1.000000000000000000, -0.000000000000000000 ) ) ;
#2075 = DIRECTION ( 'NONE',  ( 0.000000000000000000, 1.000000000000000000, 0.000000000000000000 ) ) ;
#2076 = LINE ( 'NONE', #613, #863 ) ;
#2077 = DIRECTION ( 'NONE',  ( 0.000000000000000000, 1.000000000000000000, 0.000000000000000000 ) ) ;
#2078 = CARTESIAN_POINT ( 'NONE',  ( 86.29694525319176535, 0.000000000000000000, 64.93717918086390739 ) ) ;
#2079 = EDGE_CURVE ( 'NONE', #393, #1556, #721, .T. ) ;
#2080 = VECTOR ( 'NONE', #1039, 1000.000000000000000 ) ;
#2081 = DIRECTION ( 'NONE',  ( -0.000000000000000000, -1.000000000000000000, -0.000000000000000000 ) ) ;
#2082 = ORIENTED_EDGE ( 'NONE', *, *, #66, .T. ) ;
#2083 = ADVANCED_FACE ( 'NONE', ( #1714 ), #1209, .F. ) ;
#2084 = CIRCLE ( 'NONE', #618, 33.31602540378431598 ) ;
#2085 = CYLINDRICAL_SURFACE ( 'NONE', #1649, 5.500000000000005329 ) ;
#2086 = DIRECTION ( 'NONE',  ( -0.000000000000000000, -1.000000000000000000, -0.000000000000000000 ) ) ;
#2087 = CIRCLE ( 'NONE', #1169, 38.50000000000000000 ) ;
#2088 = EDGE_LOOP ( 'NONE', ( #1662, #2032, #981, #204 ) ) ;
#2089 = DIRECTION ( 'NONE',  ( 0.000000000000000000, 1.000000000000000000, 0.000000000000000000 ) ) ;
#2090 = CARTESIAN_POINT ( 'NONE',  ( 40.78260829083443184, 30.00000000000000000, -32.78841266735884119 ) ) ;
#2091 = FACE_OUTER_BOUND ( 'NONE', #496, .T. ) ;
#2092 = LINE ( 'NONE', #1127, #1595 ) ;
#2093 = ORIENTED_EDGE ( 'NONE', *, *, #30, .T. ) ;
#2094 = EDGE_CURVE ( 'NONE', #22, #746, #985, .T. ) ;
#2095 = DIRECTION ( 'NONE',  ( -0.000000000000000000, -1.000000000000000000, -0.000000000000000000 ) ) ;
#2096 = DIRECTION ( 'NONE',  ( -0.000000000000000000, -1.000000000000000000, -0.000000000000000000 ) ) ;
#2097 = DIRECTION ( 'NONE',  ( 0.000000000000000000, 0.000000000000000000, 1.000000000000000000 ) ) ;
#2098 = VECTOR ( 'NONE', #1605, 1000.000000000000000 ) ;
#2099 = EDGE_LOOP ( 'NONE', ( #338, #1492, #1564, #260 ) ) ;
#2100 = LINE ( 'NONE', #1634, #473 ) ;
#2101 = CARTESIAN_POINT ( 'NONE',  ( -79.86573366723315814, 19.00000000000000000, 16.38266195396898794 ) ) ;
#2102 = CARTESIAN_POINT ( 'NONE',  ( -73.03324147817575351, 19.00000000000000000, 89.06221238245244365 ) ) ;
#2103 = CIRCLE ( 'NONE', #1389, 9.499999999999994671 ) ;
#2104 = AXIS2_PLACEMENT_3D ( 'NONE', #1158, #813, #1302 ) ;
#2105 = VERTEX_POINT ( 'NONE', #2020 ) ;
#2106 = DIRECTION ( 'NONE',  ( 0.000000000000000000, 0.000000000000000000, 1.000000000000000000 ) ) ;
#2107 = ORIENTED_EDGE ( 'NONE', *, *, #1120, .F. ) ;
#2108 = EDGE_CURVE ( 'NONE', #1818, #563, #79, .T. ) ;
#2109 = CYLINDRICAL_SURFACE ( 'NONE', #1371, 12.00000000000001066 ) ;
#2110 = EDGE_CURVE ( 'NONE', #262, #2012, #892, .T. ) ;
ENDSEC;
END-ISO-10303-21;
