ISO-10303-21;
HEADER;
FILE_DESCRIPTION (( 'STEP AP203' ),
    '1' );
FILE_NAME ('kkk k03 vband adapter.STEP',
    '2026-09-21T16:53:13',
    ( '' ),
    ( '' ),
    'SwSTEP 2.0',
    'SolidWorks 2021',
    '' );
FILE_SCHEMA (( 'CONFIG_CONTROL_DESIGN' ));
ENDSEC;

DATA;
#1 = CARTESIAN_POINT ( 'NONE',  ( -57.29099728357201826, 0.000000000000000000, 3.945621129574694455E-13 ) ) ;
#2 = ORIENTED_EDGE ( 'NONE', *, *, #2062, .F. ) ;
#3 = DIRECTION ( 'NONE',  ( 0.000000000000000000, 1.000000000000000000, -0.000000000000000000 ) ) ;
#4 = DIRECTION ( 'NONE',  ( -0.000000000000000000, -1.000000000000000000, -0.000000000000000000 ) ) ;
#5 = CARTESIAN_POINT ( 'NONE',  ( -26.04825841867769753, 21.63983792066095901, 32.64002221858795139 ) ) ;
#6 = CARTESIAN_POINT ( 'NONE',  ( -36.69849752516453378, 31.28862570601155468, -14.78196117602171533 ) ) ;
#7 = ORIENTED_EDGE ( 'NONE', *, *, #2899, .F. ) ;
#8 = DIRECTION ( 'NONE',  ( 0.000000000000000000, 0.000000000000000000, -1.000000000000000000 ) ) ;
#9 = EDGE_CURVE ( 'NONE', #3174, #347, #1914, .T. ) ;
#10 = CARTESIAN_POINT ( 'NONE',  ( 38.64001290201019856, 21.63983792066095901, -12.28195873918846992 ) ) ;
#11 = DIRECTION ( 'NONE',  ( 0.000000000000000000, -0.000000000000000000, 1.000000000000000000 ) ) ;
#12 = CARTESIAN_POINT ( 'NONE',  ( -13.34041476396749459, 40.95305505793759693, 34.32761857548772610 ) ) ;
#13 = AXIS2_PLACEMENT_3D ( 'NONE', #622, #3060, #2766 ) ;
#14 = CARTESIAN_POINT ( 'NONE',  ( -29.42727017814314294, 31.28862570601154758, 26.26059396584813754 ) ) ;
#15 = EDGE_CURVE ( 'NONE', #2911, #672, #639, .T. ) ;
#16 = CARTESIAN_POINT ( 'NONE',  ( -0.7874569999794522879, 75.90493774471548249, 0.000000000000000000 ) ) ;
#17 = TOROIDAL_SURFACE ( 'NONE', #3404, 35.97919635613710909, 2.000000000000000000 ) ;
#18 = AXIS2_PLACEMENT_3D ( 'NONE', #3113, #3067, #2814 ) ;
#19 = ADVANCED_FACE ( 'NONE', ( #3814 ), #2302, .T. ) ;
#20 = ORIENTED_EDGE ( 'NONE', *, *, #1080, .T. ) ;
#21 = CARTESIAN_POINT ( 'NONE',  ( 55.15239822531030001, 70.57999999999999829, 51.20106372158235075 ) ) ;
#22 = CIRCLE ( 'NONE', #148, 13.00000000000001776 ) ;
#23 = CIRCLE ( 'NONE', #3346, 54.99999999999999289 ) ;
#24 = CARTESIAN_POINT ( 'NONE',  ( 16.18025371255351175, 8.000000000000000000, -57.55081922245584991 ) ) ;
#25 = CIRCLE ( 'NONE', #215, 1.000000000000000888 ) ;
#26 = ORIENTED_EDGE ( 'NONE', *, *, #1196, .T. ) ;
#27 = AXIS2_PLACEMENT_3D ( 'NONE', #3807, #147, #2632 ) ;
#28 = DIRECTION ( 'NONE',  ( 0.000000000000000000, 0.000000000000000000, 1.000000000000000000 ) ) ;
#29 = CIRCLE ( 'NONE', #1754, 4.999999999999997335 ) ;
#30 = PERSON_AND_ORGANIZATION_ROLE ( 'creator' ) ;
#31 = EDGE_CURVE ( 'NONE', #1128, #930, #2876, .T. ) ;
#32 = CARTESIAN_POINT ( 'NONE',  ( -28.76405881951392018, 60.29827007130315053, -16.66790572145613325 ) ) ;
#33 = ORIENTED_EDGE ( 'NONE', *, *, #2981, .T. ) ;
#34 = FACE_OUTER_BOUND ( 'NONE', #1632, .T. ) ;
#35 = AXIS2_PLACEMENT_3D ( 'NONE', #2059, #1834, #3641 ) ;
#36 = CARTESIAN_POINT ( 'NONE',  ( 29.23868794475477983, 70.00000000000009948, -7.672614797768641637 ) ) ;
#37 = CYLINDRICAL_SURFACE ( 'NONE', #1685, 55.99999999999999289 ) ;
#38 = CARTESIAN_POINT ( 'NONE',  ( -36.36141964579119445, 12.00000000000000178, 25.80665433883614668 ) ) ;
#39 = VERTEX_POINT ( 'NONE', #868 ) ;
#40 = AXIS2_PLACEMENT_3D ( 'NONE', #3601, #2073, #3894 ) ;
#41 = CARTESIAN_POINT ( 'NONE',  ( 14.33052259572813547, 50.61748440986363562, -30.90624722468833951 ) ) ;
#42 = DIRECTION ( 'NONE',  ( -0.000000000000000000, -1.000000000000000000, -0.000000000000000000 ) ) ;
#43 = ORIENTED_EDGE ( 'NONE', *, *, #1610, .T. ) ;
#44 = CARTESIAN_POINT ( 'NONE',  ( 8.718753322402777783, 70.00000000000000000, -32.64401882897743690 ) ) ;
#45 = ORIENTED_EDGE ( 'NONE', *, *, #2193, .T. ) ;
#46 = DIRECTION ( 'NONE',  ( -0.000000000000000000, -1.000000000000000000, 0.000000000000000000 ) ) ;
#47 = CARTESIAN_POINT ( 'NONE',  ( -32.87272103048335481, 50.61748440986362141, -12.50297625170224514 ) ) ;
#48 = VERTEX_POINT ( 'NONE', #194 ) ;
#49 = DIRECTION ( 'NONE',  ( 0.000000000000000000, 0.000000000000000000, -1.000000000000000000 ) ) ;
#50 = CARTESIAN_POINT ( 'NONE',  ( 38.78658988374224492, 21.63983792066095901, 11.72066346201517639 ) ) ;
#51 = DIRECTION ( 'NONE',  ( -0.06160464346253312351, 0.000000000000000000, 0.9981006301490117361 ) ) ;
#52 = CARTESIAN_POINT ( 'NONE',  ( -0.7874569999794472919, 79.50000000000001421, 41.10000000000000142 ) ) ;
#53 = CARTESIAN_POINT ( 'NONE',  ( -33.99631994141345359, 40.95305505793758272, 15.21989728159893929 ) ) ;
#54 = CARTESIAN_POINT ( 'NONE',  ( 19.65041065739486115, 50.61748440986363562, -27.72507765195292606 ) ) ;
#55 = CARTESIAN_POINT ( 'NONE',  ( 24.92441077333023358, 60.29827007130305816, 19.98417731776734385 ) ) ;
#56 = ORIENTED_EDGE ( 'NONE', *, *, #1231, .T. ) ;
#57 = CARTESIAN_POINT ( 'NONE',  ( -14.13239640770398431, 50.61748440986362141, -31.71217458286246327 ) ) ;
#58 = CARTESIAN_POINT ( 'NONE',  ( -0.7874569999794522879, 70.72512164928041045, 34.00000000000000000 ) ) ;
#59 = DIRECTION ( 'NONE',  ( 0.000000000000000000, 0.000000000000000000, -1.000000000000000000 ) ) ;
#60 = ORIENTED_EDGE ( 'NONE', *, *, #3615, .T. ) ;
#61 = AXIS2_PLACEMENT_3D ( 'NONE', #469, #841, #2033 ) ;
#62 = ADVANCED_FACE ( 'NONE', ( #1417 ), #1343, .T. ) ;
#63 = DIRECTION ( 'NONE',  ( -0.06160464346254695273, 0.000000000000000000, -0.9981006301490109589 ) ) ;
#64 =( NAMED_UNIT ( * ) PLANE_ANGLE_UNIT ( ) SI_UNIT ( $, .RADIAN. ) );
#65 = CARTESIAN_POINT ( 'NONE',  ( -35.32263416295251801, 31.28862570601155468, -17.68888655950532041 ) ) ;
#66 = EDGE_CURVE ( 'NONE', #2668, #915, #2378, .T. ) ;
#67 = ORIENTED_EDGE ( 'NONE', *, *, #1446, .F. ) ;
#68 = DIRECTION ( 'NONE',  ( -0.000000000000000000, -1.000000000000000000, -0.000000000000000000 ) ) ;
#69 = CARTESIAN_POINT ( 'NONE',  ( 40.34531914570620614, 21.63983792066095901, 3.745459966851824696 ) ) ;
#70 = CARTESIAN_POINT ( 'NONE',  ( -0.7874569999788638697, 9.000000000000000000, 51.00354028359257086 ) ) ;
#71 = CARTESIAN_POINT ( 'NONE',  ( -41.64953124264626183, 12.00000000000000178, 16.06336722892014990 ) ) ;
#72 = CARTESIAN_POINT ( 'NONE',  ( 23.07011340133009725, 40.95305505793759693, -27.69076525188851079 ) ) ;
#73 = DIRECTION ( 'NONE',  ( 6.938893903907232322E-16, 0.000000000000000000, -1.000000000000000000 ) ) ;
#74 = CARTESIAN_POINT ( 'NONE',  ( 23.71840329331103092, 31.28862570601155468, 30.12593598706313713 ) ) ;
#75 = CC_DESIGN_PERSON_AND_ORGANIZATION_ASSIGNMENT ( #2451, #921, ( #1716 ) ) ;
#76 = EDGE_LOOP ( 'NONE', ( #683, #3478 ) ) ;
#77 = AXIS2_PLACEMENT_3D ( 'NONE', #1256, #3053, #1274 ) ;
#78 = CIRCLE ( 'NONE', #3278, 49.00000000000000711 ) ;
#79 = CARTESIAN_POINT ( 'NONE',  ( -9.898611433814123117, 70.00000000000001421, -29.66837646571458009 ) ) ;
#80 = CARTESIAN_POINT ( 'NONE',  ( -0.7874569999794522879, 8.000000000000000000, 0.000000000000000000 ) ) ;
#81 = DIRECTION ( 'NONE',  ( 0.000000000000000000, 0.000000000000000000, 1.000000000000000000 ) ) ;
#82 = ORIENTED_EDGE ( 'NONE', *, *, #680, .F. ) ;
#83 = TOROIDAL_SURFACE ( 'NONE', #2133, 5.000000000000000000, 1.000000000000000000 ) ;
#84 = DIRECTION ( 'NONE',  ( 0.000000000000000000, 0.000000000000000000, -1.000000000000000000 ) ) ;
#85 = DIRECTION ( 'NONE',  ( 0.000000000000000000, 0.000000000000000000, -1.000000000000000000 ) ) ;
#86 = CARTESIAN_POINT ( 'NONE',  ( -29.72592611102701099, 40.95305505793758982, -22.26112651194690528 ) ) ;
#87 = EDGE_LOOP ( 'NONE', ( #2673, #2097, #695, #1783 ) ) ;
#88 = CARTESIAN_POINT ( 'NONE',  ( -0.7874569999796454667, 0.000000000000000000, -51.00354028359257086 ) ) ;
#89 = CARTESIAN_POINT ( 'NONE',  ( 39.89999856639730780, 21.63983792066095901, 6.928931972457056609 ) ) ;
#90 = CARTESIAN_POINT ( 'NONE',  ( -57.29099728357201826, 8.000000000000000000, 3.945621129574694455E-13 ) ) ;
#91 = CARTESIAN_POINT ( 'NONE',  ( -24.68825749290319038, 21.63983792066095901, 33.69255561103371122 ) ) ;
#92 = CARTESIAN_POINT ( 'NONE',  ( -35.60383094065689846, 31.28862570601155468, 17.17275801773355681 ) ) ;
#93 = ORIENTED_EDGE ( 'NONE', *, *, #1148, .F. ) ;
#94 = CARTESIAN_POINT ( 'NONE',  ( 25.12676985830286469, 31.28862570601155468, -28.87954320501735950 ) ) ;
#95 = EDGE_CURVE ( 'NONE', #3258, #2752, #2750, .T. ) ;
#96 = CARTESIAN_POINT ( 'NONE',  ( 19.76622277671172867, 12.00000000000001066, 38.77574036150226533 ) ) ;
#97 = VECTOR ( 'NONE', #2791, 1000.000000000000000 ) ;
#98 = ORIENTED_EDGE ( 'NONE', *, *, #2136, .T. ) ;
#99 = CARTESIAN_POINT ( 'NONE',  ( -13.77178456350032931, 60.29827007130320027, -29.92897864353314574 ) ) ;
#100 = DIRECTION ( 'NONE',  ( -0.000000000000000000, -1.000000000000000000, 0.000000000000000000 ) ) ;
#101 = DIRECTION ( 'NONE',  ( -0.000000000000000000, -1.000000000000000000, -0.000000000000000000 ) ) ;
#102 = EDGE_CURVE ( 'NONE', #1957, #1764, #894, .T. ) ;
#103 = ORIENTED_EDGE ( 'NONE', *, *, #2680, .F. ) ;
#104 = DIRECTION ( 'NONE',  ( 0.000000000000000000, 0.000000000000000000, -1.000000000000000000 ) ) ;
#105 = PERSON_AND_ORGANIZATION_ROLE ( 'creator' ) ;
#106 = CARTESIAN_POINT ( 'NONE',  ( -34.32910859578149143, 40.95305505793758982, -14.42048391344022917 ) ) ;
#107 = EDGE_LOOP ( 'NONE', ( #2543, #7, #2442, #2999 ) ) ;
#108 = DIRECTION ( 'NONE',  ( -0.000000000000000000, -1.000000000000000000, -0.000000000000000000 ) ) ;
#109 = CARTESIAN_POINT ( 'NONE',  ( 42.39495197558073869, 12.00000000000000888, 8.015815857736436456 ) ) ;
#110 = CARTESIAN_POINT ( 'NONE',  ( 51.96746062060501004, 9.000000000000000000, -15.55373481982211281 ) ) ;
#111 = CARTESIAN_POINT ( 'NONE',  ( -24.19925054192114899, 70.00000000000000000, 20.29315860833702700 ) ) ;
#112 = ORIENTED_EDGE ( 'NONE', *, *, #474, .F. ) ;
#113 = CARTESIAN_POINT ( 'NONE',  ( 56.51694364862616737, 9.000000000000000000, 12.97530819193716134 ) ) ;
#114 = DIRECTION ( 'NONE',  ( 0.000000000000000000, 0.000000000000000000, 1.000000000000000000 ) ) ;
#115 = VERTEX_POINT ( 'NONE', #3083 ) ;
#116 = CARTESIAN_POINT ( 'NONE',  ( -10.13125338786644924, 12.00000000000000888, -42.91247513806007419 ) ) ;
#117 = DIRECTION ( 'NONE',  ( 0.000000000000000000, 0.000000000000000000, 1.000000000000000000 ) ) ;
#118 = CARTESIAN_POINT ( 'NONE',  ( -0.7874569999794480690, 77.80000000000002558, -34.20000000000000284 ) ) ;
#119 = ADVANCED_FACE ( 'NONE', ( #300 ), #708, .T. ) ;
#120 = ORIENTED_EDGE ( 'NONE', *, *, #2492, .T. ) ;
#121 = CARTESIAN_POINT ( 'NONE',  ( -13.76276519191676151, 0.9999999999999991118, -57.30440064860560057 ) ) ;
#122 = CARTESIAN_POINT ( 'NONE',  ( -25.44605439760215049, 70.00000000000002842, -18.73278439002866591 ) ) ;
#123 = VERTEX_POINT ( 'NONE', #356 ) ;
#124 = CARTESIAN_POINT ( 'NONE',  ( 8.504997443595547324, 70.57999999999999829, -32.61615483443236485 ) ) ;
#125 = CARTESIAN_POINT ( 'NONE',  ( 34.69597584822362535, 40.95305505793758982, 8.727101796565815306 ) ) ;
#126 = DIRECTION ( 'NONE',  ( -1.000000000000000000, 0.000000000000000000, 0.000000000000000000 ) ) ;
#127 = CARTESIAN_POINT ( 'NONE',  ( -36.62015042709227686, 31.28862570601155468, 14.93658575683415890 ) ) ;
#128 = ORIENTED_EDGE ( 'NONE', *, *, #1931, .F. ) ;
#129 = EDGE_CURVE ( 'NONE', #1908, #1085, #1582, .T. ) ;
#130 = CARTESIAN_POINT ( 'NONE',  ( 23.73619066408738121, 50.61748440986363562, -24.20138920171377350 ) ) ;
#131 = CARTESIAN_POINT ( 'NONE',  ( 20.71008232797497683, 40.95305505793759693, 29.54671303550063755 ) ) ;
#132 = ADVANCED_FACE ( 'NONE', ( #2475, #1566, #2789, #2458, #957, #337 ), #1279, .T. ) ;
#133 = CARTESIAN_POINT ( 'NONE',  ( 32.21198567331472162, 71.30955278317834711, 11.20523199344066612 ) ) ;
#134 = AXIS2_PLACEMENT_3D ( 'NONE', #3313, #568, #3005 ) ;
#135 = CARTESIAN_POINT ( 'NONE',  ( 7.615950269356884128, 21.63983792066095901, -40.40868576198053574 ) ) ;
#136 = CARTESIAN_POINT ( 'NONE',  ( -17.75516771251280446, 9.000000000000000000, -57.55081922245575043 ) ) ;
#137 = ADVANCED_FACE ( 'NONE', ( #2512, #3354 ), #604, .F. ) ;
#138 = DIRECTION ( 'NONE',  ( 0.9591803203742633732, 0.000000000000000000, 0.2827951785422191389 ) ) ;
#139 = VERTEX_POINT ( 'NONE', #983 ) ;
#140 = CIRCLE ( 'NONE', #3338, 0.5000000000000004441 ) ;
#141 = CARTESIAN_POINT ( 'NONE',  ( 55.71608328361311635, 0.000000000000000000, 0.000000000000000000 ) ) ;
#142 = AXIS2_PLACEMENT_3D ( 'NONE', #391, #433, #1615 ) ;
#143 = CARTESIAN_POINT ( 'NONE',  ( -19.86974930566677600, 40.95305505793759693, -31.12649785042103545 ) ) ;
#144 = ORIENTED_EDGE ( 'NONE', *, *, #1393, .T. ) ;
#145 = CARTESIAN_POINT ( 'NONE',  ( 54.99437033559321719, 70.00000000000001421, 51.65643947374189793 ) ) ;
#146 = CARTESIAN_POINT ( 'NONE',  ( 31.50702855107772393, 60.29827007130305816, 3.968855413260980569 ) ) ;
#147 = DIRECTION ( 'NONE',  ( -0.000000000000000000, -1.000000000000000000, 0.000000000000000000 ) ) ;
#148 = AXIS2_PLACEMENT_3D ( 'NONE', #1411, #1090, #750 ) ;
#149 = DIRECTION ( 'NONE',  ( 0.000000000000000000, 0.000000000000000000, 1.000000000000000000 ) ) ;
#150 = AXIS2_PLACEMENT_3D ( 'NONE', #80, #1903, #3139 ) ;
#151 = CARTESIAN_POINT ( 'NONE',  ( -35.73163501638816086, 40.95305505793757561, 10.57814590698651891 ) ) ;
#152 = CIRCLE ( 'NONE', #1289, 3.999999999999998224 ) ;
#153 = ORIENTED_EDGE ( 'NONE', *, *, #928, .T. ) ;
#154 = VECTOR ( 'NONE', #441, 1000.000000000000000 ) ;
#155 = CIRCLE ( 'NONE', #2960, 11.99999999999996980 ) ;
#156 = CARTESIAN_POINT ( 'NONE',  ( 23.76562809519802499, 60.29827007130309369, -21.37246036546413208 ) ) ;
#157 = CARTESIAN_POINT ( 'NONE',  ( -0.7874569999794462927, 11.00000000000000000, 49.00000000000000711 ) ) ;
#158 = CARTESIAN_POINT ( 'NONE',  ( 5.361099606901064796, 12.00000000000000711, 43.45350439950022547 ) ) ;
#159 = EDGE_LOOP ( 'NONE', ( #3096, #295, #2569, #2818 ) ) ;
#160 = CARTESIAN_POINT ( 'NONE',  ( 2.266706354774075116, 70.00000000000002842, -30.85080107138718475 ) ) ;
#161 = CIRCLE ( 'NONE', #599, 5.000000000000004441 ) ;
#162 = CARTESIAN_POINT ( 'NONE',  ( 55.71608328361311635, 9.000000000000000000, 0.000000000000000000 ) ) ;
#163 = CARTESIAN_POINT ( 'NONE',  ( -0.7874569999794522879, 70.72512164928041045, 0.000000000000000000 ) ) ;
#164 = ORIENTED_EDGE ( 'NONE', *, *, #2642, .F. ) ;
#165 = VECTOR ( 'NONE', #2160, 1000.000000000000000 ) ;
#166 = DIRECTION ( 'NONE',  ( 0.000000000000000000, 0.000000000000000000, -1.000000000000000000 ) ) ;
#167 = CARTESIAN_POINT ( 'NONE',  ( -22.05933832751219370, 21.63983792066095901, -35.36928333359593069 ) ) ;
#168 = ORIENTED_EDGE ( 'NONE', *, *, #1647, .T. ) ;
#169 = CYLINDRICAL_SURFACE ( 'NONE', #3830, 4.000000000000000000 ) ;
#170 = CARTESIAN_POINT ( 'NONE',  ( 30.74870604119669792, 50.61748440986363562, 13.83021929467891376 ) ) ;
#171 = CARTESIAN_POINT ( 'NONE',  ( -0.7874569999794522879, 9.000000000000000000, -44.00000000000000000 ) ) ;
#172 = CARTESIAN_POINT ( 'NONE',  ( -38.29215352059369337, 31.28862570601154047, 10.04063541219861833 ) ) ;
#173 = ORIENTED_EDGE ( 'NONE', *, *, #1653, .T. ) ;
#174 = CARTESIAN_POINT ( 'NONE',  ( 18.54325513700073458, 70.00000000000000000, -24.26377669434919682 ) ) ;
#175 = CARTESIAN_POINT ( 'NONE',  ( -30.96679231759084061, 71.30955278317834711, -17.42779850015566723 ) ) ;
#176 = CARTESIAN_POINT ( 'NONE',  ( 12.19687056354144694, 60.29827007130298711, 29.92897864353313153 ) ) ;
#177 = DIRECTION ( 'NONE',  ( 0.000000000000000000, 0.000000000000000000, -1.000000000000000000 ) ) ;
#178 = CARTESIAN_POINT ( 'NONE',  ( 5.158826816192362941, 70.00000000000002842, -30.42600120491282922 ) ) ;
#179 = VECTOR ( 'NONE', #332, 1000.000000000000000 ) ;
#180 = ORIENTED_EDGE ( 'NONE', *, *, #1726, .T. ) ;
#181 = FACE_OUTER_BOUND ( 'NONE', #892, .T. ) ;
#182 = CARTESIAN_POINT ( 'NONE',  ( -23.43760046971642552, 40.95305505793760403, -28.63500914741062786 ) ) ;
#183 = ORIENTED_EDGE ( 'NONE', *, *, #1250, .T. ) ;
#184 = FACE_OUTER_BOUND ( 'NONE', #1185, .T. ) ;
#185 = CARTESIAN_POINT ( 'NONE',  ( 32.88917759520033712, 50.61748440986362141, 7.045119368224082024 ) ) ;
#186 = CARTESIAN_POINT ( 'NONE',  ( -17.75516771251200865, 0.9999999999999991118, 57.55081922245597070 ) ) ;
#187 = ADVANCED_FACE ( 'NONE', ( #1521 ), #1026, .T. ) ;
#188 = CARTESIAN_POINT ( 'NONE',  ( 52.92664094097926863, 9.000000000000000000, -15.83652999836433040 ) ) ;
#189 = CARTESIAN_POINT ( 'NONE',  ( -30.98686599652349827, 60.29827007130338501, 12.16938927037960738 ) ) ;
#190 = EDGE_LOOP ( 'NONE', ( #924, #2854, #1394, #1348 ) ) ;
#191 = CARTESIAN_POINT ( 'NONE',  ( 29.62479592336736545, 40.95305505793759693, -20.20117868339224643 ) ) ;
#192 = CARTESIAN_POINT ( 'NONE',  ( -16.19829116231216304, 71.30955278317834711, 31.25742521699337928 ) ) ;
#193 = CARTESIAN_POINT ( 'NONE',  ( 16.40050676167139443, 60.29827007130300132, 27.65474662045481935 ) ) ;
#194 = CARTESIAN_POINT ( 'NONE',  ( -0.7874569999796461328, 9.000000000000000000, -62.00354028359257086 ) ) ;
#195 = EDGE_CURVE ( 'NONE', #2805, #3264, #382, .T. ) ;
#196 = CARTESIAN_POINT ( 'NONE',  ( 18.23188889313197336, 21.63983792066095901, -36.68158011901934401 ) ) ;
#197 = DIRECTION ( 'NONE',  ( 0.000000000000000000, 0.000000000000000000, -1.000000000000000000 ) ) ;
#198 = EDGE_CURVE ( 'NONE', #840, #1062, #2635, .T. ) ;
#199 = CARTESIAN_POINT ( 'NONE',  ( -54.50155494093828423, 8.000000000000000000, -15.83652999836393604 ) ) ;
#200 = ORIENTED_EDGE ( 'NONE', *, *, #3349, .F. ) ;
#201 = AXIS2_PLACEMENT_3D ( 'NONE', #2725, #638, #49 ) ;
#202 = DIRECTION ( 'NONE',  ( 0.000000000000000000, 0.000000000000000000, -1.000000000000000000 ) ) ;
#203 = DIRECTION ( 'NONE',  ( 0.000000000000000000, 0.000000000000000000, 1.000000000000000000 ) ) ;
#204 = EDGE_LOOP ( 'NONE', ( #3528, #1194, #3153, #200 ) ) ;
#205 = CARTESIAN_POINT ( 'NONE',  ( -0.7874569999794505115, 10.30410846793376756, 1.734723475976807094E-15 ) ) ;
#206 = CIRCLE ( 'NONE', #1102, 0.9999999999999998890 ) ;
#207 = CARTESIAN_POINT ( 'NONE',  ( 100.9551777700951760, 12.00000000000000178, 26.33317812272567693 ) ) ;
#208 = CARTESIAN_POINT ( 'NONE',  ( 29.07494991701143405, 40.95305505793758982, 21.06004867595006758 ) ) ;
#209 = CARTESIAN_POINT ( 'NONE',  ( -34.33984564347844781, 50.61748440986364983, 7.717917911553852761 ) ) ;
#210 = VERTEX_POINT ( 'NONE', #1538 ) ;
#211 = CARTESIAN_POINT ( 'NONE',  ( 36.22181243845638932, 21.63983792066095901, -18.27000586694163076 ) ) ;
#212 = CIRCLE ( 'NONE', #2257, 11.99999999999999289 ) ;
#213 = CARTESIAN_POINT ( 'NONE',  ( -26.98691003041849612, 71.30955278317834711, 22.98062448413169179 ) ) ;
#214 = CARTESIAN_POINT ( 'NONE',  ( 10.77988546533732794, 40.95305505793758272, 34.62931325282146133 ) ) ;
#215 = AXIS2_PLACEMENT_3D ( 'NONE', #364, #1900, #3725 ) ;
#216 = CIRCLE ( 'NONE', #1234, 0.9999999999999994449 ) ;
#217 = PRODUCT_DEFINITION_FORMATION_WITH_SPECIFIED_SOURCE ( 'ANY', '', #1716, .NOT_KNOWN. ) ;
#218 = EDGE_CURVE ( 'NONE', #1908, #2805, #3271, .T. ) ;
#219 = CARTESIAN_POINT ( 'NONE',  ( 11.63464580843410268, 50.61748440986362141, -32.12596655362093401 ) ) ;
#220 = CARTESIAN_POINT ( 'NONE',  ( -0.7874569999788632035, 9.000000000000000000, 62.00354028359257086 ) ) ;
#221 = VERTEX_POINT ( 'NONE', #2168 ) ;
#222 = ADVANCED_FACE ( 'NONE', ( #2744, #925 ), #3639, .T. ) ;
#223 = CARTESIAN_POINT ( 'NONE',  ( -58.33827622243534705, 9.000000000000000000, -16.96771071253278507 ) ) ;
#224 = LINE ( 'NONE', #3306, #3284 ) ;
#225 = ORIENTED_EDGE ( 'NONE', *, *, #2930, .T. ) ;
#226 = CARTESIAN_POINT ( 'NONE',  ( 55.71608328361311635, 8.000000000000000000, 0.000000000000000000 ) ) ;
#227 = CARTESIAN_POINT ( 'NONE',  ( 8.718753322402777783, 70.00000000000000000, -32.64401882897743690 ) ) ;
#228 = CARTESIAN_POINT ( 'NONE',  ( 27.18395742469303400, 70.00000000000001421, 13.34973962926174629 ) ) ;
#229 = CARTESIAN_POINT ( 'NONE',  ( -17.75516771251280446, 8.000000000000000000, -57.55081922245575043 ) ) ;
#230 = CARTESIAN_POINT ( 'NONE',  ( -35.36168893002360392, 40.95305505793757561, 11.80023737859862720 ) ) ;
#231 = ORIENTED_EDGE ( 'NONE', *, *, #3198, .F. ) ;
#232 = CARTESIAN_POINT ( 'NONE',  ( 35.08847242249957077, 40.95305505793758982, -6.775724031073075970 ) ) ;
#233 = EDGE_CURVE ( 'NONE', #1344, #956, #1733, .T. ) ;
#234 = FACE_OUTER_BOUND ( 'NONE', #3166, .T. ) ;
#235 = CARTESIAN_POINT ( 'NONE',  ( 17.42403016348860234, 60.29827007130300132, 26.96344461662210534 ) ) ;
#236 = CARTESIAN_POINT ( 'NONE',  ( -0.7874569999794561737, 69.99999999999981526, -34.00000000000009948 ) ) ;
#237 = CARTESIAN_POINT ( 'NONE',  ( -16.62398699834388793, 8.000000000000000000, -53.71409794095870893 ) ) ;
#238 = ADVANCED_FACE ( 'NONE', ( #34 ), #2124, .T. ) ;
#239 = EDGE_CURVE ( 'NONE', #48, #1537, #2245, .T. ) ;
#240 = ORIENTED_EDGE ( 'NONE', *, *, #542, .F. ) ;
#241 = DIRECTION ( 'NONE',  ( 0.000000000000000000, 0.000000000000000000, -1.000000000000000000 ) ) ;
#242 = DIRECTION ( 'NONE',  ( -0.000000000000000000, -1.000000000000000000, -0.000000000000000000 ) ) ;
#243 = EDGE_LOOP ( 'NONE', ( #2773, #3054, #1215, #548, #1678 ) ) ;
#244 = DIRECTION ( 'NONE',  ( 0.000000000000000000, 0.000000000000000000, 1.000000000000000000 ) ) ;
#245 = FACE_OUTER_BOUND ( 'NONE', #3235, .T. ) ;
#246 = CARTESIAN_POINT ( 'NONE',  ( -38.64121426875195908, 21.63983792066095901, -16.44907898277819314 ) ) ;
#247 = ORIENTED_EDGE ( 'NONE', *, *, #773, .F. ) ;
#248 = CARTESIAN_POINT ( 'NONE',  ( 27.95752406848115612, 60.29827007130310079, -15.28746347590228361 ) ) ;
#249 = DIRECTION ( 'NONE',  ( 0.000000000000000000, 0.000000000000000000, 1.000000000000000000 ) ) ;
#250 = CARTESIAN_POINT ( 'NONE',  ( -6.378622692788240123, 31.28862570601155468, 38.39679720482610747 ) ) ;
#251 = CARTESIAN_POINT ( 'NONE',  ( -13.19119121358257374, 70.00000000000002842, 28.37447821863228015 ) ) ;
#252 = CIRCLE ( 'NONE', #2116, 13.00000000000001776 ) ;
#253 = CARTESIAN_POINT ( 'NONE',  ( 9.745197444477009086, 60.29827007130311500, -30.81536623997343227 ) ) ;
#254 = VERTEX_POINT ( 'NONE', #88 ) ;
#255 = CARTESIAN_POINT ( 'NONE',  ( -0.7874569999794522879, 10.90058692399052909, 0.000000000000000000 ) ) ;
#256 = CARTESIAN_POINT ( 'NONE',  ( -0.7874569999794522879, 0.000000000000000000, 0.000000000000000000 ) ) ;
#257 = MANIFOLD_SOLID_BREP ( 'Fillet11', #1154 ) ;
#258 = VERTEX_POINT ( 'NONE', #2570 ) ;
#259 = EDGE_CURVE ( 'NONE', #2824, #2101, #1320, .T. ) ;
#260 = EDGE_CURVE ( 'NONE', #593, #1586, #886, .T. ) ;
#261 = CARTESIAN_POINT ( 'NONE',  ( 26.23174985055339903, 40.95305505793758982, 24.60078806926067685 ) ) ;
#262 = CARTESIAN_POINT ( 'NONE',  ( -16.62398699834388793, 9.000000000000000000, -53.71409794095870893 ) ) ;
#263 = CARTESIAN_POINT ( 'NONE',  ( -33.08194255103662584, 60.29827007130306527, -3.968855413261024534 ) ) ;
#264 = VERTEX_POINT ( 'NONE', #1019 ) ;
#265 = CARTESIAN_POINT ( 'NONE',  ( 10.41777499346120806, 71.30955278317833290, 32.99944267329417613 ) ) ;
#266 = CARTESIAN_POINT ( 'NONE',  ( 40.32542197847411813, 21.63983792066095901, -3.934904484552137482 ) ) ;
#267 = CARTESIAN_POINT ( 'NONE',  ( -11.66904997651862708, 50.61748440986363562, 32.63955206283812771 ) ) ;
#268 = CARTESIAN_POINT ( 'NONE',  ( -13.84709978174927159, 60.29827007130311500, 29.83235385554734620 ) ) ;
#269 = DIRECTION ( 'NONE',  ( 0.000000000000000000, 0.000000000000000000, -1.000000000000000000 ) ) ;
#270 = DIRECTION ( 'NONE',  ( -2.168404344971006896E-16, 0.000000000000000000, -1.000000000000000000 ) ) ;
#271 = AXIS2_PLACEMENT_3D ( 'NONE', #1924, #972, #1034 ) ;
#272 = CC_DESIGN_APPROVAL ( #613, ( #217 ) ) ;
#273 = ORIENTED_EDGE ( 'NONE', *, *, #524, .F. ) ;
#274 = DIRECTION ( 'NONE',  ( -0.06160464346254695273, -0.000000000000000000, -0.9981006301490109589 ) ) ;
#275 = DIRECTION ( 'NONE',  ( 0.000000000000000000, 0.000000000000000000, -1.000000000000000000 ) ) ;
#276 = ORIENTED_EDGE ( 'NONE', *, *, #297, .T. ) ;
#277 = CARTESIAN_POINT ( 'NONE',  ( -10.29366732236170279, 69.99999999999998579, 32.64401882897750795 ) ) ;
#278 = AXIS2_PLACEMENT_3D ( 'NONE', #2288, #2268, #2308 ) ;
#279 = AXIS2_PLACEMENT_3D ( 'NONE', #1180, #3523, #3863 ) ;
#280 = CARTESIAN_POINT ( 'NONE',  ( 25.69969384923732036, 60.29827007130305816, 18.89752497523537755 ) ) ;
#281 = CIRCLE ( 'NONE', #1119, 2.000000000000001776 ) ;
#282 = DIRECTION ( 'NONE',  ( -0.000000000000000000, -1.000000000000000000, 0.000000000000000000 ) ) ;
#283 = CARTESIAN_POINT ( 'NONE',  ( -33.24476738850375312, 60.29827007130306527, -2.643953441935602111 ) ) ;
#284 = ORIENTED_EDGE ( 'NONE', *, *, #2912, .T. ) ;
#285 = DIRECTION ( 'NONE',  ( 0.000000000000000000, 0.000000000000000000, 1.000000000000000000 ) ) ;
#286 = CARTESIAN_POINT ( 'NONE',  ( 29.81565856243500789, 60.29827007130302263, -11.05146724070229780 ) ) ;
#287 = CARTESIAN_POINT ( 'NONE',  ( -0.7874569999794522879, 11.00000000000000000, 0.000000000000000000 ) ) ;
#288 = CARTESIAN_POINT ( 'NONE',  ( -10.81885215576714643, 31.28862570601155468, 37.53969639658393476 ) ) ;
#289 = CARTESIAN_POINT ( 'NONE',  ( -16.50450607418363447, 60.29827007130327132, 28.48964686860589168 ) ) ;
#290 = CARTESIAN_POINT ( 'NONE',  ( 23.11334349294428137, 21.63983792066095901, -33.69255561103371832 ) ) ;
#291 = EDGE_CURVE ( 'NONE', #1822, #3126, #3321, .T. ) ;
#292 = EDGE_LOOP ( 'NONE', ( #2556, #2351, #2272, #3889 ) ) ;
#293 = CARTESIAN_POINT ( 'NONE',  ( -16.34119181980165791, 0.9999999999999991118, -52.75491762058445033 ) ) ;
#294 = LINE ( 'NONE', #2472, #2390 ) ;
#295 = ORIENTED_EDGE ( 'NONE', *, *, #31, .T. ) ;
#296 = DIRECTION ( 'NONE',  ( 0.000000000000000000, 0.000000000000000000, -1.000000000000000000 ) ) ;
#297 = EDGE_CURVE ( 'NONE', #889, #2192, #3194, .T. ) ;
#298 = DIRECTION ( 'NONE',  ( 0.000000000000000000, 0.000000000000000000, 1.000000000000000000 ) ) ;
#299 = CARTESIAN_POINT ( 'NONE',  ( -31.51026090670848490, 70.00000000000009948, 4.077580058957219755 ) ) ;
#300 = FACE_OUTER_BOUND ( 'NONE', #2864, .T. ) ;
#301 = CARTESIAN_POINT ( 'NONE',  ( 42.65154817904517870, 12.00000000000000711, -6.435860801564397882 ) ) ;
#302 = DIRECTION ( 'NONE',  ( -1.000000000000000000, 0.000000000000000000, 0.000000000000000000 ) ) ;
#303 = CARTESIAN_POINT ( 'NONE',  ( -17.94701724616941974, 21.63983792066095901, 37.60151702624015968 ) ) ;
#304 = CARTESIAN_POINT ( 'NONE',  ( -26.01254939181990267, 40.95305505793758272, 26.46656543096986880 ) ) ;
#305 = CARTESIAN_POINT ( 'NONE',  ( -0.7874569999794522879, 9.000000000000000000, -49.00000000000000711 ) ) ;
#306 = ORIENTED_EDGE ( 'NONE', *, *, #15, .F. ) ;
#307 = EDGE_CURVE ( 'NONE', #614, #2550, #1589, .T. ) ;
#308 = CARTESIAN_POINT ( 'NONE',  ( 74.00679098035764980, 70.00000000000001421, -13.63159818421298297 ) ) ;
#309 = CARTESIAN_POINT ( 'NONE',  ( -58.33827622243534705, 0.9999999999999991118, -16.96771071253278507 ) ) ;
#310 = EDGE_LOOP ( 'NONE', ( #3298, #659, #413, #3429 ) ) ;
#311 = DIRECTION ( 'NONE',  ( -0.000000000000000000, -1.000000000000000000, -0.000000000000000000 ) ) ;
#312 = DATE_AND_TIME ( #1829, #728 ) ;
#313 = CARTESIAN_POINT ( 'NONE',  ( -31.06792138025820549, 70.00000000000007105, 6.485145606385174233 ) ) ;
#314 = ORIENTED_EDGE ( 'NONE', *, *, #2479, .F. ) ;
#315 = DIRECTION ( 'NONE',  ( 0.000000000000000000, 1.000000000000000000, -0.000000000000000000 ) ) ;
#316 = CARTESIAN_POINT ( 'NONE',  ( 33.22756023922418223, 50.61748440986362141, -5.169915549258640830 ) ) ;
#317 = DIRECTION ( 'NONE',  ( 0.000000000000000000, 0.000000000000000000, 1.000000000000000000 ) ) ;
#318 = CARTESIAN_POINT ( 'NONE',  ( -26.04825841867769398, 21.63983792066095901, 32.64002221858795139 ) ) ;
#319 = CARTESIAN_POINT ( 'NONE',  ( -26.65205403466001144, 50.61748440986360720, 22.78207428943951740 ) ) ;
#320 = CARTESIAN_POINT ( 'NONE',  ( -0.7874569999796461328, 0.9999999999999991118, -56.50354028359257086 ) ) ;
#321 = LINE ( 'NONE', #2521, #2457 ) ;
#322 = AXIS2_PLACEMENT_3D ( 'NONE', #698, #1860, #2223 ) ;
#323 = AXIS2_PLACEMENT_3D ( 'NONE', #1023, #1282, #1002 ) ;
#324 = ORIENTED_EDGE ( 'NONE', *, *, #3851, .F. ) ;
#325 = CIRCLE ( 'NONE', #3467, 12.99999999999996980 ) ;
#326 = CIRCLE ( 'NONE', #1167, 0.9999999999999998890 ) ;
#327 = CARTESIAN_POINT ( 'NONE',  ( -16.62398699834388793, 0.9999999999999991118, -53.71409794095870893 ) ) ;
#328 = AXIS2_PLACEMENT_3D ( 'NONE', #1198, #3015, #1721 ) ;
#329 = TOROIDAL_SURFACE ( 'NONE', #2585, 41.17475563796914884, 0.5000000000000000000 ) ;
#330 = ORIENTED_EDGE ( 'NONE', *, *, #919, .F. ) ;
#331 = TOROIDAL_SURFACE ( 'NONE', #1751, 4.999999999999998224, 1.000000000000000000 ) ;
#332 = DIRECTION ( 'NONE',  ( -0.000000000000000000, -1.000000000000000000, -0.000000000000000000 ) ) ;
#333 = AXIS2_PLACEMENT_3D ( 'NONE', #3407, #2548, #28 ) ;
#334 = CARTESIAN_POINT ( 'NONE',  ( -31.60282323995289389, 60.29827007130312211, -10.53265444445650978 ) ) ;
#335 = AXIS2_PLACEMENT_3D ( 'NONE', #2920, #1404, #2626 ) ;
#336 = EDGE_LOOP ( 'NONE', ( #3655, #3932, #2040, #2785 ) ) ;
#337 = FACE_BOUND ( 'NONE', #3614, .T. ) ;
#338 = CARTESIAN_POINT ( 'NONE',  ( 37.95158999390885413, 31.28862570601155468, 2.678952474252286109 ) ) ;
#339 = DIRECTION ( 'NONE',  ( 0.000000000000000000, 0.000000000000000000, -1.000000000000000000 ) ) ;
#340 = CARTESIAN_POINT ( 'NONE',  ( -0.7874569999794522879, 75.91478253581945523, 40.88737781898382906 ) ) ;
#341 = CARTESIAN_POINT ( 'NONE',  ( -32.93425112365438423, 40.95305505793758982, 17.30827477370337419 ) ) ;
#342 = ORIENTED_EDGE ( 'NONE', *, *, #1904, .T. ) ;
#343 = AXIS2_PLACEMENT_3D ( 'NONE', #3347, #3, #296 ) ;
#344 = CARTESIAN_POINT ( 'NONE',  ( 28.58254381571100922, 21.63983792066095546, -28.99796873629537330 ) ) ;
#345 = CARTESIAN_POINT ( 'NONE',  ( 21.86268646975754137, 40.95305505793759693, 28.63500914741059233 ) ) ;
#346 = DIRECTION ( 'NONE',  ( 0.2827951785422289088, 0.000000000000000000, 0.9591803203742603756 ) ) ;
#347 = VERTEX_POINT ( 'NONE', #1365 ) ;
#348 = ADVANCED_FACE ( 'NONE', ( #1687 ), #1913, .F. ) ;
#349 = CARTESIAN_POINT ( 'NONE',  ( -13.35756345393081013, 12.00000000000000888, -42.08063066482303327 ) ) ;
#350 = CARTESIAN_POINT ( 'NONE',  ( 29.54110901924376265, 13.50112674534168633, -35.35830209823702575 ) ) ;
#351 = ADVANCED_FACE ( 'NONE', ( #3824 ), #169, .F. ) ;
#352 = DIRECTION ( 'NONE',  ( -0.000000000000000000, -1.000000000000000000, 0.000000000000000000 ) ) ;
#353 = ORIENTED_EDGE ( 'NONE', *, *, #2974, .F. ) ;
#354 = CARTESIAN_POINT ( 'NONE',  ( 55.71608328361311635, 0.000000000000000000, -5.499999999999996447 ) ) ;
#355 = CARTESIAN_POINT ( 'NONE',  ( -27.80666385051228318, 40.95305505793758272, -24.60078806926070882 ) ) ;
#356 = CARTESIAN_POINT ( 'NONE',  ( 14.76627781984314147, 0.000000000000000000, 52.75491762058432244 ) ) ;
#357 = AXIS2_PLACEMENT_3D ( 'NONE', #2165, #3711, #104 ) ;
#358 = ADVANCED_FACE ( 'NONE', ( #1958, #3489, #2311, #1599, #2594, #3775 ), #1642, .F. ) ;
#359 = CARTESIAN_POINT ( 'NONE',  ( 40.51089396811092058, 21.63983792066095901, 0.6164017608721878982 ) ) ;
#360 = DIRECTION ( 'NONE',  ( 0.000000000000000000, 1.000000000000000000, 0.000000000000000000 ) ) ;
#361 = CARTESIAN_POINT ( 'NONE',  ( -37.79672643841529123, 21.63983792066095191, 18.27000586694163076 ) ) ;
#362 = ORIENTED_EDGE ( 'NONE', *, *, #3223, .T. ) ;
#363 = CARTESIAN_POINT ( 'NONE',  ( 13.58494797423158396, 60.29827007130315053, -29.23145449452702849 ) ) ;
#364 = CARTESIAN_POINT ( 'NONE',  ( -0.7874569999794522879, 0.9999999999999991118, -45.00000000000000000 ) ) ;
#365 = ORIENTED_EDGE ( 'NONE', *, *, #3474, .T. ) ;
#366 = CARTESIAN_POINT ( 'NONE',  ( -0.6721541665838755009, 12.00000000000000711, -43.98361684326454224 ) ) ;
#367 = DIRECTION ( 'NONE',  ( 0.000000000000000000, 0.000000000000000000, -1.000000000000000000 ) ) ;
#368 = CARTESIAN_POINT ( 'NONE',  ( 5.755389334687594172, 69.99999999999965894, -33.50697511743509693 ) ) ;
#369 = ORIENTED_EDGE ( 'NONE', *, *, #3318, .T. ) ;
#370 = AXIS2_PLACEMENT_3D ( 'NONE', #806, #2332, #3265 ) ;
#371 = DIRECTION ( 'NONE',  ( -0.000000000000000000, -1.000000000000000000, 0.000000000000000000 ) ) ;
#372 = CARTESIAN_POINT ( 'NONE',  ( -36.29659589181675727, 12.00000000000000533, -25.85402575315820073 ) ) ;
#373 = ADVANCED_FACE ( 'NONE', ( #1046 ), #1401, .T. ) ;
#374 = ORIENTED_EDGE ( 'NONE', *, *, #3490, .F. ) ;
#375 = EDGE_CURVE ( 'NONE', #1128, #3353, #1991, .T. ) ;
#376 = DIRECTION ( 'NONE',  ( 0.000000000000000000, -0.000000000000000000, -1.000000000000000000 ) ) ;
#377 = CARTESIAN_POINT ( 'NONE',  ( 38.00201814995556759, 31.28862570601155468, -1.766698906218878040 ) ) ;
#378 = CARTESIAN_POINT ( 'NONE',  ( 56.76336222247633145, 9.000000000000000000, 16.96771071253320073 ) ) ;
#379 = CARTESIAN_POINT ( 'NONE',  ( -17.75516771251200865, 9.000000000000000000, 57.55081922245597070 ) ) ;
#380 = CARTESIAN_POINT ( 'NONE',  ( -40.09697458129337377, 12.00000000000000178, 19.68984411481221031 ) ) ;
#381 = VERTEX_POINT ( 'NONE', #563 ) ;
#382 = CIRCLE ( 'NONE', #2947, 55.99999999999999289 ) ;
#383 = CARTESIAN_POINT ( 'NONE',  ( 17.69719766536265126, 40.95305505793759693, -31.48508043462814499 ) ) ;
#384 = CARTESIAN_POINT ( 'NONE',  ( -0.7874569999796461328, 0.000000000000000000, -56.50354028359257086 ) ) ;
#385 = CARTESIAN_POINT ( 'NONE',  ( 22.85548754308073072, 12.00000000000000711, 37.01708582442246609 ) ) ;
#386 = ORIENTED_EDGE ( 'NONE', *, *, #3903, .F. ) ;
#387 = CIRCLE ( 'NONE', #77, 44.00000000000000000 ) ;
#388 = AXIS2_PLACEMENT_3D ( 'NONE', #2832, #1325, #2558 ) ;
#389 = CARTESIAN_POINT ( 'NONE',  ( -14.73002488870274718, 21.63983792066096257, -38.87851005996399323 ) ) ;
#390 = CARTESIAN_POINT ( 'NONE',  ( 51.96746062060501004, 0.000000000000000000, -15.55373481982211281 ) ) ;
#391 = CARTESIAN_POINT ( 'NONE',  ( -0.7874569999794522879, 77.80000000000002558, 0.000000000000000000 ) ) ;
#392 = ORIENTED_EDGE ( 'NONE', *, *, #1473, .T. ) ;
#393 = CIRCLE ( 'NONE', #2829, 3.999999999999998224 ) ;
#394 = CARTESIAN_POINT ( 'NONE',  ( -0.7874569999794522879, 76.32394508195261551, 0.000000000000000000 ) ) ;
#395 = APPROVAL_ROLE ( '' ) ;
#396 = CARTESIAN_POINT ( 'NONE',  ( -32.79642946828099781, 12.00000000000000533, -30.07958186116921695 ) ) ;
#397 = CIRCLE ( 'NONE', #271, 5.000000000000004441 ) ;
#398 = ORIENTED_EDGE ( 'NONE', *, *, #3608, .T. ) ;
#399 = CARTESIAN_POINT ( 'NONE',  ( -56.56928433555212621, 70.00000000000001421, -51.65643947374193345 ) ) ;
#400 = CIRCLE ( 'NONE', #3159, 0.5000000000000004441 ) ;
#401 = CARTESIAN_POINT ( 'NONE',  ( 33.03131196214675214, 50.61748440986362141, -6.461114305669693358 ) ) ;
#402 = CARTESIAN_POINT ( 'NONE',  ( -0.7874569999796461328, 8.000000000000000000, -56.50354028359257086 ) ) ;
#403 = CARTESIAN_POINT ( 'NONE',  ( -23.53414643264644468, 70.00000000000000000, 21.01313295239770440 ) ) ;
#404 = ORIENTED_EDGE ( 'NONE', *, *, #3386, .F. ) ;
#405 = AXIS2_PLACEMENT_3D ( 'NONE', #781, #745, #3243 ) ;
#406 = CARTESIAN_POINT ( 'NONE',  ( 11.61627721362367360, 70.00000000000002842, -28.37447821863227659 ) ) ;
#407 = DIRECTION ( 'NONE',  ( -0.000000000000000000, -1.000000000000000000, -0.000000000000000000 ) ) ;
#408 = CARTESIAN_POINT ( 'NONE',  ( 24.53322855865499363, 50.61748440986362141, 23.33676669722193253 ) ) ;
#409 = EDGE_LOOP ( 'NONE', ( #404, #2397, #2664, #3774 ) ) ;
#410 = CARTESIAN_POINT ( 'NONE',  ( -18.64910233114046179, 40.95305505793759693, -31.87482303887936297 ) ) ;
#411 = CARTESIAN_POINT ( 'NONE',  ( -0.7874569999794492903, 71.30955278317834711, 34.77556630983301744 ) ) ;
#412 = CYLINDRICAL_SURFACE ( 'NONE', #2445, 4.000000000000003553 ) ;
#413 = ORIENTED_EDGE ( 'NONE', *, *, #102, .T. ) ;
#414 = DIRECTION ( 'NONE',  ( 0.000000000000000000, 0.000000000000000000, 1.000000000000000000 ) ) ;
#415 = PERSON_AND_ORGANIZATION ( #1906, #2195 ) ;
#416 = CARTESIAN_POINT ( 'NONE',  ( -32.37494582612161764, 21.63983792066095901, -26.62080234447279636 ) ) ;
#417 = EDGE_CURVE ( 'NONE', #759, #1128, #252, .T. ) ;
#418 = ORIENTED_EDGE ( 'NONE', *, *, #3669, .T. ) ;
#419 = DIRECTION ( 'NONE',  ( 0.000000000000000000, 1.000000000000000000, 0.000000000000000000 ) ) ;
#420 = ADVANCED_FACE ( 'NONE', ( #1125 ), #764, .T. ) ;
#421 = EDGE_CURVE ( 'NONE', #915, #2668, #2306, .T. ) ;
#422 = CARTESIAN_POINT ( 'NONE',  ( 29.04489685556777090, 60.29827007130314342, 13.05964278176986682 ) ) ;
#423 = CARTESIAN_POINT ( 'NONE',  ( -58.03025300512244655, 9.000000000000000000, 11.97720756178852497 ) ) ;
#424 = CARTESIAN_POINT ( 'NONE',  ( -31.42558901135852878, 50.61748440986361430, 15.65421002232612224 ) ) ;
#425 = ORIENTED_EDGE ( 'NONE', *, *, #2806, .F. ) ;
#426 = EDGE_CURVE ( 'NONE', #759, #1822, #1143, .T. ) ;
#427 = CARTESIAN_POINT ( 'NONE',  ( 28.41423839926895312, 40.95305505793759693, -22.02363578741303130 ) ) ;
#428 = CARTESIAN_POINT ( 'NONE',  ( -34.45078415537795991, 71.30955278317834711, -9.016698154172875235 ) ) ;
#429 = ORIENTED_EDGE ( 'NONE', *, *, #1237, .T. ) ;
#430 = CARTESIAN_POINT ( 'NONE',  ( 2.246602248529273815, 12.00000000000000711, -43.78134622669730192 ) ) ;
#431 = CARTESIAN_POINT ( 'NONE',  ( -0.7874569999796461328, 0.000000000000000000, -56.50354028359257086 ) ) ;
#432 = PRODUCT_DEFINITION_SHAPE ( 'NONE', 'NONE',  #3328 ) ;
#433 = DIRECTION ( 'NONE',  ( 0.000000000000000000, 1.000000000000000000, 0.000000000000000000 ) ) ;
#434 = ORIENTED_EDGE ( 'NONE', *, *, #2666, .T. ) ;
#435 = DIRECTION ( 'NONE',  ( -0.000000000000000000, -1.000000000000000000, 0.000000000000000000 ) ) ;
#436 = CARTESIAN_POINT ( 'NONE',  ( -27.54228752471996344, 70.00000000000002842, -15.59303306652556920 ) ) ;
#437 = ORIENTED_EDGE ( 'NONE', *, *, #2224, .T. ) ;
#438 = CC_DESIGN_DATE_AND_TIME_ASSIGNMENT ( #3144, #2289, ( #3328 ) ) ;
#439 = DIRECTION ( 'NONE',  ( 0.000000000000000000, 0.000000000000000000, -1.000000000000000000 ) ) ;
#440 = CARTESIAN_POINT ( 'NONE',  ( 32.15567905077706712, 40.95305505793758982, 15.81261471897286697 ) ) ;
#441 = DIRECTION ( 'NONE',  ( -0.000000000000000000, -1.000000000000000000, -0.000000000000000000 ) ) ;
#442 = CARTESIAN_POINT ( 'NONE',  ( -41.98909659066237055, 21.63983792066096257, 2.429821759778334034 ) ) ;
#443 = ORIENTED_EDGE ( 'NONE', *, *, #2224, .F. ) ;
#444 = B_SPLINE_CURVE_WITH_KNOTS ( 'NONE', 3,
 ( #2660, #3177, #3788, #2578, #2341, #3849, #771, #3553, #1710, #3213, #466, #175, #486, #1397, #428, #3831, #2950, #2318, #1650, #3530, #792, #815, #3569, #2933, #213, #3254, #1964, #1055, #192, #1731, #1415, #1439, #3868, #1130 ),
 .UNSPECIFIED., .F., .F.,
 ( 4, 2, 2, 2, 2, 2, 2, 2, 2, 2, 2, 2, 2, 2, 2, 2, 4 ),
 ( 0.5000000000000000000, 0.5312500000000000000, 0.5625000000000000000, 0.5937500000000001110, 0.6250000000000001110, 0.6562500000000001110, 0.6875000000000001110, 0.7187500000000001110, 0.7500000000000001110, 0.7812500000000001110, 0.8125000000000000000, 0.8437500000000001110, 0.8750000000000001110, 0.9062500000000001110, 0.9375000000000001110, 0.9687500000000001110, 1.000000000000000000 ),
 .UNSPECIFIED. ) ;
#445 = CARTESIAN_POINT ( 'NONE',  ( 23.10380626869146425, 60.29827007130308658, -22.08830345965651532 ) ) ;
#446 = DIRECTION ( 'NONE',  ( -0.000000000000000000, -1.000000000000000000, -0.000000000000000000 ) ) ;
#447 = CARTESIAN_POINT ( 'NONE',  ( 9.002288522929546843, 31.28862570601154758, 37.54645192278048427 ) ) ;
#448 = CARTESIAN_POINT ( 'NONE',  ( -57.29099728357201826, 0.9999999999999991118, 3.945621129574694455E-13 ) ) ;
#449 = CARTESIAN_POINT ( 'NONE',  ( 3.263892502453861422, 50.61748440986361430, -34.21553888591048320 ) ) ;
#450 = CARTESIAN_POINT ( 'NONE',  ( -0.7874569999794522879, 9.000000000000000000, 0.000000000000000000 ) ) ;
#451 = DIRECTION ( 'NONE',  ( 0.000000000000000000, 1.000000000000000000, 0.000000000000000000 ) ) ;
#452 = ORIENTED_EDGE ( 'NONE', *, *, #3881, .T. ) ;
#453 = CARTESIAN_POINT ( 'NONE',  ( -0.7874569999796461328, 9.000000000000000000, -56.50354028359257086 ) ) ;
#454 = PERSON_AND_ORGANIZATION ( #1906, #2195 ) ;
#455 = CARTESIAN_POINT ( 'NONE',  ( -17.70004064287546086, 21.63983792066095901, -37.64895288406929552 ) ) ;
#456 = ORIENTED_EDGE ( 'NONE', *, *, #3268, .T. ) ;
#457 = DIRECTION ( 'NONE',  ( 0.000000000000000000, 0.000000000000000000, 1.000000000000000000 ) ) ;
#458 = CARTESIAN_POINT ( 'NONE',  ( 36.39146625924316680, 21.63983792066095546, 18.00205363995859642 ) ) ;
#459 = TOROIDAL_SURFACE ( 'NONE', #2702, 31.50000000000000000, 0.5000000000000000000 ) ;
#460 = CARTESIAN_POINT ( 'NONE',  ( -39.14443831397025519, 31.28862570601156889, 6.027123675220227739 ) ) ;
#461 = LOCAL_TIME ( 17, 53, 13.00000000000000000, #3371 ) ;
#462 = ORIENTED_EDGE ( 'NONE', *, *, #3223, .F. ) ;
#463 = AXIS2_PLACEMENT_3D ( 'NONE', #546, #282, #1518 ) ;
#464 = CIRCLE ( 'NONE', #2263, 41.10000000000000142 ) ;
#465 = CARTESIAN_POINT ( 'NONE',  ( 25.77363400044485431, 40.95305505793759693, -25.04997391094723369 ) ) ;
#466 = CARTESIAN_POINT ( 'NONE',  ( -28.43777495684467027, 71.30955278317833290, -21.21274045612943837 ) ) ;
#467 = CARTESIAN_POINT ( 'NONE',  ( 18.29483530570789185, 40.95305505793758982, 31.12649785042099282 ) ) ;
#468 = AXIS2_PLACEMENT_3D ( 'NONE', #594, #1197, #2069 ) ;
#469 = CARTESIAN_POINT ( 'NONE',  ( 56.45533900516362991, 8.000000000000000000, 11.97720756178815016 ) ) ;
#470 = CARTESIAN_POINT ( 'NONE',  ( 12.99851639913838675, 12.00000000000000355, -41.74775528312927975 ) ) ;
#471 = AXIS2_PLACEMENT_3D ( 'NONE', #287, #1506, #1226 ) ;
#472 = CARTESIAN_POINT ( 'NONE',  ( 16.18025371255428624, 0.9999999999999991118, 57.55081922245562964 ) ) ;
#473 = ORIENTED_EDGE ( 'NONE', *, *, #1187, .T. ) ;
#474 = EDGE_CURVE ( 'NONE', #2752, #1822, #573, .T. ) ;
#475 = FACE_OUTER_BOUND ( 'NONE', #3170, .T. ) ;
#476 = CARTESIAN_POINT ( 'NONE',  ( -23.89352587108856696, 60.29827007130325001, -22.94581579464603749 ) ) ;
#477 = VERTEX_POINT ( 'NONE', #543 ) ;
#478 = LINE ( 'NONE', #515, #3029 ) ;
#479 = CARTESIAN_POINT ( 'NONE',  ( 31.34420371361060376, 60.29827007130305816, 5.293757384586406545 ) ) ;
#480 = DIRECTION ( 'NONE',  ( -0.9591803203742605977, 0.000000000000000000, 0.2827951785422290198 ) ) ;
#481 = DIRECTION ( 'NONE',  ( 0.000000000000000000, 0.000000000000000000, 1.000000000000000000 ) ) ;
#482 = CARTESIAN_POINT ( 'NONE',  ( -39.57693214991447661, 31.28862570601156889, 1.766698906218884924 ) ) ;
#483 = ORIENTED_EDGE ( 'NONE', *, *, #1216, .F. ) ;
#484 = ADVANCED_FACE ( 'NONE', ( #1723 ), #2811, .T. ) ;
#485 = CARTESIAN_POINT ( 'NONE',  ( 21.02291460553776403, 50.61748440986363562, -26.67253689609159295 ) ) ;
#486 = CARTESIAN_POINT ( 'NONE',  ( -32.04488221697283734, 71.30955278317836132, -15.41083416233271208 ) ) ;
#487 = CARTESIAN_POINT ( 'NONE',  ( 13.71591800894556101, 50.61748440986361430, 31.22468821180400411 ) ) ;
#488 = B_SPLINE_CURVE_WITH_KNOTS ( 'NONE', 1,
 ( #277, #3039 ),
 .UNSPECIFIED., .F., .F.,
 ( 2, 2 ),
 ( -1.734723475976807094E-18, 0.9741185043906607222 ),
 .UNSPECIFIED. ) ;
#489 = CARTESIAN_POINT ( 'NONE',  ( 14.62337716235324159, 71.30955278317834711, -31.25742521699339349 ) ) ;
#490 = CARTESIAN_POINT ( 'NONE',  ( 10.03006258497519632, 40.95305505793758272, -34.92514340583040422 ) ) ;
#491 = AXIS2_PLACEMENT_3D ( 'NONE', #394, #662, #3734 ) ;
#492 = CARTESIAN_POINT ( 'NONE',  ( 56.76336222247632435, 9.000000000000000000, -16.96771071253321495 ) ) ;
#493 = DIRECTION ( 'NONE',  ( 0.000000000000000000, 0.000000000000000000, -1.000000000000000000 ) ) ;
#494 = ORIENTED_EDGE ( 'NONE', *, *, #2899, .T. ) ;
#495 = CARTESIAN_POINT ( 'NONE',  ( 16.18025371255351175, 0.9999999999999991118, -57.55081922245584991 ) ) ;
#496 = CARTESIAN_POINT ( 'NONE',  ( -23.48300759377013947, 21.63983792066095901, -34.51305666380844883 ) ) ;
#497 = FACE_OUTER_BOUND ( 'NONE', #740, .T. ) ;
#498 = ORIENTED_EDGE ( 'NONE', *, *, #1965, .F. ) ;
#499 = FACE_OUTER_BOUND ( 'NONE', #1275, .T. ) ;
#500 = CARTESIAN_POINT ( 'NONE',  ( 34.27892056966741308, 40.95305505793758982, 10.16572241480773897 ) ) ;
#501 = DIRECTION ( 'NONE',  ( 0.000000000000000000, 0.000000000000000000, -1.000000000000000000 ) ) ;
#502 = CARTESIAN_POINT ( 'NONE',  ( -31.39057256239390625, 60.29827007130339211, 11.05146724070236708 ) ) ;
#503 = EDGE_CURVE ( 'NONE', #762, #139, #1821, .T. ) ;
#504 = ORIENTED_EDGE ( 'NONE', *, *, #998, .T. ) ;
#505 = CARTESIAN_POINT ( 'NONE',  ( 20.61271194875262935, 70.00000000000000000, -22.40217219893513345 ) ) ;
#506 = LINE ( 'NONE', #1075, #1560 ) ;
#507 = CARTESIAN_POINT ( 'NONE',  ( 14.50400337647276494, 31.28862570601154758, 35.69195773543462735 ) ) ;
#508 = ADVANCED_FACE ( 'NONE', ( #1477 ), #1493, .T. ) ;
#509 = CARTESIAN_POINT ( 'NONE',  ( 14.97737538333183949, 31.28862570601155468, -35.50209957892014501 ) ) ;
#510 = CARTESIAN_POINT ( 'NONE',  ( -0.7874569999788638697, 9.000000000000000000, 56.50354028359257086 ) ) ;
#511 = VERTEX_POINT ( 'NONE', #3231 ) ;
#512 = AXIS2_PLACEMENT_3D ( 'NONE', #3678, #315, #1811 ) ;
#513 = DIRECTION ( 'NONE',  ( -0.000000000000000000, -1.000000000000000000, 0.000000000000000000 ) ) ;
#514 = ORIENTED_EDGE ( 'NONE', *, *, #3859, .F. ) ;
#515 = CARTESIAN_POINT ( 'NONE',  ( 55.71608328361311635, 9.000000000000000000, -5.499999999999996447 ) ) ;
#516 = EDGE_CURVE ( 'NONE', #2192, #2071, #3841, .T. ) ;
#517 = CIRCLE ( 'NONE', #649, 4.000000000000003553 ) ;
#518 = CIRCLE ( 'NONE', #1740, 31.00000000000000000 ) ;
#519 = CARTESIAN_POINT ( 'NONE',  ( 29.93907844707961630, 12.00000000000000533, 31.38804887063515636 ) ) ;
#520 = DIRECTION ( 'NONE',  ( -0.000000000000000000, -1.000000000000000000, -0.000000000000000000 ) ) ;
#521 = CARTESIAN_POINT ( 'NONE',  ( -33.30120182410529139, 50.61748440986360720, 11.31607935676344923 ) ) ;
#522 = ORIENTED_EDGE ( 'NONE', *, *, #3629, .F. ) ;
#523 = CIRCLE ( 'NONE', #3779, 0.9999999999999983347 ) ;
#524 = EDGE_CURVE ( 'NONE', #672, #1025, #3225, .T. ) ;
#525 = CARTESIAN_POINT ( 'NONE',  ( 26.76863503557319746, 70.00000000000004263, -14.17409913376180342 ) ) ;
#526 = CIRCLE ( 'NONE', #2763, 55.00000000000000711 ) ;
#527 = CARTESIAN_POINT ( 'NONE',  ( 17.07418833118157764, 40.95305505793758982, 31.87482303887932034 ) ) ;
#528 = CIRCLE ( 'NONE', #3653, 1.000000000000002887 ) ;
#529 = CARTESIAN_POINT ( 'NONE',  ( -0.7874569999796461328, 0.000000000000000000, -68.50354028359254244 ) ) ;
#530 = AXIS2_PLACEMENT_3D ( 'NONE', #2295, #1022, #1340 ) ;
#531 = CARTESIAN_POINT ( 'NONE',  ( 2.031129924479818882, 40.95305505793758982, -36.40121310919768405 ) ) ;
#532 = EDGE_CURVE ( 'NONE', #2266, #2824, #2529, .T. ) ;
#533 = CARTESIAN_POINT ( 'NONE',  ( -58.33827622243513389, 9.000000000000000000, 16.96771071253357732 ) ) ;
#534 = EDGE_CURVE ( 'NONE', #2266, #1315, #478, .T. ) ;
#535 = AXIS2_PLACEMENT_3D ( 'NONE', #1927, #3103, #2207 ) ;
#536 = TOROIDAL_SURFACE ( 'NONE', #1820, 12.00000000000001776, 1.000000000000000000 ) ;
#537 = ORIENTED_EDGE ( 'NONE', *, *, #2247, .F. ) ;
#538 = CIRCLE ( 'NONE', #3914, 0.9999999999999998890 ) ;
#539 = DIRECTION ( 'NONE',  ( 0.000000000000000000, 0.000000000000000000, 1.000000000000000000 ) ) ;
#540 = CARTESIAN_POINT ( 'NONE',  ( 55.71608328361311635, 0.000000000000000000, 0.000000000000000000 ) ) ;
#541 = ORIENTED_EDGE ( 'NONE', *, *, #1132, .F. ) ;
#542 = EDGE_CURVE ( 'NONE', #863, #1017, #1300, .T. ) ;
#543 = CARTESIAN_POINT ( 'NONE',  ( -0.7874569999794468478, 12.00000000000000000, 44.00000000000000000 ) ) ;
#544 = TOROIDAL_SURFACE ( 'NONE', #3800, 35.01730587563331198, 12.00000000000000000 ) ;
#545 = ADVANCED_FACE ( 'NONE', ( #3878 ), #3578, .F. ) ;
#546 = CARTESIAN_POINT ( 'NONE',  ( -17.75516771251200865, 9.000000000000000000, 57.55081922245597070 ) ) ;
#547 = CARTESIAN_POINT ( 'NONE',  ( -34.46409159515926035, 50.61748440986363562, -7.045119368224078471 ) ) ;
#548 = ORIENTED_EDGE ( 'NONE', *, *, #3066, .F. ) ;
#549 = CARTESIAN_POINT ( 'NONE',  ( 43.09837759242477517, 12.00000000000000711, -0.2128733744210283552 ) ) ;
#550 = DIRECTION ( 'NONE',  ( 0.06160464346254694579, 0.000000000000000000, 0.9981006301490109589 ) ) ;
#551 = CARTESIAN_POINT ( 'NONE',  ( -21.16697572639241187, 12.00000000000000533, 38.93796916853217738 ) ) ;
#552 = CARTESIAN_POINT ( 'NONE',  ( -17.84915017417682748, 60.29827007130327843, 27.74783924268473712 ) ) ;
#553 = ADVANCED_FACE ( 'NONE', ( #184 ), #1407, .F. ) ;
#554 = LINE ( 'NONE', #2994, #3011 ) ;
#555 = DIRECTION ( 'NONE',  ( -0.000000000000000000, -1.000000000000000000, -0.000000000000000000 ) ) ;
#556 = CARTESIAN_POINT ( 'NONE',  ( -0.7874569999794522879, 79.50000000000001421, -41.10000000000000142 ) ) ;
#557 = EDGE_CURVE ( 'NONE', #930, #258, #3485, .T. ) ;
#558 = ORIENTED_EDGE ( 'NONE', *, *, #3157, .T. ) ;
#559 = AXIS2_PLACEMENT_3D ( 'NONE', #2901, #3540, #1360 ) ;
#560 = CARTESIAN_POINT ( 'NONE',  ( -0.7874569999788638697, 9.000000000000000000, 56.50354028359257086 ) ) ;
#561 = LINE ( 'NONE', #1178, #1677 ) ;
#562 = EDGE_LOOP ( 'NONE', ( #1310, #1179, #677, #522 ) ) ;
#563 = CARTESIAN_POINT ( 'NONE',  ( -0.7874569999794485131, 70.00000000000000000, 31.00000000000000000 ) ) ;
#564 = CARTESIAN_POINT ( 'NONE',  ( -16.34119181980166502, 9.000000000000000000, -52.75491762058445033 ) ) ;
#565 = CARTESIAN_POINT ( 'NONE',  ( -34.17506105697570717, 50.61748440986363562, -8.426724890077609942 ) ) ;
#566 = APPROVAL ( #2803, 'UNSPECIFIED' ) ;
#567 = ORIENTED_EDGE ( 'NONE', *, *, #1804, .T. ) ;
#568 = DIRECTION ( 'NONE',  ( -0.000000000000000000, -1.000000000000000000, 0.000000000000000000 ) ) ;
#569 = CARTESIAN_POINT ( 'NONE',  ( 40.41418259070346863, 21.63983792066095901, -2.429821759778331813 ) ) ;
#570 = CARTESIAN_POINT ( 'NONE',  ( -0.7874569999794522879, 11.00000000000000000, -49.00000000000000711 ) ) ;
#571 = CARTESIAN_POINT ( 'NONE',  ( -8.453923760619023398, 60.29827007130314342, 31.62136773934393119 ) ) ;
#572 = CARTESIAN_POINT ( 'NONE',  ( -29.48351213480474797, 12.00000000000000533, 33.20464143225262887 ) ) ;
#573 = CIRCLE ( 'NONE', #1789, 0.9999999999999998890 ) ;
#574 = CARTESIAN_POINT ( 'NONE',  ( -10.29366732236170279, 69.99999999999998579, 32.64401882897750795 ) ) ;
#575 = ORIENTED_EDGE ( 'NONE', *, *, #1681, .F. ) ;
#576 = CARTESIAN_POINT ( 'NONE',  ( -0.7874569999788638697, 9.000000000000000000, 56.50354028359257086 ) ) ;
#577 = ORIENTED_EDGE ( 'NONE', *, *, #3484, .F. ) ;
#578 = FACE_OUTER_BOUND ( 'NONE', #2474, .T. ) ;
#579 = DIRECTION ( 'NONE',  ( -0.000000000000000000, -1.000000000000000000, 0.000000000000000000 ) ) ;
#580 = CARTESIAN_POINT ( 'NONE',  ( -34.92762414082699962, 40.95305505793758982, -13.02835310790758783 ) ) ;
#581 = ORIENTED_EDGE ( 'NONE', *, *, #2782, .T. ) ;
#582 = EDGE_LOOP ( 'NONE', ( #769, #1920, #2837, #2364 ) ) ;
#583 = VECTOR ( 'NONE', #3690, 1000.000000000000000 ) ;
#584 = CIRCLE ( 'NONE', #2821, 46.58359629797354273 ) ;
#585 = CARTESIAN_POINT ( 'NONE',  ( 36.71723952063481278, 31.28862570601156179, -10.04063541219861833 ) ) ;
#586 = FACE_OUTER_BOUND ( 'NONE', #3823, .T. ) ;
#587 = CARTESIAN_POINT ( 'NONE',  ( -3.821516248488143308, 12.00000000000000711, 43.78134622669727349 ) ) ;
#588 = CARTESIAN_POINT ( 'NONE',  ( -35.47097375287354026, 21.63983792066095191, 22.48061956817400642 ) ) ;
#589 = CARTESIAN_POINT ( 'NONE',  ( -7.330303334646493418, 69.99999999999964473, 33.50697511743509693 ) ) ;
#590 = AXIS2_PLACEMENT_3D ( 'NONE', #876, #242, #3323 ) ;
#591 = VECTOR ( 'NONE', #3220, 1000.000000000000000 ) ;
#592 = CC_DESIGN_APPROVAL ( #2531, ( #3328 ) ) ;
#593 = VERTEX_POINT ( 'NONE', #2149 ) ;
#594 = CARTESIAN_POINT ( 'NONE',  ( -58.33827622243534705, 0.000000000000000000, -16.96771071253278507 ) ) ;
#595 = EDGE_LOOP ( 'NONE', ( #2530, #1616, #3142, #3380 ) ) ;
#596 = ADVANCED_FACE ( 'NONE', ( #2722 ), #893, .T. ) ;
#597 = DIRECTION ( 'NONE',  ( -0.000000000000000000, -1.000000000000000000, 0.000000000000000000 ) ) ;
#598 = CIRCLE ( 'NONE', #3722, 11.99999999999996980 ) ;
#599 = AXIS2_PLACEMENT_3D ( 'NONE', #1544, #1267, #705 ) ;
#600 = CARTESIAN_POINT ( 'NONE',  ( -57.29099728357201826, 9.000000000000000000, 5.500000000000390799 ) ) ;
#601 = COORDINATED_UNIVERSAL_TIME_OFFSET ( 0, 0, .AHEAD. ) ;
#602 = CARTESIAN_POINT ( 'NONE',  ( -41.74663538880552238, 21.63983792066095901, -5.333345479657975119 ) ) ;
#603 = VERTEX_POINT ( 'NONE', #3618 ) ;
#604 = PLANE ( 'NONE',  #3457 ) ;
#605 = CARTESIAN_POINT ( 'NONE',  ( 25.11757193105291464, 70.00000000000005684, -17.00194135359269865 ) ) ;
#606 = FACE_OUTER_BOUND ( 'NONE', #2117, .T. ) ;
#607 = CARTESIAN_POINT ( 'NONE',  ( -9.489200340820593382, 12.00000000000000533, 43.09533381436276755 ) ) ;
#608 = ADVANCED_FACE ( 'NONE', ( #578 ), #544, .T. ) ;
#609 = CARTESIAN_POINT ( 'NONE',  ( -22.63878673495608140, 31.28862570601155468, 32.06391364456794690 ) ) ;
#610 = DIRECTION ( 'NONE',  ( 0.000000000000000000, 0.000000000000000000, -1.000000000000000000 ) ) ;
#611 = DIRECTION ( 'NONE',  ( -0.000000000000000000, -1.000000000000000000, -0.000000000000000000 ) ) ;
#612 = CARTESIAN_POINT ( 'NONE',  ( -16.62398699834317384, 0.9999999999999991118, 53.71409794095890788 ) ) ;
#613 = APPROVAL ( #1384, 'UNSPECIFIED' ) ;
#614 = VERTEX_POINT ( 'NONE', #1803 ) ;
#615 = CARTESIAN_POINT ( 'NONE',  ( -56.56928433555212621, 70.00000000000001421, -51.65643947374193345 ) ) ;
#616 = CARTESIAN_POINT ( 'NONE',  ( 12.18785119195823796, 0.9999999999999991118, 57.30440064860549398 ) ) ;
#617 = ORIENTED_EDGE ( 'NONE', *, *, #1712, .F. ) ;
#618 = CARTESIAN_POINT ( 'NONE',  ( -0.7874569999794488462, 70.00000000000002842, 3.469446951953614189E-15 ) ) ;
#619 = APPLICATION_PROTOCOL_DEFINITION ( 'international standard', 'config_control_design', 1994, #916 ) ;
#620 = CARTESIAN_POINT ( 'NONE',  ( -36.59586388368649068, 40.95305505793759693, -7.273956613154459738 ) ) ;
#621 = ORIENTED_EDGE ( 'NONE', *, *, #2084, .T. ) ;
#622 = CARTESIAN_POINT ( 'NONE',  ( -12.76466456176694741, 1.000000000000000000, 57.24279600514320521 ) ) ;
#623 = CARTESIAN_POINT ( 'NONE',  ( 42.01478197427887551, 12.00000000000000888, 9.694335033197546636 ) ) ;
#624 = CARTESIAN_POINT ( 'NONE',  ( 14.76627781984243093, 0.9999999999999991118, -52.75491762058452849 ) ) ;
#625 = CARTESIAN_POINT ( 'NONE',  ( -6.646968188946018152, 50.61748440986363562, 33.90303162249892921 ) ) ;
#626 = EDGE_CURVE ( 'NONE', #221, #1254, #488, .T. ) ;
#627 = CARTESIAN_POINT ( 'NONE',  ( -32.26373441214466453, 12.00000000000000178, 30.65201739328396258 ) ) ;
#628 = DIRECTION ( 'NONE',  ( 0.000000000000000000, 1.000000000000000000, -0.000000000000000000 ) ) ;
#629 = DIRECTION ( 'NONE',  ( -0.2827951785422127551, 0.000000000000000000, 0.9591803203742653716 ) ) ;
#630 = EDGE_CURVE ( 'NONE', #2199, #790, #1057, .T. ) ;
#631 = EDGE_LOOP ( 'NONE', ( #43, #575, #1235, #374 ) ) ;
#632 = CARTESIAN_POINT ( 'NONE',  ( 52.92664094097928285, 9.000000000000000000, 15.83652999836431974 ) ) ;
#633 = DIRECTION ( 'NONE',  ( 0.000000000000000000, -1.000000000000000000, 0.000000000000000000 ) ) ;
#634 = ORIENTED_EDGE ( 'NONE', *, *, #3259, .F. ) ;
#635 = CARTESIAN_POINT ( 'NONE',  ( -12.58360561309259396, 60.29827007130310790, 30.32386004776039101 ) ) ;
#636 = CARTESIAN_POINT ( 'NONE',  ( -28.81919885504130363, 21.63983792066096257, -30.34196839594398654 ) ) ;
#637 = ORIENTED_EDGE ( 'NONE', *, *, #1391, .F. ) ;
#638 = DIRECTION ( 'NONE',  ( -0.000000000000000000, -1.000000000000000000, 0.000000000000000000 ) ) ;
#639 = CIRCLE ( 'NONE', #3068, 12.99999999999999289 ) ;
#640 = CARTESIAN_POINT ( 'NONE',  ( 35.48973396707572903, 40.95305505793759693, 4.372397957526295897 ) ) ;
#641 = CARTESIAN_POINT ( 'NONE',  ( 27.90859813484583185, 12.00000000000000533, -33.20464143225263598 ) ) ;
#642 = CARTESIAN_POINT ( 'NONE',  ( -21.49196519126605409, 21.63983792066095901, 35.70437619258693474 ) ) ;
#643 = CARTESIAN_POINT ( 'NONE',  ( -42.12734171092900937, 12.00000000000000355, 14.79713747577928551 ) ) ;
#644 = ADVANCED_FACE ( 'NONE', ( #2740 ), #3301, .T. ) ;
#645 = ORIENTED_EDGE ( 'NONE', *, *, #3484, .T. ) ;
#646 = EDGE_CURVE ( 'NONE', #1176, #718, #1565, .T. ) ;
#647 = CARTESIAN_POINT ( 'NONE',  ( -58.03025300512244655, 8.000000000000000000, 11.97720756178852497 ) ) ;
#648 = CARTESIAN_POINT ( 'NONE',  ( 15.04907299838537149, 0.9999999999999991118, 53.71409794095858814 ) ) ;
#649 = AXIS2_PLACEMENT_3D ( 'NONE', #3587, #2841, #856 ) ;
#650 = CIRCLE ( 'NONE', #2005, 4.999999999999997335 ) ;
#651 = CARTESIAN_POINT ( 'NONE',  ( 21.90809359381126598, 21.63983792066095901, 34.51305666380840620 ) ) ;
#652 = ORIENTED_EDGE ( 'NONE', *, *, #3762, .F. ) ;
#653 = CARTESIAN_POINT ( 'NONE',  ( -19.84986081586366069, 50.61748440986363562, -28.67393656470417085 ) ) ;
#654 = DIRECTION ( 'NONE',  ( -0.000000000000000000, -1.000000000000000000, -0.000000000000000000 ) ) ;
#655 = VECTOR ( 'NONE', #42, 1000.000000000000000 ) ;
#656 = AXIS2_PLACEMENT_3D ( 'NONE', #1011, #3765, #714 ) ;
#657 = CARTESIAN_POINT ( 'NONE',  ( 56.76336222247632435, 8.000000000000000000, -16.96771071253321495 ) ) ;
#658 = AXIS2_PLACEMENT_3D ( 'NONE', #891, #3561, #275 ) ;
#659 = ORIENTED_EDGE ( 'NONE', *, *, #1316, .T. ) ;
#660 = ADVANCED_FACE ( 'NONE', ( #3657 ), #3099, .T. ) ;
#661 = VECTOR ( 'NONE', #3072, 1000.000000000000000 ) ;
#662 = DIRECTION ( 'NONE',  ( -0.000000000000000000, -1.000000000000000000, -0.000000000000000000 ) ) ;
#663 = CARTESIAN_POINT ( 'NONE',  ( -34.48001261101314441, 21.63983792066095901, -23.90080049292377851 ) ) ;
#664 = DATE_TIME_ROLE ( 'classification_date' ) ;
#665 = AXIS2_PLACEMENT_3D ( 'NONE', #3926, #3890, #1781 ) ;
#666 = ORIENTED_EDGE ( 'NONE', *, *, #682, .T. ) ;
#667 = CARTESIAN_POINT ( 'NONE',  ( -0.7874569999796461328, 9.000000000000000000, -56.50354028359257086 ) ) ;
#668 = CIRCLE ( 'NONE', #2269, 5.499999999999996447 ) ;
#669 = CARTESIAN_POINT ( 'NONE',  ( 30.57004746729271716, 60.29827007130303684, -8.770292041795913818 ) ) ;
#670 = CARTESIAN_POINT ( 'NONE',  ( -57.29099728357201826, 0.000000000000000000, 5.500000000000390799 ) ) ;
#671 = CARTESIAN_POINT ( 'NONE',  ( -43.35554996502770564, 12.00000000000000711, 10.77540103048065667 ) ) ;
#672 = VERTEX_POINT ( 'NONE', #2448 ) ;
#673 = AXIS2_PLACEMENT_3D ( 'NONE', #3924, #1762, #493 ) ;
#674 = CARTESIAN_POINT ( 'NONE',  ( 19.00907601680549064, 40.95305505793759693, -30.71488649023889295 ) ) ;
#675 = DIRECTION ( 'NONE',  ( -0.000000000000000000, -1.000000000000000000, -0.000000000000000000 ) ) ;
#676 = CARTESIAN_POINT ( 'NONE',  ( 22.31163257637584962, 70.00000000000002842, 20.66084361347912335 ) ) ;
#677 = ORIENTED_EDGE ( 'NONE', *, *, #998, .F. ) ;
#678 = CARTESIAN_POINT ( 'NONE',  ( -9.489874027371346443, 50.61748440986362141, -33.36582789329212773 ) ) ;
#679 = CARTESIAN_POINT ( 'NONE',  ( 14.76627781984243093, 8.000000000000000000, -52.75491762058452849 ) ) ;
#680 = EDGE_CURVE ( 'NONE', #2287, #264, #1377, .T. ) ;
#681 = CARTESIAN_POINT ( 'NONE',  ( 2.565368623907151147, 69.99999999999964473, -34.00000000000021316 ) ) ;
#682 = EDGE_CURVE ( 'NONE', #1593, #2857, #1638, .T. ) ;
#683 = ORIENTED_EDGE ( 'NONE', *, *, #1314, .T. ) ;
#684 = FACE_OUTER_BOUND ( 'NONE', #2484, .T. ) ;
#685 = CARTESIAN_POINT ( 'NONE',  ( -32.01504128477078126, 60.29827007130317895, -9.238360798560343312 ) ) ;
#686 = DATE_AND_TIME ( #923, #461 ) ;
#687 = VERTEX_POINT ( 'NONE', #199 ) ;
#688 = DIRECTION ( 'NONE',  ( 0.000000000000000000, 0.000000000000000000, -1.000000000000000000 ) ) ;
#689 = CIRCLE ( 'NONE', #2610, 1.000000000000001998 ) ;
#690 = CARTESIAN_POINT ( 'NONE',  ( 39.62827574394800934, 21.63983792066095901, 8.524518465256146982 ) ) ;
#691 = CARTESIAN_POINT ( 'NONE',  ( -9.314899996829586470, 70.00000000000002842, 29.76989003266249867 ) ) ;
#692 = CARTESIAN_POINT ( 'NONE',  ( -38.85718553999009828, 21.63983792066095546, 15.99629701954302696 ) ) ;
#693 = ORIENTED_EDGE ( 'NONE', *, *, #1237, .F. ) ;
#694 = CARTESIAN_POINT ( 'NONE',  ( 24.47334441871877786, 21.63983792066095901, -32.64002221858795849 ) ) ;
#695 = ORIENTED_EDGE ( 'NONE', *, *, #3198, .T. ) ;
#696 = CARTESIAN_POINT ( 'NONE',  ( -13.75626181037946516, 70.00000000000001421, -28.19637918276560029 ) ) ;
#697 = CYLINDRICAL_SURFACE ( 'NONE', #656, 41.10000000000000142 ) ;
#698 = CARTESIAN_POINT ( 'NONE',  ( -0.7874569999794505115, 10.30410846793376756, -35.01730587563331198 ) ) ;
#699 = ORIENTED_EDGE ( 'NONE', *, *, #3769, .F. ) ;
#700 = DIRECTION ( 'NONE',  ( 0.000000000000000000, 0.000000000000000000, -1.000000000000000000 ) ) ;
#701 = CARTESIAN_POINT ( 'NONE',  ( -33.99209843223206207, 12.00000000000000533, -28.69605513482534676 ) ) ;
#702 = ORIENTED_EDGE ( 'NONE', *, *, #3445, .F. ) ;
#703 = CARTESIAN_POINT ( 'NONE',  ( -0.7874569999794522879, 75.90493774471548249, 0.000000000000000000 ) ) ;
#704 = CARTESIAN_POINT ( 'NONE',  ( 29.49300738029929647, 70.00000000000009948, -6.485145606385160910 ) ) ;
#705 = DIRECTION ( 'NONE',  ( -6.938893903907222461E-16, 0.000000000000000000, -1.000000000000000000 ) ) ;
#706 = CARTESIAN_POINT ( 'NONE',  ( -29.16899416964196590, 50.61748440986362141, 19.47880124670108515 ) ) ;
#707 = VERTEX_POINT ( 'NONE', #819 ) ;
#708 = TOROIDAL_SURFACE ( 'NONE', #3767, 11.99999999999995914, 1.000000000000000000 ) ;
#709 = CARTESIAN_POINT ( 'NONE',  ( 12.95548562512254165, 70.00000000000002842, -27.78905123509938591 ) ) ;
#710 = VERTEX_POINT ( 'NONE', #2047 ) ;
#711 = CIRCLE ( 'NONE', #2446, 55.00000000000000711 ) ;
#712 = AXIS2_PLACEMENT_3D ( 'NONE', #1470, #1192, #2696 ) ;
#713 = CARTESIAN_POINT ( 'NONE',  ( -6.936013606859932956, 12.00000000000000533, -43.45350439950026811 ) ) ;
#714 = DIRECTION ( 'NONE',  ( 0.000000000000000000, 0.000000000000000000, -1.000000000000000000 ) ) ;
#715 = ADVANCED_FACE ( 'NONE', ( #1137 ), #1181, .T. ) ;
#716 = CARTESIAN_POINT ( 'NONE',  ( -0.7874569999794447384, 69.99999999999981526, 34.00000000000009948 ) ) ;
#717 = EDGE_CURVE ( 'NONE', #3799, #790, #2681, .T. ) ;
#718 = VERTEX_POINT ( 'NONE', #3117 ) ;
#719 = AXIS2_PLACEMENT_3D ( 'NONE', #1819, #968, #3034 ) ;
#720 = CIRCLE ( 'NONE', #2328, 0.5000000000000004441 ) ;
#721 = VECTOR ( 'NONE', #3399, 1000.000000000000000 ) ;
#722 = DIRECTION ( 'NONE',  ( 0.000000000000000000, 0.000000000000000000, -1.000000000000000000 ) ) ;
#723 = PERSON_AND_ORGANIZATION ( #1906, #2195 ) ;
#724 = CARTESIAN_POINT ( 'NONE',  ( -30.64986391697033952, 40.95305505793758982, -21.06004867595011021 ) ) ;
#725 = EDGE_CURVE ( 'NONE', #1278, #687, #2910, .T. ) ;
#726 = TOROIDAL_SURFACE ( 'NONE', #2198, 41.17475563796914884, 0.5000000000000000000 ) ;
#727 = ORIENTED_EDGE ( 'NONE', *, *, #1904, .F. ) ;
#728 = LOCAL_TIME ( 17, 53, 13.00000000000000000, #601 ) ;
#729 = CARTESIAN_POINT ( 'NONE',  ( -0.7874569999794522879, 9.000000000000000000, 0.000000000000000000 ) ) ;
#730 = CIRCLE ( 'NONE', #535, 1.000000000000000666 ) ;
#731 = CARTESIAN_POINT ( 'NONE',  ( 33.87227190867351823, 21.63983792066095901, 22.47480343736009445 ) ) ;
#732 = CARTESIAN_POINT ( 'NONE',  ( 16.18025371255428624, 0.000000000000000000, 57.55081922245562964 ) ) ;
#733 = FACE_OUTER_BOUND ( 'NONE', #582, .T. ) ;
#734 = CARTESIAN_POINT ( 'NONE',  ( -37.08885787221257857, 31.28862570601154758, 13.76431347382578885 ) ) ;
#735 = ORIENTED_EDGE ( 'NONE', *, *, #375, .T. ) ;
#736 = CIRCLE ( 'NONE', #3480, 4.000000000000003553 ) ;
#737 = CARTESIAN_POINT ( 'NONE',  ( 37.32960541513483577, 12.00000000000000178, -21.87646633558676612 ) ) ;
#738 = CARTESIAN_POINT ( 'NONE',  ( 23.01529061154010236, 40.95305505793759693, 27.72330525932055068 ) ) ;
#739 = EDGE_CURVE ( 'NONE', #2258, #1077, #2454, .T. ) ;
#740 = EDGE_LOOP ( 'NONE', ( #2140, #3307, #1475, #3081 ) ) ;
#741 = CARTESIAN_POINT ( 'NONE',  ( -21.31427901724222451, 70.00000000000002842, -23.21626628223036803 ) ) ;
#742 = DIRECTION ( 'NONE',  ( 0.000000000000000000, 0.000000000000000000, -1.000000000000000000 ) ) ;
#743 = CARTESIAN_POINT ( 'NONE',  ( -17.75516771251280446, 0.000000000000000000, -57.55081922245575043 ) ) ;
#744 = ORIENTED_EDGE ( 'NONE', *, *, #426, .F. ) ;
#745 = DIRECTION ( 'NONE',  ( 0.000000000000000000, 1.000000000000000000, 0.000000000000000000 ) ) ;
#746 = CARTESIAN_POINT ( 'NONE',  ( -20.94333180025379093, 50.61748440986363562, -27.88351010194831403 ) ) ;
#747 = ORIENTED_EDGE ( 'NONE', *, *, #3861, .F. ) ;
#748 = CARTESIAN_POINT ( 'NONE',  ( 73.73730711246027170, 70.57999999999999829, -14.03124594728237184 ) ) ;
#749 = CARTESIAN_POINT ( 'NONE',  ( 33.61285339622420310, 12.00000000000000711, 27.31252840848142327 ) ) ;
#750 = DIRECTION ( 'NONE',  ( 0.000000000000000000, 0.000000000000000000, -1.000000000000000000 ) ) ;
#751 = CARTESIAN_POINT ( 'NONE',  ( -42.08580796806984381, 21.63983792066096612, -0.6164017608721827912 ) ) ;
#752 = ORIENTED_EDGE ( 'NONE', *, *, #1210, .F. ) ;
#753 = CARTESIAN_POINT ( 'NONE',  ( 32.60211858317548206, 21.63983792066095546, -24.26139693260893893 ) ) ;
#754 = CARTESIAN_POINT ( 'NONE',  ( 13.12909564877117852, 31.28862570601154758, 36.22022545163868301 ) ) ;
#755 = CARTESIAN_POINT ( 'NONE',  ( 26.86286095688578257, 71.30955278317833290, -21.21274045612942771 ) ) ;
#756 = CARTESIAN_POINT ( 'NONE',  ( 6.880215875520410584, 50.61748440986361430, -33.59052435908737522 ) ) ;
#757 = CARTESIAN_POINT ( 'NONE',  ( -0.7874569999794522879, 77.30000000000002558, 0.000000000000000000 ) ) ;
#758 = PLANE ( 'NONE',  #1938 ) ;
#759 = VERTEX_POINT ( 'NONE', #3340 ) ;
#760 = DIRECTION ( 'NONE',  ( 0.000000000000000000, 1.000000000000000000, -0.000000000000000000 ) ) ;
#761 = CARTESIAN_POINT ( 'NONE',  ( -24.69203037183999427, 70.00000000000002842, -19.72533170666253355 ) ) ;
#762 = VERTEX_POINT ( 'NONE', #1553 ) ;
#763 = CARTESIAN_POINT ( 'NONE',  ( -10.29366732236167437, 70.00000000000000000, 32.64401882897744400 ) ) ;
#764 = TOROIDAL_SURFACE ( 'NONE', #370, 4.999999999999998224, 1.000000000000000000 ) ;
#765 = CARTESIAN_POINT ( 'NONE',  ( 32.90509861105422829, 21.63983792066095901, 23.90080049292373587 ) ) ;
#766 = CARTESIAN_POINT ( 'NONE',  ( 14.76627781984243093, 0.000000000000000000, -52.75491762058452849 ) ) ;
#767 = CARTESIAN_POINT ( 'NONE',  ( -0.7874569999794522879, 77.80000000000002558, 31.50000000000000000 ) ) ;
#768 = CARTESIAN_POINT ( 'NONE',  ( -44.60097182390343562, 12.00000000000000888, -3.027040169324871410 ) ) ;
#769 = ORIENTED_EDGE ( 'NONE', *, *, #3606, .F. ) ;
#770 = CARTESIAN_POINT ( 'NONE',  ( 24.41397319184573433, 60.29827007130306527, -20.60665325601519626 ) ) ;
#771 = CARTESIAN_POINT ( 'NONE',  ( -18.21525550013511818, 71.30955278317833290, -30.17933531761139321 ) ) ;
#772 = CARTESIAN_POINT ( 'NONE',  ( 18.27494681590477299, 50.61748440986362141, 28.67393656470413532 ) ) ;
#773 = EDGE_CURVE ( 'NONE', #2805, #3697, #2779, .T. ) ;
#774 = ADVANCED_FACE ( 'NONE', ( #1253 ), #3078, .T. ) ;
#775 = CARTESIAN_POINT ( 'NONE',  ( -0.7874569999796461328, 9.000000000000000000, -56.50354028359257086 ) ) ;
#776 = CARTESIAN_POINT ( 'NONE',  ( 16.61422641284237400, 31.28862570601155468, -34.68078118775450491 ) ) ;
#777 = FACE_OUTER_BOUND ( 'NONE', #1839, .T. ) ;
#778 = DIRECTION ( 'NONE',  ( 0.000000000000000000, 1.000000000000000000, -0.000000000000000000 ) ) ;
#779 = ORIENTED_EDGE ( 'NONE', *, *, #2726, .T. ) ;
#780 = AXIS2_PLACEMENT_3D ( 'NONE', #3317, #628, #610 ) ;
#781 = CARTESIAN_POINT ( 'NONE',  ( -0.7874569999796461328, 0.000000000000000000, -56.50354028359257086 ) ) ;
#782 = CARTESIAN_POINT ( 'NONE',  ( -20.63566906125424438, 21.63983792066095901, -36.22551000338341254 ) ) ;
#783 = EDGE_LOOP ( 'NONE', ( #3488, #3938, #128, #1272, #1147 ) ) ;
#784 = CARTESIAN_POINT ( 'NONE',  ( 56.51694364862616027, 9.000000000000000000, -12.97530819193717022 ) ) ;
#785 = AXIS2_PLACEMENT_3D ( 'NONE', #2500, #1608, #203 ) ;
#786 = CARTESIAN_POINT ( 'NONE',  ( 34.74387105892431293, 21.63983792066095901, 21.00009202635500927 ) ) ;
#787 = CIRCLE ( 'NONE', #1292, 40.88737781898662149 ) ;
#788 = CARTESIAN_POINT ( 'NONE',  ( -29.73835060066458880, 70.00000000000007105, 11.05401293366436022 ) ) ;
#789 = CC_DESIGN_APPROVAL ( #566, ( #3218 ) ) ;
#790 = VERTEX_POINT ( 'NONE', #1511 ) ;
#791 = CARTESIAN_POINT ( 'NONE',  ( 33.48133169569018719, 31.28862570601155468, -18.23669178261034673 ) ) ;
#792 = CARTESIAN_POINT ( 'NONE',  ( -33.78689967327360932, 71.30955278317833290, 11.20523199344067500 ) ) ;
#793 = CARTESIAN_POINT ( 'NONE',  ( 10.25252262213792065, 70.00000000000004263, 28.93237782424008486 ) ) ;
#794 = CIRCLE ( 'NONE', #3858, 0.5000000000000004441 ) ;
#795 = CARTESIAN_POINT ( 'NONE',  ( 22.19316748415224794, 71.30955278317834711, 26.19945303043903806 ) ) ;
#796 = AXIS2_PLACEMENT_3D ( 'NONE', #2924, #1448, #244 ) ;
#797 = CARTESIAN_POINT ( 'NONE',  ( 6.879009760660109940, 60.29827007130315053, -31.62136773934391698 ) ) ;
#798 = AXIS2_PLACEMENT_3D ( 'NONE', #90, #3087, #959 ) ;
#799 = CARTESIAN_POINT ( 'NONE',  ( -0.7874569999794522879, 0.000000000000000000, 0.000000000000000000 ) ) ;
#800 = ORIENTED_EDGE ( 'NONE', *, *, #2206, .F. ) ;
#801 = EDGE_CURVE ( 'NONE', #1268, #1516, #2749, .T. ) ;
#802 = EDGE_CURVE ( 'NONE', #840, #2788, #1356, .T. ) ;
#803 = DIRECTION ( 'NONE',  ( 0.000000000000000000, 0.000000000000000000, -1.000000000000000000 ) ) ;
#804 = CARTESIAN_POINT ( 'NONE',  ( -25.70072992594189287, 40.95305505793758272, -26.73135134214256681 ) ) ;
#805 = ORIENTED_EDGE ( 'NONE', *, *, #1357, .T. ) ;
#806 = CARTESIAN_POINT ( 'NONE',  ( 56.76336222247633145, 8.000000000000000000, 16.96771071253320073 ) ) ;
#807 = CARTESIAN_POINT ( 'NONE',  ( -40.76649536384367423, 12.00000000000000000, -97.19401468969523705 ) ) ;
#808 = CARTESIAN_POINT ( 'NONE',  ( 31.85256521860847201, 21.63983792066095901, 25.26080141869823592 ) ) ;
#809 = DIRECTION ( 'NONE',  ( 0.000000000000000000, 0.000000000000000000, -1.000000000000000000 ) ) ;
#810 = CYLINDRICAL_SURFACE ( 'NONE', #1171, 34.20000000000000284 ) ;
#811 = CARTESIAN_POINT ( 'NONE',  ( -36.91090145555705249, 40.95305505793761114, 5.465187796461979275 ) ) ;
#812 = EDGE_CURVE ( 'NONE', #2153, #1516, #325, .T. ) ;
#813 = ORIENTED_EDGE ( 'NONE', *, *, #1231, .F. ) ;
#814 = CARTESIAN_POINT ( 'NONE',  ( 38.21767912967153791, 21.63983792066095901, -13.55673651565660798 ) ) ;
#815 = CARTESIAN_POINT ( 'NONE',  ( -32.04488221697282313, 71.30955278317834711, 15.41083416233270320 ) ) ;
#816 = CARTESIAN_POINT ( 'NONE',  ( 11.66135761034826324, 21.63983792066095191, 39.35106292773438952 ) ) ;
#817 = CARTESIAN_POINT ( 'NONE',  ( 0.03938718503715952363, 31.28862570601155468, -38.87908104989098490 ) ) ;
#818 = FACE_OUTER_BOUND ( 'NONE', #2739, .T. ) ;
#819 = CARTESIAN_POINT ( 'NONE',  ( -58.09185764858499113, 8.000000000000000000, 12.97530819193753260 ) ) ;
#820 = ORIENTED_EDGE ( 'NONE', *, *, #3017, .T. ) ;
#821 = DIRECTION ( 'NONE',  ( -0.9591803203742605977, 6.655650477792745789E-15, 0.2827951785422290198 ) ) ;
#822 = VERTEX_POINT ( 'NONE', #612 ) ;
#823 = DIRECTION ( 'NONE',  ( 0.9981006301490117361, 7.032581399270584620E-15, 0.06160464346253311657 ) ) ;
#824 = DIRECTION ( 'NONE',  ( 0.000000000000000000, 1.000000000000000000, 0.000000000000000000 ) ) ;
#825 = CARTESIAN_POINT ( 'NONE',  ( 29.66220208146900461, 21.63983792066095901, 27.91472477730795987 ) ) ;
#826 = DIRECTION ( 'NONE',  ( -0.000000000000000000, -1.000000000000000000, -0.000000000000000000 ) ) ;
#827 = CARTESIAN_POINT ( 'NONE',  ( -33.68730446474960161, 50.61748440986364983, 10.14539685614815845 ) ) ;
#828 = ORIENTED_EDGE ( 'NONE', *, *, #951, .T. ) ;
#829 = EDGE_CURVE ( 'NONE', #123, #3728, #523, .T. ) ;
#830 = CARTESIAN_POINT ( 'NONE',  ( 31.29129908182051167, 50.61748440986362851, -12.43795935088103377 ) ) ;
#831 = DIRECTION ( 'NONE',  ( 0.000000000000000000, 1.000000000000000000, -0.000000000000000000 ) ) ;
#832 = CARTESIAN_POINT ( 'NONE',  ( 12.55748240774510727, 50.61748440986361430, 31.71217458286243485 ) ) ;
#833 = CARTESIAN_POINT ( 'NONE',  ( 11.21192372511912083, 31.28862570601154758, -36.89972942457868044 ) ) ;
#834 = CARTESIAN_POINT ( 'NONE',  ( -54.50155494093809949, 0.9999999999999991118, 15.83652999836464659 ) ) ;
#835 = EDGE_LOOP ( 'NONE', ( #2923, #342, #2409, #504 ) ) ;
#836 = EDGE_CURVE ( 'NONE', #3862, #1764, #3826, .T. ) ;
#837 = DIRECTION ( 'NONE',  ( 0.000000000000000000, 0.000000000000000000, -1.000000000000000000 ) ) ;
#838 = EDGE_CURVE ( 'NONE', #2636, #3728, #2354, .T. ) ;
#839 = FACE_OUTER_BOUND ( 'NONE', #159, .T. ) ;
#840 = VERTEX_POINT ( 'NONE', #2908 ) ;
#841 = DIRECTION ( 'NONE',  ( -0.9981006301490112920, 0.000000000000000000, 0.06160464346254003465 ) ) ;
#842 = CIRCLE ( 'NONE', #322, 12.00000000000000000 ) ;
#843 = AXIS2_PLACEMENT_3D ( 'NONE', #3719, #3680, #2212 ) ;
#844 = CARTESIAN_POINT ( 'NONE',  ( 54.99437033559321719, 70.00000000000001421, 51.65643947374189793 ) ) ;
#845 = CARTESIAN_POINT ( 'NONE',  ( 28.15101211106811263, 40.95305505793758982, 22.26112651194685910 ) ) ;
#846 = EDGE_CURVE ( 'NONE', #1637, #3285, #1873, .T. ) ;
#847 = DIRECTION ( 'NONE',  ( 0.000000000000000000, 1.000000000000000000, 0.000000000000000000 ) ) ;
#848 = CARTESIAN_POINT ( 'NONE',  ( -37.20850346242917084, 40.95305505793760403, -2.924054082286909662 ) ) ;
#849 = ORIENTED_EDGE ( 'NONE', *, *, #3492, .T. ) ;
#850 = CIRCLE ( 'NONE', #2386, 5.499999999999998224 ) ;
#851 = CARTESIAN_POINT ( 'NONE',  ( 28.95527550024025132, 60.29827007130310079, -13.24199152595935480 ) ) ;
#852 = TOROIDAL_SURFACE ( 'NONE', #2581, 5.000000000000000000, 1.000000000000000000 ) ;
#853 = CARTESIAN_POINT ( 'NONE',  ( 56.45533900516362280, 0.000000000000000000, -11.97720756178815016 ) ) ;
#854 = CARTESIAN_POINT ( 'NONE',  ( -6.769369991444271761, 21.63983792066095901, 40.91226072943138092 ) ) ;
#855 = AXIS2_PLACEMENT_3D ( 'NONE', #1782, #2998, #1497 ) ;
#856 = DIRECTION ( 'NONE',  ( 8.673617379884027583E-16, 0.000000000000000000, -1.000000000000000000 ) ) ;
#857 = TOROIDAL_SURFACE ( 'NONE', #2705, 5.000000000000001776, 1.000000000000000000 ) ;
#858 = AXIS2_PLACEMENT_3D ( 'NONE', #2670, #1429, #1724 ) ;
#859 = DIRECTION ( 'NONE',  ( 0.000000000000000000, 0.000000000000000000, -1.000000000000000000 ) ) ;
#860 = CIRCLE ( 'NONE', #1370, 1.000000000000000222 ) ;
#861 = ORIENTED_EDGE ( 'NONE', *, *, #1844, .F. ) ;
#862 = DIRECTION ( 'NONE',  ( 0.000000000000000000, 0.000000000000000000, -1.000000000000000000 ) ) ;
#863 = VERTEX_POINT ( 'NONE', #3845 ) ;
#864 = CARTESIAN_POINT ( 'NONE',  ( 55.71608328361311635, 9.000000000000000000, 0.000000000000000000 ) ) ;
#865 = CARTESIAN_POINT ( 'NONE',  ( -0.7874569999794522879, 75.50561998969183719, 0.000000000000000000 ) ) ;
#866 = CARTESIAN_POINT ( 'NONE',  ( -33.32451635614371099, 60.29827007130288052, -1.319336807527644817 ) ) ;
#867 = ORIENTED_EDGE ( 'NONE', *, *, #1712, .T. ) ;
#868 = CARTESIAN_POINT ( 'NONE',  ( 11.18975056180845584, 9.000000000000000000, -57.24279600514311994 ) ) ;
#869 = CARTESIAN_POINT ( 'NONE',  ( 39.91714666243402831, 21.63983792066095901, -6.827472404239884440 ) ) ;
#870 = CARTESIAN_POINT ( 'NONE',  ( -19.80680289309086106, 21.63983792066095901, 36.68158011901933691 ) ) ;
#871 = CARTESIAN_POINT ( 'NONE',  ( -27.40825934445219403, 21.63983792066095901, 31.58748882614219156 ) ) ;
#872 = CARTESIAN_POINT ( 'NONE',  ( 21.60221348948235232, 21.63983792066095901, -34.72717226615453256 ) ) ;
#873 = VERTEX_POINT ( 'NONE', #2335 ) ;
#874 = TOROIDAL_SURFACE ( 'NONE', #357, 5.000000000000000000, 1.000000000000000000 ) ;
#875 = DIRECTION ( 'NONE',  ( 0.000000000000000000, 1.000000000000000000, 0.000000000000000000 ) ) ;
#876 = CARTESIAN_POINT ( 'NONE',  ( -0.7874569999794522879, 79.50000000000001421, 0.000000000000000000 ) ) ;
#877 = ORIENTED_EDGE ( 'NONE', *, *, #1393, .F. ) ;
#878 = DIRECTION ( 'NONE',  ( 0.000000000000000000, 0.000000000000000000, -1.000000000000000000 ) ) ;
#879 = CARTESIAN_POINT ( 'NONE',  ( -40.03406149827361560, 12.00000000000000355, -19.63964939350695715 ) ) ;
#880 = ORIENTED_EDGE ( 'NONE', *, *, #2757, .F. ) ;
#881 = CARTESIAN_POINT ( 'NONE',  ( -0.7874569999794492903, 71.30955278317834711, 34.77556630983301744 ) ) ;
#882 = CARTESIAN_POINT ( 'NONE',  ( 35.33598745559813636, 40.95305505793758982, -5.465187796461969505 ) ) ;
#883 = CARTESIAN_POINT ( 'NONE',  ( -58.09185764858514744, 8.000000000000000000, -12.97530819193673857 ) ) ;
#884 = CARTESIAN_POINT ( 'NONE',  ( -0.6382330678100985866, 70.00000000000004263, 30.96677847047403276 ) ) ;
#885 = CARTESIAN_POINT ( 'NONE',  ( -18.70624670702043701, 70.00000000000007105, 25.31024161964480967 ) ) ;
#886 = CIRCLE ( 'NONE', #3131, 34.70000000000000284 ) ;
#887 = CARTESIAN_POINT ( 'NONE',  ( 16.38531931391981189, 40.95305505793759693, -32.25527437901740058 ) ) ;
#888 = EDGE_CURVE ( 'NONE', #718, #1176, #2580, .T. ) ;
#889 = VERTEX_POINT ( 'NONE', #1390 ) ;
#890 = DIRECTION ( 'NONE',  ( 0.000000000000000000, 0.000000000000000000, -1.000000000000000000 ) ) ;
#891 = CARTESIAN_POINT ( 'NONE',  ( -0.7874569999794522879, 79.50000000000001421, 0.000000000000000000 ) ) ;
#892 = EDGE_LOOP ( 'NONE', ( #120, #1461, #2367, #2172 ) ) ;
#893 = CYLINDRICAL_SURFACE ( 'NONE', #2598, 56.00000000000000711 ) ;
#894 = CIRCLE ( 'NONE', #2063, 44.00000000000000000 ) ;
#895 = FACE_OUTER_BOUND ( 'NONE', #2939, .T. ) ;
#896 =( LENGTH_UNIT ( ) NAMED_UNIT ( * ) SI_UNIT ( .MILLI., .METRE. ) );
#897 = CARTESIAN_POINT ( 'NONE',  ( -41.20318974390693256, 21.63983792066095901, -8.524518465256155864 ) ) ;
#898 = DIRECTION ( 'NONE',  ( -0.000000000000000000, -1.000000000000000000, 0.000000000000000000 ) ) ;
#899 = CIRCLE ( 'NONE', #1223, 34.20000000000000284 ) ;
#900 = AXIS2_PLACEMENT_3D ( 'NONE', #647, #2194, #3419 ) ;
#901 = CARTESIAN_POINT ( 'NONE',  ( 31.72628782414640369, 50.61748440986362851, -11.31607935676344034 ) ) ;
#902 = CYLINDRICAL_SURFACE ( 'NONE', #2591, 56.00000000000000711 ) ;
#903 = CARTESIAN_POINT ( 'NONE',  ( -6.740272663601293957, 12.00000000000000711, 43.57907561013002606 ) ) ;
#904 = CARTESIAN_POINT ( 'NONE',  ( -17.19319689671571894, 50.61748440986363562, 30.27633140820052660 ) ) ;
#905 = B_SPLINE_CURVE_WITH_KNOTS ( 'NONE', 1,
 ( #3416, #3740 ),
 .UNSPECIFIED., .F., .F.,
 ( 2, 2 ),
 ( -1.734723475976807094E-18, 0.9741185043906606111 ),
 .UNSPECIFIED. ) ;
#906 = DIRECTION ( 'NONE',  ( -0.000000000000000000, -1.000000000000000000, 0.000000000000000000 ) ) ;
#907 = AXIS2_PLACEMENT_3D ( 'NONE', #256, #2667, #1141 ) ;
#908 = DIRECTION ( 'NONE',  ( 0.000000000000000000, 0.000000000000000000, -1.000000000000000000 ) ) ;
#909 = AXIS2_PLACEMENT_3D ( 'NONE', #2504, #2817, #367 ) ;
#910 = APPROVAL_PERSON_ORGANIZATION ( #1595, #2531, #3056 ) ;
#911 = VERTEX_POINT ( 'NONE', #3508 ) ;
#912 = AXIS2_PLACEMENT_3D ( 'NONE', #1145, #2988, #1464 ) ;
#913 = CARTESIAN_POINT ( 'NONE',  ( -10.29366732236167437, 70.00000000000000000, 32.64401882897744400 ) ) ;
#914 = DIRECTION ( 'NONE',  ( -0.000000000000000000, -1.000000000000000000, 0.000000000000000000 ) ) ;
#915 = VERTEX_POINT ( 'NONE', #767 ) ;
#916 = APPLICATION_CONTEXT ( 'configuration controlled 3d designs of mechanical parts and assemblies' ) ;
#917 = CARTESIAN_POINT ( 'NONE',  ( -0.7874569999794522879, 8.000000000000000000, 0.000000000000000000 ) ) ;
#918 = AXIS2_PLACEMENT_3D ( 'NONE', #453, #2877, #1993 ) ;
#919 = EDGE_CURVE ( 'NONE', #1537, #48, #850, .T. ) ;
#920 = DIRECTION ( 'NONE',  ( -0.000000000000000000, -1.000000000000000000, 0.000000000000000000 ) ) ;
#921 = PERSON_AND_ORGANIZATION_ROLE ( 'design_owner' ) ;
#922 = CARTESIAN_POINT ( 'NONE',  ( -32.91911771356950567, 60.29827007130306527, -5.293757384586447401 ) ) ;
#923 = CALENDAR_DATE ( 2026, 21, 9 ) ;
#924 = ORIENTED_EDGE ( 'NONE', *, *, #2265, .F. ) ;
#925 = FACE_OUTER_BOUND ( 'NONE', #1422, .T. ) ;
#926 = CARTESIAN_POINT ( 'NONE',  ( 35.72406739846565671, 40.95305505793758982, -1.349848852037732749 ) ) ;
#927 = CARTESIAN_POINT ( 'NONE',  ( -11.60497658493408046, 40.95305505793759693, 34.92514340583040422 ) ) ;
#928 = EDGE_CURVE ( 'NONE', #1062, #1822, #22, .T. ) ;
#929 = CARTESIAN_POINT ( 'NONE',  ( -27.34854800040375267, 40.95305505793758272, 25.04997391094723724 ) ) ;
#930 = VERTEX_POINT ( 'NONE', #3548 ) ;
#931 = DIRECTION ( 'NONE',  ( 0.000000000000000000, 0.000000000000000000, 1.000000000000000000 ) ) ;
#932 = ORIENTED_EDGE ( 'NONE', *, *, #1332, .T. ) ;
#933 = EDGE_CURVE ( 'NONE', #603, #2164, #2256, .T. ) ;
#934 = DIRECTION ( 'NONE',  ( 0.000000000000000000, 0.000000000000000000, -1.000000000000000000 ) ) ;
#935 = ORIENTED_EDGE ( 'NONE', *, *, #2734, .T. ) ;
#936 = EDGE_CURVE ( 'NONE', #2756, #1254, #3286, .T. ) ;
#937 = DIRECTION ( 'NONE',  ( 0.000000000000000000, 0.000000000000000000, -1.000000000000000000 ) ) ;
#938 = FACE_OUTER_BOUND ( 'NONE', #1962, .T. ) ;
#939 = CARTESIAN_POINT ( 'NONE',  ( -32.85137064454739431, 31.28862570601155468, -21.85132973497667308 ) ) ;
#940 = ADVANCED_FACE ( 'NONE', ( #1126 ), #810, .F. ) ;
#941 = ORIENTED_EDGE ( 'NONE', *, *, #3397, .T. ) ;
#942 = CARTESIAN_POINT ( 'NONE',  ( -0.7874569999794522879, 8.000000000000000000, 0.000000000000000000 ) ) ;
#943 = CARTESIAN_POINT ( 'NONE',  ( 42.84827606913941622, 12.00000000000000888, 4.683438103146704279 ) ) ;
#944 = DIRECTION ( 'NONE',  ( 0.000000000000000000, 0.000000000000000000, -1.000000000000000000 ) ) ;
#945 = CARTESIAN_POINT ( 'NONE',  ( -21.93090481172720985, 40.95305505793759693, 29.81470711445168575 ) ) ;
#946 = CARTESIAN_POINT ( 'NONE',  ( 27.21390812314248819, 21.63983792066095546, -30.38416346505952603 ) ) ;
#947 = LINE ( 'NONE', #2174, #721 ) ;
#948 = CARTESIAN_POINT ( 'NONE',  ( 24.91108582845366470, 31.28862570601155468, 29.07163679410177792 ) ) ;
#949 = ORIENTED_EDGE ( 'NONE', *, *, #2082, .T. ) ;
#950 = CARTESIAN_POINT ( 'NONE',  ( -0.1628291961735662818, 21.63983792066095901, -41.26849862608931829 ) ) ;
#951 = EDGE_CURVE ( 'NONE', #3264, #3126, #3526, .T. ) ;
#952 = CARTESIAN_POINT ( 'NONE',  ( -0.7874569999794522879, 76.32394508195261551, -40.60000000000021458 ) ) ;
#953 = ORIENTED_EDGE ( 'NONE', *, *, #2029, .F. ) ;
#954 = DIRECTION ( 'NONE',  ( 0.000000000000000000, 1.000000000000000000, 0.000000000000000000 ) ) ;
#955 = CARTESIAN_POINT ( 'NONE',  ( -28.18200170180819342, 70.00000000000002842, -14.49539899371570151 ) ) ;
#956 = VERTEX_POINT ( 'NONE', #2037 ) ;
#957 = FACE_BOUND ( 'NONE', #1621, .T. ) ;
#958 = CARTESIAN_POINT ( 'NONE',  ( 29.74732681584381311, 70.00000000000009948, -5.297676415001681072 ) ) ;
#959 = DIRECTION ( 'NONE',  ( 0.000000000000000000, 0.000000000000000000, -1.000000000000000000 ) ) ;
#960 = CARTESIAN_POINT ( 'NONE',  ( -13.20955980839299215, 50.61748440986363562, 32.12596655362094111 ) ) ;
#961 = CARTESIAN_POINT ( 'NONE',  ( -31.80498868537546286, 40.95305505793757561, 19.28995013138185755 ) ) ;
#962 = ORIENTED_EDGE ( 'NONE', *, *, #557, .T. ) ;
#963 = ADVANCED_FACE ( 'NONE', ( #3250 ), #2767, .F. ) ;
#964 = FACE_OUTER_BOUND ( 'NONE', #595, .T. ) ;
#965 = ADVANCED_FACE ( 'NONE', ( #1727 ), #3084, .T. ) ;
#966 = CARTESIAN_POINT ( 'NONE',  ( -0.7874569999796454667, 9.000000000000000000, -51.00354028359257086 ) ) ;
#967 = CARTESIAN_POINT ( 'NONE',  ( 21.18257702134326337, 31.28862570601156179, 31.98269492233114875 ) ) ;
#968 = DIRECTION ( 'NONE',  ( -0.000000000000000000, -1.000000000000000000, 0.000000000000000000 ) ) ;
#969 = ORIENTED_EDGE ( 'NONE', *, *, #3017, .F. ) ;
#970 = AXIS2_PLACEMENT_3D ( 'NONE', #1028, #3136, #1630 ) ;
#971 = CARTESIAN_POINT ( 'NONE',  ( -11.81552520530307504, 50.61748440986362141, -32.68714732497932118 ) ) ;
#972 = DIRECTION ( 'NONE',  ( -0.000000000000000000, -1.000000000000000000, 0.000000000000000000 ) ) ;
#973 = CIRCLE ( 'NONE', #3781, 5.499999999999996447 ) ;
#974 = DIRECTION ( 'NONE',  ( -0.000000000000000000, -1.000000000000000000, 0.000000000000000000 ) ) ;
#975 = TOROIDAL_SURFACE ( 'NONE', #1878, 34.70000000000000284, 0.5000000000000000000 ) ;
#976 = ORIENTED_EDGE ( 'NONE', *, *, #3134, .F. ) ;
#977 = AXIS2_PLACEMENT_3D ( 'NONE', #1644, #2334, #3547 ) ;
#978 = CARTESIAN_POINT ( 'NONE',  ( -0.7874569999794522879, 0.9999999999999991118, 0.000000000000000000 ) ) ;
#979 = CARTESIAN_POINT ( 'NONE',  ( -30.55734703264194252, 70.00000000000004263, -8.527442996850167489 ) ) ;
#980 = TOROIDAL_SURFACE ( 'NONE', #3293, 4.999999999999998224, 1.000000000000000000 ) ;
#981 = EDGE_LOOP ( 'NONE', ( #67, #3537, #941, #3320 ) ) ;
#982 = VECTOR ( 'NONE', #1768, 1000.000000000000000 ) ;
#983 = CARTESIAN_POINT ( 'NONE',  ( -16.62398699834317384, 8.000000000000000000, 53.71409794095890788 ) ) ;
#984 = CIRCLE ( 'NONE', #3228, 4.000000000000000000 ) ;
#985 = CARTESIAN_POINT ( 'NONE',  ( 37.36674475959402031, 31.28862570601156179, 7.229894461434659192 ) ) ;
#986 = CARTESIAN_POINT ( 'NONE',  ( 11.18975056180922678, 1.000000000000000000, 57.24279600514296362 ) ) ;
#987 = CARTESIAN_POINT ( 'NONE',  ( -12.58360561309259040, 60.29827007130311500, 30.32386004776039456 ) ) ;
#988 = CARTESIAN_POINT ( 'NONE',  ( -31.94739601210273250, 50.61748440986361430, 14.63293895528015298 ) ) ;
#989 = DIRECTION ( 'NONE',  ( 0.000000000000000000, 0.000000000000000000, -1.000000000000000000 ) ) ;
#990 = DIRECTION ( 'NONE',  ( 0.000000000000000000, 1.000000000000000000, 0.000000000000000000 ) ) ;
#991 = EDGE_LOOP ( 'NONE', ( #180, #747, #2242, #3677 ) ) ;
#992 = CARTESIAN_POINT ( 'NONE',  ( -16.44649991135050371, 50.61748440986363562, -30.66348817868640353 ) ) ;
#993 = FACE_OUTER_BOUND ( 'NONE', #2048, .T. ) ;
#994 = CARTESIAN_POINT ( 'NONE',  ( 56.51694364862616027, 0.9999999999999991118, -12.97530819193717022 ) ) ;
#995 = ORIENTED_EDGE ( 'NONE', *, *, #3791, .F. ) ;
#996 = FACE_OUTER_BOUND ( 'NONE', #1570, .T. ) ;
#997 = CARTESIAN_POINT ( 'NONE',  ( -30.20203690777318428, 70.00000000000004263, -9.767855081544446705 ) ) ;
#998 = EDGE_CURVE ( 'NONE', #1764, #1957, #2197, .T. ) ;
#999 = EDGE_LOOP ( 'NONE', ( #3179, #1520, #1929, #2426 ) ) ;
#1000 = DIRECTION ( 'NONE',  ( 0.000000000000000000, 0.000000000000000000, 1.000000000000000000 ) ) ;
#1001 = CARTESIAN_POINT ( 'NONE',  ( 36.66222293679451383, 31.28862570601156179, 10.27306957374046803 ) ) ;
#1002 = DIRECTION ( 'NONE',  ( 0.000000000000000000, 0.000000000000000000, 1.000000000000000000 ) ) ;
#1003 = CARTESIAN_POINT ( 'NONE',  ( -21.49780701146088546, 70.00000000000001421, 23.02270703073983071 ) ) ;
#1004 = EDGE_LOOP ( 'NONE', ( #456, #2607, #3638, #634 ) ) ;
#1005 = B_SPLINE_SURFACE_WITH_KNOTS ( 'NONE', 3, 3, ( 
 ( #1027, #3451, #41, #383, #3396, #694, #1856 ),
 ( #2518, #1251, #3155, #674, #1006, #2482, #3723 ),
 ( #1921, #363, #1308, #3683, #1587, #946, #1607 ),
 ( #406, #3091, #2855, #2236, #94, #344, #1571 ),
 ( #709, #2793, #54, #72, #1285, #3135, #1940 ),
 ( #1054, #1414, #485, #1374, #3495, #2913, #2022 ),
 ( #1963, #1693, #1730, #465, #3175, #753, #1074 ),
 ( #2299, #2358, #130, #1983, #3529, #1396, #737 ),
 ( #174, #2886, #3867, #427, #1129, #1709, #3848 ),
 ( #2600, #445, #3811, #191, #2637, #211, #1649 ),
 ( #505, #156, #2659, #3511, #791, #3829, #2279 ),
 ( #3193, #770, #1113, #2932, #2340, #2002, #2869 ),
 ( #1438, #2619, #3552, #3212, #1345, #2577, #1669 ),
 ( #3253, #2949, #1092, #3787, #2317, #814, #3236 ),
 ( #2042, #1812, #3044, #1188, #2727, #10, #1467 ),
 ( #2711, #3919, #2119, #1483, #3584, #1504, #2103 ),
 ( #2692, #2745, #1522, #2976, #3883, #3314, #1225 ),
 ( #605, #248, #1149, #3025, #585, #1833, #301 ),
 ( #2135, #3568, #830, #3934, #3332, #869, #2398 ),
 ( #2058, #851, #901, #2085, #2416, #3273, #3898 ),
 ( #525, #3355, #1166, #1203, #1755, #266, #3624 ),
 ( #3299, #286, #3640, #232, #1453, #569, #549 ),
 ( #2674, #1773, #2991, #882, #3609, #1792, #3006 ),
 ( #2768, #669, #401, #2459, #377, #359, #1868 ),
 ( #2476, #2536, #316, #1852, #1583, #3061, #943 ),
 ( #3108, #3679, #1600, #926, #3392, #69, #2155 ),
 ( #36, #2186, #3149, #2808, #338, #2826, #109 ),
 ( #704, #3738, #2851, #3374, #3413, #89, #623 ),
 ( #958, #1246, #3085, #1280, #3663, #690, #2513 ),
 ( #3717, #1542, #2169, #640, #985, #2210, #3431 ),
 ( #1567, #2790, #1916, #1895, #1933, #50, #1265 ),
 ( #3128, #1303, #2495, #3699, #1001, #1623, #2232 ),
 ( #3447, #3756, #1321, #125, #3466, #3844, #2333 ),
 ( #2035, #146, #185, #500, #1997, #3778, #3525 ),
 ( #2906, #479, #1725, #3189, #2944, #458, #1688 ),
 ( #3209, #1339, #1108, #3491, #3249, #1366, #1388 ),
 ( #2866, #1048, #1067, #3806, #2248, #786, #2312 ),
 ( #2595, #1704, #2552, #440, #3546, #731, #2017 ),
 ( #3232, #1021, #170, #1663, #2572, #765, #749 ),
 ( #2925, #2614, #1959, #3825, #3172, #808, #1088 ),
 ( #2631, #422, #1978, #1643, #1409, #2274, #2881 ),
 ( #2294, #3507, #3294, #208, #1430, #825, #519 ),
 ( #2053, #3267, #3635, #845, #2968, #2411, #1182 ),
 ( #228, #1161, #2371, #3580, #2076, #3326, #2391 ),
 ( #3602, #1785, #3001, #261, #1478, #2704, #3913 ),
 ( #3020, #280, #1527, #1651, #948, #1572, #3092 ),
 ( #1631, #55, #408, #3452, #74, #2501, #385 ),
 ( #2217, #2175, #1609, #738, #2836, #651, #3703 ),
 ( #1287, #2522, #1347, #345, #967, #2542, #96 ),
 ( #1008, #3744, #3115, #131, #1877, #3685, #2856 ),
 ( #676, #3726, #2237, #1327, #2559, #3761, #3178 ),
 ( #1029, #2255, #1270, #467, #2044, #3255, #2060 ),
 ( #2979, #2360, #772, #527, #1398, #2639, #1711 ),
 ( #1076, #2319, #1094, #3497, #507, #3554, #3789 ),
 ( #2951, #235, #1695, #1131, #754, #816, #3869 ),
 ( #2579, #193, #2915, #3813, #2024, #2004, #2621 ),
 ( #3238, #1985, #487, #3196, #3570, #2934, #3275 ),
 ( #1056, #3214, #832, #214, #447, #1115, #158 ),
 ( #1757, #176, #1416, #2281, #1671, #3832, #1732 ),
 ( #2888, #1376, #3531, #2602, #1440, #2661, #2301 ),
 ( #793, #3513, #3850, #2342, #3642, #2376, #587 ),
 ( #2121, #3664, #1468, #2746, #2714, #1524, #903 ),
 ( #2138, #2992, #2157, #2676, #3302, #854, #607 ),
 ( #1774, #3358, #1205, #2104, #250, #3626, #2729 ),
 ( #3885, #2417, #2462, #1190, #1151, #2694, #1794 ),
 ( #3008, #3063, #2087, #3900, #288, #3334, #1455 ),
 ( #884, #3611, #625, #3586, #1854, #2434, #1835 ),
 ( #1815, #1168, #3046, #927, #3028, #303, #551 ),
 ( #2401, #1507, #3936, #12, #1227, #870, #3375 ),
 ( #3315, #571, #267, #1486, #3921, #642, #2810 ),
 ( #3393, #1322, #960, #1870, #2538, #1304, #2554 ),
 ( #3700, #2852, #3468, #3757, #2233, #91, #1584 ),
 ( #2188, #987, #3088, #2514, #2249, #318, #3448 ) ),
 .UNSPECIFIED., .F., .F., .F.,
 ( 4, 3, 3, 3, 3, 3, 3, 3, 3, 3, 3, 3, 3, 3, 3, 3, 3, 3, 3, 3, 3, 3, 3, 3, 4 ),
 ( 4, 3, 4 ),
 ( 0.000000000000000000, 0.03125000000000000694, 0.06250000000000001388, 0.09375000000000002776, 0.1093750000000000278, 0.1250000000000000278, 0.1406250000000000555, 0.1562500000000000555, 0.1718750000000000555, 0.1875000000000000555, 0.2031250000000000555, 0.2187500000000000555, 0.2343750000000000555, 0.2500000000000000555, 0.2656250000000001110, 0.2812500000000001110, 0.2968750000000001110, 0.3125000000000001110, 0.3281250000000001110, 0.3437500000000001110, 0.3750000000000001110, 0.4062500000000001110, 0.4375000000000001110, 0.4687500000000001110, 0.5000000000000001110 ),
 ( -0.007556181127852617738, 0.4893104609084630852, 0.9861771029447787829 ),
 .UNSPECIFIED. ) ;
#1006 = CARTESIAN_POINT ( 'NONE',  ( 22.39986913685416781, 31.28862570601155468, -31.15344157227725930 ) ) ;
#1007 = DIRECTION ( 'NONE',  ( 0.000000000000000000, 1.000000000000000000, -0.000000000000000000 ) ) ;
#1008 = CARTESIAN_POINT ( 'NONE',  ( 23.11711637188110657, 70.00000000000002842, 19.72533170666251223 ) ) ;
#1009 = ORIENTED_EDGE ( 'NONE', *, *, #2564, .T. ) ;
#1010 = CARTESIAN_POINT ( 'NONE',  ( -5.128869982514882686, 31.28862570601155468, -38.64477646338972505 ) ) ;
#1011 = CARTESIAN_POINT ( 'NONE',  ( -0.7874569999794522879, 79.50000000000001421, 0.000000000000000000 ) ) ;
#1012 = EDGE_CURVE ( 'NONE', #2599, #1637, #3785, .T. ) ;
#1013 = DIRECTION ( 'NONE',  ( 0.000000000000000000, 0.000000000000000000, -1.000000000000000000 ) ) ;
#1014 = EDGE_LOOP ( 'NONE', ( #1207, #2875, #3910, #3577 ) ) ;
#1015 = CARTESIAN_POINT ( 'NONE',  ( -0.7874569999794471808, 75.50561998969183719, -41.17475563796914884 ) ) ;
#1016 = CARTESIAN_POINT ( 'NONE',  ( -32.34411485133549036, 60.29827007130317185, -7.928616244418445369 ) ) ;
#1017 = VERTEX_POINT ( 'NONE', #564 ) ;
#1018 = EDGE_CURVE ( 'NONE', #3353, #1817, #2392, .T. ) ;
#1019 = CARTESIAN_POINT ( 'NONE',  ( -0.7874569999788638697, 0.000000000000000000, 51.00354028359257086 ) ) ;
#1020 = EDGE_CURVE ( 'NONE', #1802, #3505, #2894, .T. ) ;
#1021 = CARTESIAN_POINT ( 'NONE',  ( 30.02790923999387118, 60.29827007130314342, 10.53265444445649912 ) ) ;
#1022 = DIRECTION ( 'NONE',  ( -0.000000000000000000, 1.000000000000000000, -0.000000000000000000 ) ) ;
#1023 = CARTESIAN_POINT ( 'NONE',  ( -0.7874569999794522879, 79.50000000000001421, 0.000000000000000000 ) ) ;
#1024 = CARTESIAN_POINT ( 'NONE',  ( -33.48208969215933450, 40.95305505793758982, 16.29076991518942918 ) ) ;
#1025 = VERTEX_POINT ( 'NONE', #1786 ) ;
#1026 = TOROIDAL_SURFACE ( 'NONE', #201, 11.99999999999996980, 1.000000000000000000 ) ;
#1027 = CARTESIAN_POINT ( 'NONE',  ( 7.739985996870688112, 70.00000000000002842, -29.76989003266249156 ) ) ;
#1028 = CARTESIAN_POINT ( 'NONE',  ( 56.76336222247632435, 0.9999999999999991118, -16.96771071253321495 ) ) ;
#1029 = CARTESIAN_POINT ( 'NONE',  ( 21.46717867738149721, 70.00000000000002842, 21.53357442435602209 ) ) ;
#1030 = ORIENTED_EDGE ( 'NONE', *, *, #2452, .T. ) ;
#1031 = CIRCLE ( 'NONE', #2754, 56.00000000000000711 ) ;
#1032 = CIRCLE ( 'NONE', #2321, 12.99999999999996980 ) ;
#1033 = CARTESIAN_POINT ( 'NONE',  ( -9.544854138145060674, 60.29827007130302263, -31.33677720607622774 ) ) ;
#1034 = DIRECTION ( 'NONE',  ( 0.000000000000000000, 0.000000000000000000, -1.000000000000000000 ) ) ;
#1035 = DIRECTION ( 'NONE',  ( 0.000000000000000000, 0.000000000000000000, 1.000000000000000000 ) ) ;
#1036 = ORIENTED_EDGE ( 'NONE', *, *, #3348, .F. ) ;
#1037 = AXIS2_PLACEMENT_3D ( 'NONE', #1588, #629, #1528 ) ;
#1038 = AXIS2_PLACEMENT_3D ( 'NONE', #2034, #3248, #1291 ) ;
#1039 = CIRCLE ( 'NONE', #3471, 12.00000000000001776 ) ;
#1040 = FACE_OUTER_BOUND ( 'NONE', #1082, .T. ) ;
#1041 = COORDINATED_UNIVERSAL_TIME_OFFSET ( 0, 0, .AHEAD. ) ;
#1042 = CARTESIAN_POINT ( 'NONE',  ( -25.66299692085494755, 60.29827007130326422, -21.01448059798754997 ) ) ;
#1043 = AXIS2_PLACEMENT_3D ( 'NONE', #1750, #3296, #3581 ) ;
#1044 = AXIS2_PLACEMENT_3D ( 'NONE', #3260, #3579, #1144 ) ;
#1045 = ORIENTED_EDGE ( 'NONE', *, *, #3259, .T. ) ;
#1046 = FACE_OUTER_BOUND ( 'NONE', #2112, .T. ) ;
#1047 = CIRCLE ( 'NONE', #333, 5.499999999999996447 ) ;
#1048 = CARTESIAN_POINT ( 'NONE',  ( 30.76920085137669503, 60.29827007130294447, 7.928616244418352998 ) ) ;
#1049 = CARTESIAN_POINT ( 'NONE',  ( -0.7874569999794522879, 77.30000000000002558, 0.000000000000000000 ) ) ;
#1050 = CARTESIAN_POINT ( 'NONE',  ( -36.66338642245849400, 40.95305505793761114, 6.775724031073086628 ) ) ;
#1051 = AXIS2_PLACEMENT_3D ( 'NONE', #3204, #2329, #166 ) ;
#1052 = ORIENTED_EDGE ( 'NONE', *, *, #846, .F. ) ;
#1053 = AXIS2_PLACEMENT_3D ( 'NONE', #2620, #3812, #1114 ) ;
#1054 = CARTESIAN_POINT ( 'NONE',  ( 14.33758226522282797, 70.00000000000007105, -27.07257916483110805 ) ) ;
#1055 = CARTESIAN_POINT ( 'NONE',  ( -18.21525550013512529, 71.30955278317834711, 30.17933531761138255 ) ) ;
#1056 = CARTESIAN_POINT ( 'NONE',  ( 16.03482639656341391, 70.00000000000000000, 25.99950803280216860 ) ) ;
#1057 = CIRCLE ( 'NONE', #1763, 41.10000000000000142 ) ;
#1058 = CARTESIAN_POINT ( 'NONE',  ( 33.98810930985357004, 71.30955278317834711, -2.276055492570750349 ) ) ;
#1059 = CARTESIAN_POINT ( 'NONE',  ( 2.502777025124428789, 31.28862570601154758, -38.73184833248507175 ) ) ;
#1060 = CARTESIAN_POINT ( 'NONE',  ( -0.7874569999794472919, 76.32394508195261551, 40.60000000000021458 ) ) ;
#1061 = DIRECTION ( 'NONE',  ( 0.000000000000000000, 1.000000000000000000, -0.000000000000000000 ) ) ;
#1062 = VERTEX_POINT ( 'NONE', #1500 ) ;
#1063 = CARTESIAN_POINT ( 'NONE',  ( -26.20512741646968990, 21.63983792066095901, -32.51801299808307277 ) ) ;
#1064 = ORIENTED_EDGE ( 'NONE', *, *, #1787, .T. ) ;
#1065 = DIRECTION ( 'NONE',  ( 0.000000000000000000, 0.000000000000000000, -1.000000000000000000 ) ) ;
#1066 = ADVANCED_FACE ( 'NONE', ( #3636 ), #329, .F. ) ;
#1067 = CARTESIAN_POINT ( 'NONE',  ( 31.76066902865155228, 50.61748440986362141, 11.15208126737513794 ) ) ;
#1068 = CARTESIAN_POINT ( 'NONE',  ( 56.76336222247633145, 0.9999999999999991118, 16.96771071253320073 ) ) ;
#1069 = ADVANCED_FACE ( 'NONE', ( #2723 ), #857, .T. ) ;
#1070 = CARTESIAN_POINT ( 'NONE',  ( 15.04907299838537149, 9.000000000000000000, 53.71409794095858814 ) ) ;
#1071 = CARTESIAN_POINT ( 'NONE',  ( -31.79427912826431779, 60.29827007130339922, 9.933545211025126775 ) ) ;
#1072 = ORIENTED_EDGE ( 'NONE', *, *, #1597, .F. ) ;
#1073 = CIRCLE ( 'NONE', #1708, 1.000000000000000222 ) ;
#1074 = CARTESIAN_POINT ( 'NONE',  ( 36.05805553048355705, 12.00000000000000178, -23.84156033721146173 ) ) ;
#1075 = CARTESIAN_POINT ( 'NONE',  ( -0.7874569999788638697, 9.000000000000000000, 51.00354028359257086 ) ) ;
#1076 = CARTESIAN_POINT ( 'NONE',  ( 19.73936501728334392, 70.00000000000001421, 23.21626628223034317 ) ) ;
#1077 = VERTEX_POINT ( 'NONE', #2429 ) ;
#1078 = CARTESIAN_POINT ( 'NONE',  ( 10.09413597655973938, 50.61748440986362141, -32.63955206283812061 ) ) ;
#1079 = DIRECTION ( 'NONE',  ( -0.000000000000000000, -1.000000000000000000, 0.000000000000000000 ) ) ;
#1080 = EDGE_CURVE ( 'NONE', #2470, #115, #1362, .T. ) ;
#1081 = DIRECTION ( 'NONE',  ( 0.000000000000000000, -0.000000000000000000, 1.000000000000000000 ) ) ;
#1082 = EDGE_LOOP ( 'NONE', ( #2057, #813, #3691, #1458 ) ) ;
#1083 = DIRECTION ( 'NONE',  ( 2.168404344971006896E-16, 0.000000000000000000, -1.000000000000000000 ) ) ;
#1084 = CARTESIAN_POINT ( 'NONE',  ( -24.04484477918214225, 31.28862570601156179, -31.09836650889429777 ) ) ;
#1085 = VERTEX_POINT ( 'NONE', #2099 ) ;
#1086 = CARTESIAN_POINT ( 'NONE',  ( -10.07991144355444568, 70.57999999999999829, 32.61615483443237196 ) ) ;
#1087 = AXIS2_PLACEMENT_3D ( 'NONE', #2246, #1977, #3805 ) ;
#1088 = CARTESIAN_POINT ( 'NONE',  ( 32.41718443227314594, 12.00000000000000711, 28.69605513482528281 ) ) ;
#1089 = DIRECTION ( 'NONE',  ( -0.000000000000000000, -1.000000000000000000, 0.000000000000000000 ) ) ;
#1090 = DIRECTION ( 'NONE',  ( 0.000000000000000000, 1.000000000000000000, -0.000000000000000000 ) ) ;
#1091 = CARTESIAN_POINT ( 'NONE',  ( -34.99872251626052844, 50.61748440986364983, 3.878716792847604289 ) ) ;
#1092 = CARTESIAN_POINT ( 'NONE',  ( 28.76911495726750800, 50.61748440986363562, -17.64495407354469947 ) ) ;
#1093 = CYLINDRICAL_SURFACE ( 'NONE', #2404, 4.000000000000003553 ) ;
#1094 = CARTESIAN_POINT ( 'NONE',  ( 17.15112552345221530, 50.61748440986361430, 29.38813347653490382 ) ) ;
#1095 = ADVANCED_FACE ( 'NONE', ( #895 ), #975, .T. ) ;
#1096 = ORIENTED_EDGE ( 'NONE', *, *, #1987, .T. ) ;
#1097 = ADVANCED_FACE ( 'NONE', ( #245 ), #2589, .T. ) ;
#1098 = CARTESIAN_POINT ( 'NONE',  ( 8.371463695260406013, 60.29827007130315053, -31.25952860019868496 ) ) ;
#1099 = DIRECTION ( 'NONE',  ( 2.168404344971006896E-16, 0.000000000000000000, -1.000000000000000000 ) ) ;
#1100 = TOROIDAL_SURFACE ( 'NONE', #3902, 5.000000000000000000, 1.000000000000000000 ) ;
#1101 = ORIENTED_EDGE ( 'NONE', *, *, #31, .F. ) ;
#1102 = AXIS2_PLACEMENT_3D ( 'NONE', #1491, #3887, #2437 ) ;
#1103 = DIRECTION ( 'NONE',  ( -0.000000000000000000, -1.000000000000000000, 0.000000000000000000 ) ) ;
#1104 = CARTESIAN_POINT ( 'NONE',  ( -22.96045644812715381, 60.29827007130310079, -23.84684102063997457 ) ) ;
#1105 = VERTEX_POINT ( 'NONE', #600 ) ;
#1106 = DIRECTION ( 'NONE',  ( -0.000000000000000000, -1.000000000000000000, 0.000000000000000000 ) ) ;
#1107 = CIRCLE ( 'NONE', #907, 55.00000000000000711 ) ;
#1108 = CARTESIAN_POINT ( 'NONE',  ( 32.22353102677865877, 50.61748440986362141, 9.801186283048039627 ) ) ;
#1109 = DIRECTION ( 'NONE',  ( -0.000000000000000000, 1.000000000000000000, -0.000000000000000000 ) ) ;
#1110 = CIRCLE ( 'NONE', #3154, 54.99999999999999289 ) ;
#1111 = CARTESIAN_POINT ( 'NONE',  ( -39.59924028058861722, 31.28862570601156889, -1.179019088772117918 ) ) ;
#1112 = EDGE_LOOP ( 'NONE', ( #3687, #2942, #666, #353 ) ) ;
#1113 = CARTESIAN_POINT ( 'NONE',  ( 27.59408016968307464, 50.61748440986363562, -19.47880124670108515 ) ) ;
#1114 = DIRECTION ( 'NONE',  ( 0.000000000000000000, 0.000000000000000000, -1.000000000000000000 ) ) ;
#1115 = CARTESIAN_POINT ( 'NONE',  ( 7.194498533237249305, 21.63983792066095546, 40.49404307562499383 ) ) ;
#1116 = AXIS2_PLACEMENT_3D ( 'NONE', #1472, #2126, #3322 ) ;
#1117 = CARTESIAN_POINT ( 'NONE',  ( 25.41199603045957645, 71.30955278317833290, -22.98062448413169179 ) ) ;
#1118 = CARTESIAN_POINT ( 'NONE',  ( 5.072054188987135781, 50.61748440986361430, -33.90303162249892921 ) ) ;
#1119 = AXIS2_PLACEMENT_3D ( 'NONE', #157, #2601, #2300 ) ;
#1120 = CARTESIAN_POINT ( 'NONE',  ( -0.7874569999794522879, 0.000000000000000000, 0.000000000000000000 ) ) ;
#1121 = ORIENTED_EDGE ( 'NONE', *, *, #2520, .F. ) ;
#1122 = CARTESIAN_POINT ( 'NONE',  ( 7.739985996870691665, 70.00000000000002842, -29.76989003266249156 ) ) ;
#1123 = CARTESIAN_POINT ( 'NONE',  ( -57.29099728357201826, 0.000000000000000000, -5.499999999999601208 ) ) ;
#1124 = ORIENTED_EDGE ( 'NONE', *, *, #2613, .F. ) ;
#1125 = FACE_OUTER_BOUND ( 'NONE', #2588, .T. ) ;
#1126 = FACE_OUTER_BOUND ( 'NONE', #3804, .T. ) ;
#1127 = CARTESIAN_POINT ( 'NONE',  ( -28.82391200881841087, 70.00000000000001421, 13.14993639371291145 ) ) ;
#1128 = VERTEX_POINT ( 'NONE', #3350 ) ;
#1129 = CARTESIAN_POINT ( 'NONE',  ( 31.75133676383678960, 31.28862570601155468, -21.26519728538654519 ) ) ;
#1130 = CARTESIAN_POINT ( 'NONE',  ( -0.7874569999794492903, 71.30955278317834711, 34.77556630983301744 ) ) ;
#1131 = CARTESIAN_POINT ( 'NONE',  ( 14.57022568309654886, 40.95305505793758272, 33.12301813962466213 ) ) ;
#1132 = EDGE_CURVE ( 'NONE', #48, #3161, #1828, .T. ) ;
#1133 = ADVANCED_FACE ( 'NONE', ( #2671 ), #2412, .F. ) ;
#1134 = CARTESIAN_POINT ( 'NONE',  ( 15.33485093041074698, 12.00000000000000533, -40.88473325689501081 ) ) ;
#1135 = EDGE_CURVE ( 'NONE', #718, #1957, #2466, .T. ) ;
#1136 = CARTESIAN_POINT ( 'NONE',  ( 11.18975056180923389, 0.000000000000000000, 57.24279600514296362 ) ) ;
#1137 = FACE_OUTER_BOUND ( 'NONE', #2898, .T. ) ;
#1138 = ORIENTED_EDGE ( 'NONE', *, *, #3047, .T. ) ;
#1139 = EDGE_CURVE ( 'NONE', #2238, #1858, #1807, .T. ) ;
#1140 = CYLINDRICAL_SURFACE ( 'NONE', #2819, 34.20000000000000284 ) ;
#1141 = DIRECTION ( 'NONE',  ( 0.000000000000000000, 0.000000000000000000, -1.000000000000000000 ) ) ;
#1142 = EDGE_LOOP ( 'NONE', ( #2292, #2436, #1590, #2331 ) ) ;
#1143 = LINE ( 'NONE', #784, #2996 ) ;
#1144 = DIRECTION ( 'NONE',  ( 0.000000000000000000, 0.000000000000000000, 1.000000000000000000 ) ) ;
#1145 = CARTESIAN_POINT ( 'NONE',  ( -0.7874569999794522879, 0.9999999999999991118, 0.000000000000000000 ) ) ;
#1146 = CARTESIAN_POINT ( 'NONE',  ( -43.20952597293592135, 12.00000000000000711, -11.37285420865867280 ) ) ;
#1147 = ORIENTED_EDGE ( 'NONE', *, *, #9, .F. ) ;
#1148 = EDGE_CURVE ( 'NONE', #593, #2252, #400, .T. ) ;
#1149 = CARTESIAN_POINT ( 'NONE',  ( 30.85631033949461610, 50.61748440986362851, -13.55983934499863075 ) ) ;
#1150 = CARTESIAN_POINT ( 'NONE',  ( -0.7874569999794522879, 9.000000000000000000, 0.000000000000000000 ) ) ;
#1151 = CARTESIAN_POINT ( 'NONE',  ( -8.679554360493176191, 31.28862570601155468, 38.06174607716715741 ) ) ;
#1152 = LINE ( 'NONE', #2377, #1867 ) ;
#1153 = DIRECTION ( 'NONE',  ( -0.000000000000000000, -1.000000000000000000, 0.000000000000000000 ) ) ;
#1154 = CLOSED_SHELL ( 'NONE', ( #1252, #2402, #3359, #3058, #963, #608, #1737, #1680, #3777, #3262, #2190, #3071, #3050, #2517, #660, #1777, #1629, #3549, #1133, #1530, #348, #19, #137, #358, #132, #3183, #2775, #3176, #3920, #3514, #2781, #2560, #1652, #2616, #596, #3874, #2109, #351, #2928, #2039, #2643, #545, #2571, #553, #1665, #1552, #3670, #1240, #715, #1636, #2975, #187, #3893, #3797, #3464, #2380, #2649, #1859, #3749, #2840, #238, #1489, #2393, #1952, #1241, #1441, #1845, #420, #2970, #774, #1097, #1307, #644, #119, #1069, #3439, #3809, #508, #62, #2736, #2145, #373, #2449, #2348, #222, #3206, #1975, #940, #2683, #484, #1779, #1066, #965, #1095, #3776 ) ) ;
#1155 = ORIENTED_EDGE ( 'NONE', *, *, #3079, .F. ) ;
#1156 = DIRECTION ( 'NONE',  ( 0.000000000000000000, 1.000000000000000000, 0.000000000000000000 ) ) ;
#1157 = CYLINDRICAL_SURFACE ( 'NONE', #658, 41.10000000000000142 ) ;
#1158 = ORIENTED_EDGE ( 'NONE', *, *, #802, .T. ) ;
#1159 = DIRECTION ( 'NONE',  ( 0.000000000000000000, 0.000000000000000000, -1.000000000000000000 ) ) ;
#1160 = CIRCLE ( 'NONE', #3524, 55.99999999999999289 ) ;
#1161 = CARTESIAN_POINT ( 'NONE',  ( 27.18914481955502893, 60.29827007130314342, 16.66790572145610838 ) ) ;
#1162 = DIRECTION ( 'NONE',  ( 0.000000000000000000, 0.000000000000000000, -1.000000000000000000 ) ) ;
#1163 = CARTESIAN_POINT ( 'NONE',  ( -36.83025592536057502, 40.95305505793759693, -5.823177285340375597 ) ) ;
#1164 = EDGE_LOOP ( 'NONE', ( #702, #1561, #3847, #82 ) ) ;
#1165 = AXIS2_PLACEMENT_3D ( 'NONE', #2151, #3104, #3124 ) ;
#1166 = CARTESIAN_POINT ( 'NONE',  ( 32.11239046479069259, 50.61748440986362141, -10.14539685614814424 ) ) ;
#1167 = AXIS2_PLACEMENT_3D ( 'NONE', #2486, #2526, #1946 ) ;
#1168 = CARTESIAN_POINT ( 'NONE',  ( -5.349816308929693953, 60.29827007130325711, 32.26270075857675579 ) ) ;
#1169 = AXIS2_PLACEMENT_3D ( 'NONE', #1515, #46, #85 ) ;
#1170 = CARTESIAN_POINT ( 'NONE',  ( -28.06473014522422815, 31.28862570601155468, 27.65645285182409197 ) ) ;
#1171 = AXIS2_PLACEMENT_3D ( 'NONE', #1645, #1999, #1979 ) ;
#1172 = AXIS2_PLACEMENT_3D ( 'NONE', #186, #1410, #809 ) ;
#1173 = CARTESIAN_POINT ( 'NONE',  ( -0.7874569999794522879, 70.00000000000000000, 0.000000000000000000 ) ) ;
#1174 = CARTESIAN_POINT ( 'NONE',  ( 7.739985996870691665, 70.00000000000002842, -29.76989003266249156 ) ) ;
#1175 = TOROIDAL_SURFACE ( 'NONE', #665, 5.000000000000000000, 1.000000000000000000 ) ;
#1176 = VERTEX_POINT ( 'NONE', #2450 ) ;
#1177 = CIRCLE ( 'NONE', #798, 12.99999999999999289 ) ;
#1178 = CARTESIAN_POINT ( 'NONE',  ( -0.7874569999794481800, 70.72512164928041045, -34.00000000000000000 ) ) ;
#1179 = ORIENTED_EDGE ( 'NONE', *, *, #1135, .T. ) ;
#1180 = CARTESIAN_POINT ( 'NONE',  ( -0.7874569999794522879, 8.000000000000000000, 0.000000000000000000 ) ) ;
#1181 = TOROIDAL_SURFACE ( 'NONE', #1892, 12.00000000000001776, 1.000000000000000000 ) ;
#1182 = CARTESIAN_POINT ( 'NONE',  ( 28.58573288682989499, 12.00000000000000533, 32.60716959226667910 ) ) ;
#1183 = CARTESIAN_POINT ( 'NONE',  ( -0.7874569999788638697, 9.000000000000000000, 56.50354028359257086 ) ) ;
#1184 = CARTESIAN_POINT ( 'NONE',  ( -31.58478358554848953, 70.00000000000004263, -3.484285904982522108 ) ) ;
#1185 = EDGE_LOOP ( 'NONE', ( #3422, #3035, #2244, #3840 ) ) ;
#1186 = CARTESIAN_POINT ( 'NONE',  ( 33.98810930985356293, 71.30955278317834711, 2.276055492570757011 ) ) ;
#1187 = EDGE_CURVE ( 'NONE', #2788, #123, #2267, .T. ) ;
#1188 = CARTESIAN_POINT ( 'NONE',  ( 32.42140594145455168, 40.95305505793758982, -15.21989728159894106 ) ) ;
#1189 = DIRECTION ( 'NONE',  ( -8.673617379884027583E-16, 0.000000000000000000, -1.000000000000000000 ) ) ;
#1190 = CARTESIAN_POINT ( 'NONE',  ( -5.787390028360655414, 40.95305505793759693, 36.23230902383682661 ) ) ;
#1191 = CARTESIAN_POINT ( 'NONE',  ( -15.15986197419043968, 60.29827007130326422, 29.23145449452704980 ) ) ;
#1192 = DIRECTION ( 'NONE',  ( 1.000000000000000000, 0.000000000000000000, -1.224646799147353207E-16 ) ) ;
#1193 = DIRECTION ( 'NONE',  ( 0.000000000000000000, 1.000000000000000000, 0.000000000000000000 ) ) ;
#1194 = ORIENTED_EDGE ( 'NONE', *, *, #2751, .F. ) ;
#1195 = CIRCLE ( 'NONE', #2795, 55.00000000000000711 ) ;
#1196 = EDGE_CURVE ( 'NONE', #1858, #2032, #3290, .T. ) ;
#1197 = DIRECTION ( 'NONE',  ( 0.000000000000000000, 1.000000000000000000, -0.000000000000000000 ) ) ;
#1198 = CARTESIAN_POINT ( 'NONE',  ( -57.29099728357201826, 8.000000000000000000, 3.945621129574694455E-13 ) ) ;
#1199 = ORIENTED_EDGE ( 'NONE', *, *, #1541, .F. ) ;
#1200 = CARTESIAN_POINT ( 'NONE',  ( -0.7874569999794522879, 9.000000000000000000, 0.000000000000000000 ) ) ;
#1201 = CARTESIAN_POINT ( 'NONE',  ( -34.75312213334280642, 50.61748440986363562, -5.663513846370547000 ) ) ;
#1202 = ORIENTED_EDGE ( 'NONE', *, *, #1391, .T. ) ;
#1203 = CARTESIAN_POINT ( 'NONE',  ( 34.84095738940101228, 40.95305505793758982, -8.086260265684183324 ) ) ;
#1204 = CARTESIAN_POINT ( 'NONE',  ( 56.76336222247632435, 8.000000000000000000, -16.96771071253321495 ) ) ;
#1205 = CARTESIAN_POINT ( 'NONE',  ( -0.8334651560891552791, 50.61748440986363562, 34.40562901356925352 ) ) ;
#1206 = CARTESIAN_POINT ( 'NONE',  ( -11.85198280208370569, 70.00000000000002842, 28.95990520216517083 ) ) ;
#1207 = ORIENTED_EDGE ( 'NONE', *, *, #838, .F. ) ;
#1208 = CARTESIAN_POINT ( 'NONE',  ( -0.7874569999794522879, 79.00000000000001421, 0.000000000000000000 ) ) ;
#1209 = CARTESIAN_POINT ( 'NONE',  ( 56.76336222247633145, 0.000000000000000000, 16.96771071253320073 ) ) ;
#1210 = EDGE_CURVE ( 'NONE', #762, #1637, #730, .T. ) ;
#1211 = ORIENTED_EDGE ( 'NONE', *, *, #2363, .T. ) ;
#1212 = CARTESIAN_POINT ( 'NONE',  ( -31.66925520308466702, 12.00000000000000000, 35.43041828348471967 ) ) ;
#1213 = DIRECTION ( 'NONE',  ( 0.000000000000000000, 1.000000000000000000, 0.000000000000000000 ) ) ;
#1214 = DIRECTION ( 'NONE',  ( 0.000000000000000000, 1.000000000000000000, 0.000000000000000000 ) ) ;
#1215 = ORIENTED_EDGE ( 'NONE', *, *, #2678, .F. ) ;
#1216 = EDGE_CURVE ( 'NONE', #2990, #3192, #2652, .T. ) ;
#1217 = VECTOR ( 'NONE', #1832, 1000.000000000000000 ) ;
#1218 = DIRECTION ( 'NONE',  ( 2.168404344971006896E-16, 0.000000000000000000, -1.000000000000000000 ) ) ;
#1219 = DIRECTION ( 'NONE',  ( 0.000000000000000000, 0.000000000000000000, 1.000000000000000000 ) ) ;
#1220 = CARTESIAN_POINT ( 'NONE',  ( -42.72466504099018181, 12.00000000000000711, -13.05384533136699865 ) ) ;
#1221 = ORIENTED_EDGE ( 'NONE', *, *, #3630, .T. ) ;
#1222 = CARTESIAN_POINT ( 'NONE',  ( 12.18785119195746525, 9.000000000000000000, -57.30440064860566451 ) ) ;
#1223 = AXIS2_PLACEMENT_3D ( 'NONE', #3100, #1213, #2753 ) ;
#1224 = AXIS2_PLACEMENT_3D ( 'NONE', #3276, #2860, #1657 ) ;
#1225 = CARTESIAN_POINT ( 'NONE',  ( 42.40370796939592424, 12.00000000000000711, -7.916759099333209093 ) ) ;
#1226 = DIRECTION ( 'NONE',  ( 0.000000000000000000, 0.000000000000000000, -1.000000000000000000 ) ) ;
#1227 = CARTESIAN_POINT ( 'NONE',  ( -16.55228938329073074, 31.28862570601155468, 35.50209957892013790 ) ) ;
#1228 = CARTESIAN_POINT ( 'NONE',  ( -19.87424835475444596, 50.61748440986363562, 28.62592916132283705 ) ) ;
#1229 = VECTOR ( 'NONE', #3565, 1000.000000000000000 ) ;
#1230 = AXIS2_PLACEMENT_3D ( 'NONE', #3181, #1312, #117 ) ;
#1231 = EDGE_CURVE ( 'NONE', #1802, #1025, #29, .T. ) ;
#1232 = DIRECTION ( 'NONE',  ( 0.000000000000000000, 1.000000000000000000, 0.000000000000000000 ) ) ;
#1233 = AXIS2_PLACEMENT_3D ( 'NONE', #1474, #2720, #862 ) ;
#1234 = AXIS2_PLACEMENT_3D ( 'NONE', #986, #51, #1869 ) ;
#1235 = ORIENTED_EDGE ( 'NONE', *, *, #2804, .F. ) ;
#1236 = AXIS2_PLACEMENT_3D ( 'NONE', #1317, #371, #2150 ) ;
#1237 = EDGE_CURVE ( 'NONE', #3736, #2885, #1047, .T. ) ;
#1238 = CARTESIAN_POINT ( 'NONE',  ( 8.718753322402868378, 69.99999999999981526, -32.64401882897752216 ) ) ;
#1239 = ORIENTED_EDGE ( 'NONE', *, *, #801, .F. ) ;
#1240 = ADVANCED_FACE ( 'NONE', ( #684 ), #1556, .T. ) ;
#1241 = ADVANCED_FACE ( 'NONE', ( #2820 ), #1437, .T. ) ;
#1242 = DIRECTION ( 'NONE',  ( 0.000000000000000000, 1.000000000000000000, -0.000000000000000000 ) ) ;
#1243 = COORDINATED_UNIVERSAL_TIME_OFFSET ( 0, 0, .AHEAD. ) ;
#1244 = CARTESIAN_POINT ( 'NONE',  ( -34.58846507098861167, 31.28862570601155468, -19.12225318624351544 ) ) ;
#1245 = ORIENTED_EDGE ( 'NONE', *, *, #532, .F. ) ;
#1246 = CARTESIAN_POINT ( 'NONE',  ( 31.67145750181698460, 60.29827007130315053, -2.594725526196076437 ) ) ;
#1247 = LINE ( 'NONE', #1917, #97 ) ;
#1248 = CARTESIAN_POINT ( 'NONE',  ( -23.35507661563723047, 60.29827007130294447, 23.51998964804120362 ) ) ;
#1249 = EDGE_LOOP ( 'NONE', ( #2871, #3184, #365, #483 ) ) ;
#1250 = EDGE_CURVE ( 'NONE', #2566, #3264, #689, .T. ) ;
#1251 = CARTESIAN_POINT ( 'NONE',  ( 12.27218578179037856, 60.29827007130311500, -29.83235385554733909 ) ) ;
#1252 = ADVANCED_FACE ( 'NONE', ( #996 ), #2922, .T. ) ;
#1253 = FACE_OUTER_BOUND ( 'NONE', #3016, .T. ) ;
#1254 = VERTEX_POINT ( 'NONE', #1259 ) ;
#1255 = CARTESIAN_POINT ( 'NONE',  ( -9.824803976505592118, 40.95305505793758982, -35.47441589868937228 ) ) ;
#1256 = CARTESIAN_POINT ( 'NONE',  ( -0.7874569999794522879, 12.00000000000000000, 0.000000000000000000 ) ) ;
#1257 = EDGE_CURVE ( 'NONE', #1017, #1278, #1195, .T. ) ;
#1258 = ORIENTED_EDGE ( 'NONE', *, *, #2428, .F. ) ;
#1259 = CARTESIAN_POINT ( 'NONE',  ( -31.11602301920268232, 13.50112674534168633, 35.35830209823701153 ) ) ;
#1260 =( NAMED_UNIT ( * ) SI_UNIT ( $, .STERADIAN. ) SOLID_ANGLE_UNIT ( ) );
#1261 = CARTESIAN_POINT ( 'NONE',  ( -30.91265715751070076, 70.00000000000004263, -7.287030912155889162 ) ) ;
#1262 = EDGE_LOOP ( 'NONE', ( #3118, #1861, #2995, #392 ) ) ;
#1263 = EDGE_CURVE ( 'NONE', #139, #2599, #3619, .T. ) ;
#1264 = DIRECTION ( 'NONE',  ( -0.000000000000000000, -1.000000000000000000, 0.000000000000000000 ) ) ;
#1265 = CARTESIAN_POINT ( 'NONE',  ( 40.55732687439647322, 12.00000000000000888, 14.71803788983243066 ) ) ;
#1266 = DIRECTION ( 'NONE',  ( -0.000000000000000000, -1.000000000000000000, 0.000000000000000000 ) ) ;
#1267 = DIRECTION ( 'NONE',  ( 0.000000000000000000, 1.000000000000000000, -0.000000000000000000 ) ) ;
#1268 = VERTEX_POINT ( 'NONE', #2227 ) ;
#1269 = LINE ( 'NONE', #113, #2953 ) ;
#1270 = CARTESIAN_POINT ( 'NONE',  ( 19.36841780029490323, 50.61748440986362141, 27.88351010194827850 ) ) ;
#1271 = AXIS2_PLACEMENT_3D ( 'NONE', #2880, #419, #1000 ) ;
#1272 = ORIENTED_EDGE ( 'NONE', *, *, #3066, .T. ) ;
#1273 = CARTESIAN_POINT ( 'NONE',  ( -15.71023296033583705, 70.00000000000001421, -27.22853330378248060 ) ) ;
#1274 = DIRECTION ( 'NONE',  ( 0.000000000000000000, 0.000000000000000000, 1.000000000000000000 ) ) ;
#1275 = EDGE_LOOP ( 'NONE', ( #1096, #3820, #2868, #3928, #1443, #3133 ) ) ;
#1276 = DIRECTION ( 'NONE',  ( -0.9981006301490109589, 0.000000000000000000, 0.06160464346254694579 ) ) ;
#1277 = CARTESIAN_POINT ( 'NONE',  ( -30.61981085552679005, 60.29827007130312211, -13.05964278176989346 ) ) ;
#1278 = VERTEX_POINT ( 'NONE', #2844 ) ;
#1279 = PLANE ( 'NONE',  #1534 ) ;
#1280 = CARTESIAN_POINT ( 'NONE',  ( 35.63358946247025472, 40.95305505793759693, 2.924054082286909217 ) ) ;
#1281 = CARTESIAN_POINT ( 'NONE',  ( 55.71608328361311635, 9.000000000000000000, 5.499999999999996447 ) ) ;
#1282 = DIRECTION ( 'NONE',  ( 0.000000000000000000, 1.000000000000000000, 0.000000000000000000 ) ) ;
#1283 = CARTESIAN_POINT ( 'NONE',  ( -39.32488933481027260, 21.63983792066095546, 14.77651676759981747 ) ) ;
#1284 = CIRCLE ( 'NONE', #3589, 40.87384812639312059 ) ;
#1285 = CARTESIAN_POINT ( 'NONE',  ( 26.48981614526533335, 31.28862570601155468, -27.65645285182409197 ) ) ;
#1286 = DIRECTION ( 'NONE',  ( -0.9591803203742629291, 0.000000000000000000, 0.2827951785422207487 ) ) ;
#1287 = CARTESIAN_POINT ( 'NONE',  ( 23.87114039764326634, 70.00000000000002842, 18.73278439002864459 ) ) ;
#1288 = ORIENTED_EDGE ( 'NONE', *, *, #2479, .T. ) ;
#1289 = AXIS2_PLACEMENT_3D ( 'NONE', #3263, #3927, #2685 ) ;
#1290 = CARTESIAN_POINT ( 'NONE',  ( -7.455735657739984923, 60.29827007130302263, -31.92060368195394204 ) ) ;
#1291 = DIRECTION ( 'NONE',  ( 0.9981006301490117361, 0.000000000000000000, 0.06160464346253311657 ) ) ;
#1292 = AXIS2_PLACEMENT_3D ( 'NONE', #3402, #654, #3098 ) ;
#1293 = DIRECTION ( 'NONE',  ( 8.890795533265419554E-16, 0.000000000000000000, -1.000000000000000000 ) ) ;
#1294 = ORIENTED_EDGE ( 'NONE', *, *, #2557, .T. ) ;
#1295 = DIRECTION ( 'NONE',  ( 0.000000000000000000, 0.000000000000000000, -1.000000000000000000 ) ) ;
#1296 = CYLINDRICAL_SURFACE ( 'NONE', #1165, 12.99999999999999289 ) ;
#1297 = CARTESIAN_POINT ( 'NONE',  ( -27.67868236355518974, 31.28862570601154047, -28.01733760114046135 ) ) ;
#1298 = AXIS2_PLACEMENT_3D ( 'NONE', #2963, #875, #3616 ) ;
#1299 = ORIENTED_EDGE ( 'NONE', *, *, #534, .F. ) ;
#1300 = CIRCLE ( 'NONE', #2978, 5.000000000000004441 ) ;
#1301 = CARTESIAN_POINT ( 'NONE',  ( 30.09434120312575089, 12.00000000000000000, -35.43041828348472677 ) ) ;
#1302 = CIRCLE ( 'NONE', #2204, 12.99999999999995559 ) ;
#1303 = CARTESIAN_POINT ( 'NONE',  ( 31.74960235618504001, 60.29827007130320737, 1.319336807527661470 ) ) ;
#1304 = CARTESIAN_POINT ( 'NONE',  ( -23.17712748944124712, 21.63983792066095901, 34.72717226615453967 ) ) ;
#1305 = CARTESIAN_POINT ( 'NONE',  ( -37.92488007719047971, 31.28862570601154758, 11.31635267551098423 ) ) ;
#1306 = ORIENTED_EDGE ( 'NONE', *, *, #239, .F. ) ;
#1307 = ADVANCED_FACE ( 'NONE', ( #3123 ), #874, .T. ) ;
#1308 = CARTESIAN_POINT ( 'NONE',  ( 16.94825805219624115, 50.61748440986363562, -29.52678067069275158 ) ) ;
#1309 = DIRECTION ( 'NONE',  ( 1.734723475976807883E-15, 0.000000000000000000, -1.000000000000000000 ) ) ;
#1310 = ORIENTED_EDGE ( 'NONE', *, *, #888, .F. ) ;
#1311 = CARTESIAN_POINT ( 'NONE',  ( -3.761328353928410362, 12.00000000000000533, -43.90271401461482270 ) ) ;
#1312 = DIRECTION ( 'NONE',  ( 0.000000000000000000, 1.000000000000000000, 0.000000000000000000 ) ) ;
#1313 = DIRECTION ( 'NONE',  ( -0.000000000000000000, -1.000000000000000000, -0.000000000000000000 ) ) ;
#1314 = EDGE_CURVE ( 'NONE', #1593, #2502, #3116, .T. ) ;
#1315 = VERTEX_POINT ( 'NONE', #354 ) ;
#1316 = EDGE_CURVE ( 'NONE', #477, #1957, #1862, .T. ) ;
#1317 = CARTESIAN_POINT ( 'NONE',  ( -58.33827622243513389, 9.000000000000000000, 16.96771071253357732 ) ) ;
#1318 = CARTESIAN_POINT ( 'NONE',  ( -31.69370422466778692, 50.61748440986363562, -15.11797959570762551 ) ) ;
#1319 = ORIENTED_EDGE ( 'NONE', *, *, #680, .T. ) ;
#1320 = LINE ( 'NONE', #3755, #1930 ) ;
#1321 = CARTESIAN_POINT ( 'NONE',  ( 33.17820813338389030, 50.61748440986362141, 5.663513846370552329 ) ) ;
#1322 = CARTESIAN_POINT ( 'NONE',  ( -9.946377695219316806, 60.29827007130313632, 31.25952860019869917 ) ) ;
#1323 = CARTESIAN_POINT ( 'NONE',  ( -33.32625076379569151, 31.28862570601154047, 21.26519728538654519 ) ) ;
#1324 = ORIENTED_EDGE ( 'NONE', *, *, #682, .F. ) ;
#1325 = DIRECTION ( 'NONE',  ( -0.000000000000000000, -1.000000000000000000, 0.000000000000000000 ) ) ;
#1326 = CARTESIAN_POINT ( 'NONE',  ( 14.76627781984243093, 9.000000000000000000, -52.75491762058452849 ) ) ;
#1327 = CARTESIAN_POINT ( 'NONE',  ( 19.51548228023420606, 40.95305505793758982, 30.37817266196266885 ) ) ;
#1328 = EDGE_LOOP ( 'NONE', ( #3252, #2067, #1881, #3222 ) ) ;
#1329 = CARTESIAN_POINT ( 'NONE',  ( -8.523356233325694475, 12.00000000000000533, -43.22889959194299792 ) ) ;
#1330 = DIRECTION ( 'NONE',  ( 0.000000000000000000, 0.000000000000000000, -1.000000000000000000 ) ) ;
#1331 = DIRECTION ( 'NONE',  ( 0.000000000000000000, 0.000000000000000000, -1.000000000000000000 ) ) ;
#1332 = EDGE_CURVE ( 'NONE', #790, #2199, #2419, .T. ) ;
#1333 = ORIENTED_EDGE ( 'NONE', *, *, #66, .T. ) ;
#1334 = DIRECTION ( 'NONE',  ( 0.000000000000000000, 1.000000000000000000, 0.000000000000000000 ) ) ;
#1335 = CARTESIAN_POINT ( 'NONE',  ( -26.48599982841254885, 31.28862570601154047, -29.07163679410181700 ) ) ;
#1336 = ORIENTED_EDGE ( 'NONE', *, *, #846, .T. ) ;
#1337 = EDGE_CURVE ( 'NONE', #3505, #822, #3930, .T. ) ;
#1338 = CARTESIAN_POINT ( 'NONE',  ( 56.76336222247632435, 9.000000000000000000, -16.96771071253321495 ) ) ;
#1339 = CARTESIAN_POINT ( 'NONE',  ( 31.09827441794140412, 60.29827007130294447, 6.618871690276469266 ) ) ;
#1340 = DIRECTION ( 'NONE',  ( 8.893716937745724103E-16, 0.000000000000000000, -1.000000000000000000 ) ) ;
#1341 = DIRECTION ( 'NONE',  ( 0.000000000000000000, 0.000000000000000000, -1.000000000000000000 ) ) ;
#1342 = CARTESIAN_POINT ( 'NONE',  ( -41.13201235552863011, 12.00000000000000178, 17.27219285755083433 ) ) ;
#1343 = TOROIDAL_SURFACE ( 'NONE', #134, 4.999999999999998224, 1.000000000000000000 ) ;
#1344 = VERTEX_POINT ( 'NONE', #3387 ) ;
#1345 = CARTESIAN_POINT ( 'NONE',  ( 34.53707668391567864, 31.28862570601155468, -16.05467188728385608 ) ) ;
#1346 = FACE_OUTER_BOUND ( 'NONE', #190, .T. ) ;
#1347 = CARTESIAN_POINT ( 'NONE',  ( 22.54279591817181583, 50.61748440986362851, 25.28732337249003947 ) ) ;
#1348 = ORIENTED_EDGE ( 'NONE', *, *, #2439, .T. ) ;
#1349 = CIRCLE ( 'NONE', #3073, 47.00247226794736832 ) ;
#1350 = VECTOR ( 'NONE', #3766, 1000.000000000000000 ) ;
#1351 = CARTESIAN_POINT ( 'NONE',  ( 9.243938155808260504, 31.28862570601154758, -37.53969639658393476 ) ) ;
#1352 = DIRECTION ( 'NONE',  ( 0.000000000000000000, 0.000000000000000000, -1.000000000000000000 ) ) ;
#1353 = DIRECTION ( 'NONE',  ( -0.000000000000000000, -1.000000000000000000, -0.000000000000000000 ) ) ;
#1354 = EDGE_CURVE ( 'NONE', #2701, #3505, #3076, .T. ) ;
#1355 = EDGE_LOOP ( 'NONE', ( #2001, #2230, #3458, #1299 ) ) ;
#1356 = CIRCLE ( 'NONE', #1547, 4.999999999999997335 ) ;
#1357 = EDGE_CURVE ( 'NONE', #39, #1908, #1073, .T. ) ;
#1358 = CIRCLE ( 'NONE', #2516, 0.5000000000000004441 ) ;
#1359 = AXIS2_PLACEMENT_3D ( 'NONE', #1, #1825, #2444 ) ;
#1360 = DIRECTION ( 'NONE',  ( 0.000000000000000000, 0.000000000000000000, -1.000000000000000000 ) ) ;
#1361 = CARTESIAN_POINT ( 'NONE',  ( -19.78035225897490434, 12.00000000000000533, -39.60305828962070507 ) ) ;
#1362 = CIRCLE ( 'NONE', #3596, 5.499999999999998224 ) ;
#1363 = CIRCLE ( 'NONE', #2395, 0.9999999999999983347 ) ;
#1364 = ORIENTED_EDGE ( 'NONE', *, *, #2613, .T. ) ;
#1365 = CARTESIAN_POINT ( 'NONE',  ( -0.7874569999794492903, 71.30955278317834711, -34.77556630983301744 ) ) ;
#1366 = CARTESIAN_POINT ( 'NONE',  ( 35.61547020917510054, 21.63983792066095901, 19.52538061534992408 ) ) ;
#1367 = DIRECTION ( 'NONE',  ( 0.000000000000000000, 0.000000000000000000, -1.000000000000000000 ) ) ;
#1368 = DIRECTION ( 'NONE',  ( -0.000000000000000000, -1.000000000000000000, 0.000000000000000000 ) ) ;
#1369 = CARTESIAN_POINT ( 'NONE',  ( -27.25471755098130444, 70.00000000000005684, 16.07631038350301722 ) ) ;
#1370 = AXIS2_PLACEMENT_3D ( 'NONE', #3013, #274, #3288 ) ;
#1371 = ORIENTED_EDGE ( 'NONE', *, *, #557, .F. ) ;
#1372 = TOROIDAL_SURFACE ( 'NONE', #471, 49.00000000000000711, 2.000000000000000000 ) ;
#1373 = EDGE_CURVE ( 'NONE', #2101, #1315, #1577, .T. ) ;
#1374 = CARTESIAN_POINT ( 'NONE',  ( 24.43763539186100076, 40.95305505793759693, -26.46656543096986525 ) ) ;
#1375 = CYLINDRICAL_SURFACE ( 'NONE', #2778, 12.99999999999996980 ) ;
#1376 = CARTESIAN_POINT ( 'NONE',  ( 10.05905861859129402, 60.29827007130304395, 30.75295073019851344 ) ) ;
#1377 = CIRCLE ( 'NONE', #3610, 5.499999999999998224 ) ;
#1378 = CARTESIAN_POINT ( 'NONE',  ( 10.41777499346121694, 71.30955278317834711, -32.99944267329418324 ) ) ;
#1379 = CARTESIAN_POINT ( 'NONE',  ( -7.995059835027091388, 70.00000000000005684, -30.17379247904129969 ) ) ;
#1380 = DIRECTION ( 'NONE',  ( 0.000000000000000000, 1.000000000000000000, 0.000000000000000000 ) ) ;
#1381 = DIRECTION ( 'NONE',  ( 0.000000000000000000, 0.000000000000000000, -1.000000000000000000 ) ) ;
#1382 = VERTEX_POINT ( 'NONE', #1719 ) ;
#1383 = DIRECTION ( 'NONE',  ( 0.000000000000000000, 0.000000000000000000, 1.000000000000000000 ) ) ;
#1384 = APPROVAL_STATUS ( 'not_yet_approved' ) ;
#1385 = CARTESIAN_POINT ( 'NONE',  ( -21.34113677667059505, 12.00000000000000533, -38.77574036150231507 ) ) ;
#1386 = ORIENTED_EDGE ( 'NONE', *, *, #1436, .T. ) ;
#1387 = CARTESIAN_POINT ( 'NONE',  ( -9.271312356246127706, 9.000000000000000000, -28.77540961122787522 ) ) ;
#1388 = CARTESIAN_POINT ( 'NONE',  ( 36.74198254817410003, 12.00000000000000711, 22.82259318496140565 ) ) ;
#1389 = DIRECTION ( 'NONE',  ( 0.2827951785422289088, 0.000000000000000000, 0.9591803203742603756 ) ) ;
#1390 = CARTESIAN_POINT ( 'NONE',  ( -0.7874569999794485131, 77.30000000000002558, 31.00000000000000000 ) ) ;
#1391 = EDGE_CURVE ( 'NONE', #3502, #1344, #2106, .T. ) ;
#1392 = CARTESIAN_POINT ( 'NONE',  ( -30.11569713179816787, 70.00000000000007105, 9.940722679550244578 ) ) ;
#1393 = EDGE_CURVE ( 'NONE', #1268, #2164, #3538, .T. ) ;
#1394 = ORIENTED_EDGE ( 'NONE', *, *, #129, .T. ) ;
#1395 = VECTOR ( 'NONE', #311, 1000.000000000000000 ) ;
#1396 = CARTESIAN_POINT ( 'NONE',  ( 33.89605975291462414, 21.63983792066095546, -22.48061956817400642 ) ) ;
#1397 = CARTESIAN_POINT ( 'NONE',  ( -33.78689967327360222, 71.30955278317834711, -11.20523199344068388 ) ) ;
#1398 = CARTESIAN_POINT ( 'NONE',  ( 15.87342984645838406, 31.28862570601155468, 35.07570951305450535 ) ) ;
#1399 = DIRECTION ( 'NONE',  ( -0.000000000000000000, -1.000000000000000000, -0.000000000000000000 ) ) ;
#1400 = CARTESIAN_POINT ( 'NONE',  ( 14.32370614076627291, 21.63983792066095901, -38.40744572707993143 ) ) ;
#1401 =( BOUNDED_SURFACE ( )  B_SPLINE_SURFACE ( 3, 1, ( 
 ( #124, #2273, #1301 ),
 ( #748, #2293, #2612 ),
 ( #1662, #145, #3506 ),
 ( #1086, #763, #1996 ),
 ( #2535, #3737, #1932 ),
 ( #3148, #399, #1622 ),
 ( #2849, #3292, #3544 ) ),
 .UNSPECIFIED., .T., .F., .F. ) 
 B_SPLINE_SURFACE_WITH_KNOTS ( ( 4, 3, 4 ),
 ( 2, 1, 2 ),
 ( 0.000000000000000000, 0.5000000000000000000, 1.000000000000000000 ),
 ( -0.01000000000000000021, 0.000000000000000000, 1.000000000000000000 ),
 .UNSPECIFIED. ) 
 GEOMETRIC_REPRESENTATION_ITEM ( )  RATIONAL_B_SPLINE_SURFACE ( (
 ( 1.000000000000000000, 1.000000000000000000, 1.000000000000000000),
 ( 0.3333333333333333703, 0.3333333333333333703, 0.3333333333333333703),
 ( 0.3333333333333333703, 0.3333333333333333703, 0.3333333333333333703),
 ( 1.000000000000000000, 1.000000000000000000, 1.000000000000000000),
 ( 0.3333333333333332038, 0.3333333333333332038, 0.3333333333333330373),
 ( 0.3333333333333332038, 0.3333333333333332038, 0.3333333333333330373),
 ( 1.000000000000000000, 1.000000000000000000, 1.000000000000000000) ) ) 
 REPRESENTATION_ITEM ( '' )  SURFACE ( )  );
#1402 = CARTESIAN_POINT ( 'NONE',  ( -0.7874569999794522879, 0.9999999999999991118, 0.000000000000000000 ) ) ;
#1403 = VERTEX_POINT ( 'NONE', #1424 ) ;
#1404 = DIRECTION ( 'NONE',  ( -0.000000000000000000, -1.000000000000000000, -0.000000000000000000 ) ) ;
#1405 = CARTESIAN_POINT ( 'NONE',  ( -26.20007842336431025, 70.00000000000002842, -17.74023707339479472 ) ) ;
#1406 = ORIENTED_EDGE ( 'NONE', *, *, #725, .F. ) ;
#1407 = CYLINDRICAL_SURFACE ( 'NONE', #2783, 5.499999999999996447 ) ;
#1408 = AXIS2_PLACEMENT_3D ( 'NONE', #703, #3465, #1065 ) ;
#1409 = CARTESIAN_POINT ( 'NONE',  ( 30.36598457229778347, 31.28862570601155468, 23.18732613683362942 ) ) ;
#1410 = DIRECTION ( 'NONE',  ( -0.000000000000000000, -1.000000000000000000, 0.000000000000000000 ) ) ;
#1411 = CARTESIAN_POINT ( 'NONE',  ( 55.71608328361311635, 0.9999999999999991118, 0.000000000000000000 ) ) ;
#1412 = CARTESIAN_POINT ( 'NONE',  ( -32.71959985748127764, 60.29827007130325001, 6.367838050819925932 ) ) ;
#1413 = ORIENTED_EDGE ( 'NONE', *, *, #2136, .F. ) ;
#1414 = CARTESIAN_POINT ( 'NONE',  ( 17.65110066682589007, 60.29827007130327132, -26.86478315321617671 ) ) ;
#1415 = CARTESIAN_POINT ( 'NONE',  ( -9.804155154152331519, 71.30955278317834711, 33.66332715539850540 ) ) ;
#1416 = CARTESIAN_POINT ( 'NONE',  ( 10.24061120534419800, 50.61748440986361430, 32.68714732497929987 ) ) ;
#1417 = FACE_OUTER_BOUND ( 'NONE', #1249, .T. ) ;
#1418 = AXIS2_PLACEMENT_3D ( 'NONE', #1894, #3171, #688 ) ;
#1419 = CARTESIAN_POINT ( 'NONE',  ( 21.51385735502325858, 12.00000000000000533, -37.85437343352965911 ) ) ;
#1420 = DIRECTION ( 'NONE',  ( 0.000000000000000000, 1.000000000000000000, -0.000000000000000000 ) ) ;
#1421 = CIRCLE ( 'NONE', #1673, 49.00000000000000711 ) ;
#1422 = EDGE_LOOP ( 'NONE', ( #2682, #1288 ) ) ;
#1423 = CIRCLE ( 'NONE', #2068, 12.99999999999996980 ) ;
#1424 = CARTESIAN_POINT ( 'NONE',  ( -0.7874569999794462927, 9.000000000000000000, 49.00000000000000711 ) ) ;
#1425 = DIRECTION ( 'NONE',  ( 0.000000000000000000, 0.000000000000000000, 1.000000000000000000 ) ) ;
#1426 = ORIENTED_EDGE ( 'NONE', *, *, #95, .F. ) ;
#1427 = DIRECTION ( 'NONE',  ( 0.000000000000000000, 0.000000000000000000, -1.000000000000000000 ) ) ;
#1428 = TOROIDAL_SURFACE ( 'NONE', #328, 11.99999999999999289, 1.000000000000000000 ) ;
#1429 = DIRECTION ( 'NONE',  ( 0.000000000000000000, -1.000000000000000000, 0.000000000000000000 ) ) ;
#1430 = CARTESIAN_POINT ( 'NONE',  ( 29.37171792105583989, 31.28862570601155468, 24.46615788426170468 ) ) ;
#1431 = EDGE_CURVE ( 'NONE', #1922, #3728, #2713, .T. ) ;
#1432 = CARTESIAN_POINT ( 'NONE',  ( -0.7874569999788638697, 9.000000000000000000, 56.50354028359257086 ) ) ;
#1433 = CIRCLE ( 'NONE', #3905, 11.99999999999996980 ) ;
#1434 = CARTESIAN_POINT ( 'NONE',  ( -30.81360194471368885, 70.00000000000007105, 7.672614797768654071 ) ) ;
#1435 = ORIENTED_EDGE ( 'NONE', *, *, #3349, .T. ) ;
#1436 = EDGE_CURVE ( 'NONE', #2540, #2199, #3751, .T. ) ;
#1437 = TOROIDAL_SURFACE ( 'NONE', #3309, 54.99999999999999289, 1.000000000000000000 ) ;
#1438 = CARTESIAN_POINT ( 'NONE',  ( 21.95923243268754632, 70.00000000000005684, -21.01313295239769374 ) ) ;
#1439 = CARTESIAN_POINT ( 'NONE',  ( -5.339511705163691779, 71.30955278317836132, 34.55139995334292280 ) ) ;
#1440 = CARTESIAN_POINT ( 'NONE',  ( 3.553955982556011417, 31.28862570601155468, 38.64477646338970374 ) ) ;
#1441 = ADVANCED_FACE ( 'NONE', ( #181 ), #536, .T. ) ;
#1442 = CARTESIAN_POINT ( 'NONE',  ( -2.472191052022080004, 40.95305505793758982, -36.55241211547468083 ) ) ;
#1443 = ORIENTED_EDGE ( 'NONE', *, *, #2108, .T. ) ;
#1444 = DIRECTION ( 'NONE',  ( -0.000000000000000000, -1.000000000000000000, -0.000000000000000000 ) ) ;
#1445 = DIRECTION ( 'NONE',  ( 9.780464210648284763E-17, 0.6018150231520511539, -0.7986355100472907198 ) ) ;
#1446 = EDGE_CURVE ( 'NONE', #3075, #614, #2900, .T. ) ;
#1447 = ORIENTED_EDGE ( 'NONE', *, *, #1354, .T. ) ;
#1448 = DIRECTION ( 'NONE',  ( 0.000000000000000000, 1.000000000000000000, 0.000000000000000000 ) ) ;
#1449 = CARTESIAN_POINT ( 'NONE',  ( 30.09434120312575089, 12.00000000000000000, -35.43041828348472677 ) ) ;
#1450 = CARTESIAN_POINT ( 'NONE',  ( -0.7874569999796461328, 9.000000000000000000, -62.00354028359257086 ) ) ;
#1451 = CARTESIAN_POINT ( 'NONE',  ( -41.25328567120639889, 21.63983792066095191, 8.251021384783307155 ) ) ;
#1452 = ORIENTED_EDGE ( 'NONE', *, *, #1080, .F. ) ;
#1453 = CARTESIAN_POINT ( 'NONE',  ( 37.73828379084404361, 31.28862570601155468, -4.619790678295161435 ) ) ;
#1454 = CARTESIAN_POINT ( 'NONE',  ( 51.96746062060501714, 0.000000000000000000, 15.55373481982210038 ) ) ;
#1455 = CARTESIAN_POINT ( 'NONE',  ( -16.90976493036963291, 12.00000000000000533, 40.88473325689501081 ) ) ;
#1456 = CARTESIAN_POINT ( 'NONE',  ( 54.44107421516057599, 69.99999999999963052, -19.32929795741047130 ) ) ;
#1457 = CARTESIAN_POINT ( 'NONE',  ( 11.00869161313369382, 60.29827007130311500, -30.32386004776038746 ) ) ;
#1458 = ORIENTED_EDGE ( 'NONE', *, *, #3754, .F. ) ;
#1459 = FACE_OUTER_BOUND ( 'NONE', #3828, .T. ) ;
#1460 = DIRECTION ( 'NONE',  ( 0.000000000000000000, 1.000000000000000000, 0.000000000000000000 ) ) ;
#1461 = ORIENTED_EDGE ( 'NONE', *, *, #1018, .F. ) ;
#1462 = DIRECTION ( 'NONE',  ( 0.000000000000000000, 1.000000000000000000, -0.000000000000000000 ) ) ;
#1463 = CARTESIAN_POINT ( 'NONE',  ( 52.92664094097926863, 0.9999999999999991118, -15.83652999836433040 ) ) ;
#1464 = DIRECTION ( 'NONE',  ( 0.000000000000000000, 0.000000000000000000, -1.000000000000000000 ) ) ;
#1465 = CARTESIAN_POINT ( 'NONE',  ( -31.70196870453168003, 70.00000000000004263, -2.206952078458042088 ) ) ;
#1466 = ORIENTED_EDGE ( 'NONE', *, *, #1805, .F. ) ;
#1467 = CARTESIAN_POINT ( 'NONE',  ( 41.78063596506879662, 12.00000000000000711, -10.77540103048066555 ) ) ;
#1468 = CARTESIAN_POINT ( 'NONE',  ( 3.408855289122447285, 50.61748440986363562, 34.22574318105835545 ) ) ;
#1469 = CARTESIAN_POINT ( 'NONE',  ( -23.28796610650810095, 40.95305505793759693, 28.75273618317009650 ) ) ;
#1470 = CARTESIAN_POINT ( 'NONE',  ( -0.7874569999794460706, 69.71228176308378011, 35.97919635613710909 ) ) ;
#1471 = ORIENTED_EDGE ( 'NONE', *, *, #3555, .F. ) ;
#1472 = CARTESIAN_POINT ( 'NONE',  ( -53.54237462056403274, 0.9999999999999991118, -15.55373481982172557 ) ) ;
#1473 = EDGE_CURVE ( 'NONE', #3697, #1085, #1620, .T. ) ;
#1474 = CARTESIAN_POINT ( 'NONE',  ( -0.7874569999794522879, 76.32394508195261551, 0.000000000000000000 ) ) ;
#1475 = ORIENTED_EDGE ( 'NONE', *, *, #1939, .T. ) ;
#1476 = EDGE_CURVE ( 'NONE', #3742, #1062, #1492, .T. ) ;
#1477 = FACE_OUTER_BOUND ( 'NONE', #107, .T. ) ;
#1478 = CARTESIAN_POINT ( 'NONE',  ( 26.10376836359630914, 31.28862570601155468, 28.01733760114042227 ) ) ;
#1479 = CARTESIAN_POINT ( 'NONE',  ( -0.7874569999794480690, 79.00000000000001421, -34.70000000000000284 ) ) ;
#1480 = CARTESIAN_POINT ( 'NONE',  ( -39.22833229238614905, 12.00000000000000355, -21.24976650112928311 ) ) ;
#1481 = EDGE_LOOP ( 'NONE', ( #1009, #1893, #1745, #3450 ) ) ;
#1482 = CARTESIAN_POINT ( 'NONE',  ( 33.76394295336346119, 71.30955278317834711, -4.552054705184223948 ) ) ;
#1483 = CARTESIAN_POINT ( 'NONE',  ( 32.89131499307112705, 40.95305505793758982, -14.09727154849725572 ) ) ;
#1484 = AXIS2_PLACEMENT_3D ( 'NONE', #3257, #2605, #2937 ) ;
#1485 = DIRECTION ( 'NONE',  ( -0.9981006301490109589, 0.000000000000000000, 0.06160464346254695273 ) ) ;
#1486 = CARTESIAN_POINT ( 'NONE',  ( -14.92909519465994528, 40.95305505793759693, 33.66016662529631276 ) ) ;
#1487 = LOCAL_TIME ( 17, 53, 13.00000000000000000, #2761 ) ;
#1488 = CARTESIAN_POINT ( 'NONE',  ( -23.97478313681307682, 31.28862570601155468, 31.15344157227725930 ) ) ;
#1489 = ADVANCED_FACE ( 'NONE', ( #1040 ), #980, .T. ) ;
#1490 = CIRCLE ( 'NONE', #2079, 55.00000000000000711 ) ;
#1491 = CARTESIAN_POINT ( 'NONE',  ( -12.76466456176775210, 0.9999999999999991118, -57.24279600514305599 ) ) ;
#1492 = CIRCLE ( 'NONE', #278, 3.999999999999998224 ) ;
#1493 = TOROIDAL_SURFACE ( 'NONE', #279, 55.00000000000000711, 1.000000000000000000 ) ;
#1494 = EDGE_LOOP ( 'NONE', ( #1121, #1654, #1912, #26 ) ) ;
#1495 = CIRCLE ( 'NONE', #1692, 2.000000000000001776 ) ;
#1496 = CARTESIAN_POINT ( 'NONE',  ( -0.7874569999794522879, 70.72512164928041045, 0.000000000000000000 ) ) ;
#1497 = DIRECTION ( 'NONE',  ( 0.000000000000000000, 0.000000000000000000, -1.000000000000000000 ) ) ;
#1498 = EDGE_LOOP ( 'NONE', ( #2743, #362, #1661, #2686 ) ) ;
#1499 = DIRECTION ( 'NONE',  ( 0.000000000000000000, 1.000000000000000000, 0.000000000000000000 ) ) ;
#1500 = CARTESIAN_POINT ( 'NONE',  ( 56.51694364862616737, 0.9999999999999991118, 12.97530819193716134 ) ) ;
#1501 = CARTESIAN_POINT ( 'NONE',  ( -33.32490491943469380, 60.29827007130288052, -0.009653369260257012308 ) ) ;
#1502 = EDGE_LOOP ( 'NONE', ( #1155, #3918 ) ) ;
#1503 = DIRECTION ( 'NONE',  ( 0.06160464346254002771, 0.000000000000000000, 0.9981006301490112920 ) ) ;
#1504 = CARTESIAN_POINT ( 'NONE',  ( 39.00519746613191074, 21.63983792066095901, -10.95553692365142417 ) ) ;
#1505 = EDGE_CURVE ( 'NONE', #1586, #1699, #794, .T. ) ;
#1506 = DIRECTION ( 'NONE',  ( -0.000000000000000000, -1.000000000000000000, 0.000000000000000000 ) ) ;
#1507 = CARTESIAN_POINT ( 'NONE',  ( -6.961469826018727325, 60.29827007130315053, 31.98320687848916322 ) ) ;
#1508 = EDGE_CURVE ( 'NONE', #1025, #911, #1558, .T. ) ;
#1509 = CARTESIAN_POINT ( 'NONE',  ( -25.33863757129928729, 31.28862570601155468, 30.10263355821062348 ) ) ;
#1510 = DIRECTION ( 'NONE',  ( 0.000000000000000000, 0.000000000000000000, -1.000000000000000000 ) ) ;
#1511 = CARTESIAN_POINT ( 'NONE',  ( -0.7874569999794522879, 76.32394508195261551, -41.10000000000000142 ) ) ;
#1512 = EDGE_CURVE ( 'NONE', #254, #3161, #2086, .T. ) ;
#1513 = ORIENTED_EDGE ( 'NONE', *, *, #2142, .F. ) ;
#1514 = CARTESIAN_POINT ( 'NONE',  ( 12.18785119195746525, 8.000000000000000000, -57.30440064860566451 ) ) ;
#1515 = CARTESIAN_POINT ( 'NONE',  ( -0.7874569999794522879, 0.9999999999999991118, 0.000000000000000000 ) ) ;
#1516 = VERTEX_POINT ( 'NONE', #121 ) ;
#1517 = DIRECTION ( 'NONE',  ( 0.9591803203742633732, 0.000000000000000000, 0.2827951785422191389 ) ) ;
#1518 = DIRECTION ( 'NONE',  ( 0.000000000000000000, 0.000000000000000000, -1.000000000000000000 ) ) ;
#1519 = CARTESIAN_POINT ( 'NONE',  ( -39.88972875063893042, 21.63983792066095901, -13.31358107242914457 ) ) ;
#1520 = ORIENTED_EDGE ( 'NONE', *, *, #2557, .F. ) ;
#1521 = FACE_OUTER_BOUND ( 'NONE', #3745, .T. ) ;
#1522 = CARTESIAN_POINT ( 'NONE',  ( 30.37248201214384125, 50.61748440986362141, -14.63293895528015121 ) ) ;
#1523 = CARTESIAN_POINT ( 'NONE',  ( -0.7874569999794522879, 77.30000000000002558, 31.50000000000000000 ) ) ;
#1524 = CARTESIAN_POINT ( 'NONE',  ( -4.163318045524590616, 21.63983792066095901, 41.22685677250224501 ) ) ;
#1525 = CARTESIAN_POINT ( 'NONE',  ( -26.70168385826175594, 31.28862570601155468, 28.87954320501735950 ) ) ;
#1526 = FACE_OUTER_BOUND ( 'NONE', #3362, .T. ) ;
#1527 = CARTESIAN_POINT ( 'NONE',  ( 25.44647994808274660, 50.61748440986362141, 22.26050261730143021 ) ) ;
#1528 = DIRECTION ( 'NONE',  ( 0.9591803203742652606, 0.000000000000000000, 0.2827951785422127551 ) ) ;
#1529 = EDGE_LOOP ( 'NONE', ( #144, #3634, #2493, #1239 ) ) ;
#1530 = ADVANCED_FACE ( 'NONE', ( #3227 ), #1659, .F. ) ;
#1531 = AXIS2_PLACEMENT_3D ( 'NONE', #3853, #68, #285 ) ;
#1532 = CARTESIAN_POINT ( 'NONE',  ( -0.7874569999794561737, 69.99999999999981526, -34.00000000000009948 ) ) ;
#1533 = ORIENTED_EDGE ( 'NONE', *, *, #928, .F. ) ;
#1534 = AXIS2_PLACEMENT_3D ( 'NONE', #3390, #3107, #3698 ) ;
#1535 = CARTESIAN_POINT ( 'NONE',  ( -0.7874569999794522879, 76.32394508195261551, 0.000000000000000000 ) ) ;
#1536 = CARTESIAN_POINT ( 'NONE',  ( -33.32529348272566949, 60.29827007130288052, 1.300030069007130695 ) ) ;
#1537 = VERTEX_POINT ( 'NONE', #3801 ) ;
#1538 = CARTESIAN_POINT ( 'NONE',  ( -0.7874569999794447384, 69.99999999999981526, 34.00000000000009948 ) ) ;
#1539 = TOROIDAL_SURFACE ( 'NONE', #3647, 11.99999999999996980, 1.000000000000000000 ) ;
#1540 = AXIS2_PLACEMENT_3D ( 'NONE', #2874, #3818, #138 ) ;
#1541 = EDGE_CURVE ( 'NONE', #603, #863, #598, .T. ) ;
#1542 = CARTESIAN_POINT ( 'NONE',  ( 31.75037948276699495, 60.29827007130320737, -1.300030069007114486 ) ) ;
#1543 = DIRECTION ( 'NONE',  ( 0.000000000000000000, 0.000000000000000000, -1.000000000000000000 ) ) ;
#1544 = CARTESIAN_POINT ( 'NONE',  ( 16.18025371255351175, 0.000000000000000000, -57.55081922245584991 ) ) ;
#1545 = CARTESIAN_POINT ( 'NONE',  ( -28.78882212310140432, 21.63983792066095191, 30.38416346505952248 ) ) ;
#1546 = EDGE_CURVE ( 'NONE', #1516, #1858, #2019, .T. ) ;
#1547 = AXIS2_PLACEMENT_3D ( 'NONE', #1209, #2440, #2483 ) ;
#1548 = AXIS2_PLACEMENT_3D ( 'NONE', #3163, #2240, #1592 ) ;
#1549 = CARTESIAN_POINT ( 'NONE',  ( -53.54237462056403274, 0.000000000000000000, -15.55373481982172557 ) ) ;
#1550 = VECTOR ( 'NONE', #675, 1000.000000000000000 ) ;
#1551 = AXIS2_PLACEMENT_3D ( 'NONE', #2945, #2867, #1341 ) ;
#1552 = ADVANCED_FACE ( 'NONE', ( #475 ), #1700, .F. ) ;
#1553 = CARTESIAN_POINT ( 'NONE',  ( -13.76276519191595860, 8.000000000000000000, 57.30440064860575688 ) ) ;
#1554 = CIRCLE ( 'NONE', #2586, 4.999999999999997335 ) ;
#1555 = VERTEX_POINT ( 'NONE', #3838 ) ;
#1556 = TOROIDAL_SURFACE ( 'NONE', #3790, 54.99999999999999289, 1.000000000000000000 ) ;
#1557 = LINE ( 'NONE', #632, #3086 ) ;
#1558 = CIRCLE ( 'NONE', #2143, 11.99999999999999289 ) ;
#1559 = CARTESIAN_POINT ( 'NONE',  ( -0.7874569999796461328, 0.9999999999999991118, -56.50354028359257086 ) ) ;
#1560 = VECTOR ( 'NONE', #1984, 1000.000000000000000 ) ;
#1561 = ORIENTED_EDGE ( 'NONE', *, *, #3391, .T. ) ;
#1562 = DIRECTION ( 'NONE',  ( -0.9591803203742638173, 0.000000000000000000, 0.2827951785422175290 ) ) ;
#1563 = CARTESIAN_POINT ( 'NONE',  ( -29.88105788653807338, 31.28862570601155468, -25.67367439317210653 ) ) ;
#1564 = SHAPE_DEFINITION_REPRESENTATION ( #432, #3335 ) ;
#1565 = CIRCLE ( 'NONE', #343, 45.00000000000000000 ) ;
#1566 = FACE_BOUND ( 'NONE', #2815, .T. ) ;
#1567 = CARTESIAN_POINT ( 'NONE',  ( 30.04951419158753367, 69.99999999999998579, -2.836343482692876616 ) ) ;
#1568 = CARTESIAN_POINT ( 'NONE',  ( 56.45533900516362280, 8.000000000000000000, -11.97720756178815904 ) ) ;
#1569 = CARTESIAN_POINT ( 'NONE',  ( -24.84803054278972212, 70.00000000000002842, 19.52224250858916932 ) ) ;
#1570 = EDGE_LOOP ( 'NONE', ( #3732, #3004, #1471, #1739 ) ) ;
#1571 = CARTESIAN_POINT ( 'NONE',  ( 32.06234650961543053, 12.00000000000000355, -29.10158418929129098 ) ) ;
#1572 = CARTESIAN_POINT ( 'NONE',  ( 24.63021341651080220, 21.63983792066095546, 32.51801299808303725 ) ) ;
#1573 = ORIENTED_EDGE ( 'NONE', *, *, #2930, .F. ) ;
#1574 = CARTESIAN_POINT ( 'NONE',  ( -16.22361111800999822, 21.63983792066095901, -38.31219145830051076 ) ) ;
#1575 = CARTESIAN_POINT ( 'NONE',  ( -12.76466456176775033, 0.000000000000000000, -57.24279600514305599 ) ) ;
#1576 = DIRECTION ( 'NONE',  ( 0.000000000000000000, 0.000000000000000000, -1.000000000000000000 ) ) ;
#1577 = CIRCLE ( 'NONE', #2291, 5.499999999999996447 ) ;
#1578 = ORIENTED_EDGE ( 'NONE', *, *, #3861, .T. ) ;
#1579 = CARTESIAN_POINT ( 'NONE',  ( -0.7874569999794522879, 8.000000000000000000, 0.000000000000000000 ) ) ;
#1580 = CARTESIAN_POINT ( 'NONE',  ( -29.40655255079377994, 60.29827007130314342, -15.48008333802415670 ) ) ;
#1581 = EDGE_LOOP ( 'NONE', ( #1672, #2691 ) ) ;
#1582 = LINE ( 'NONE', #1222, #1217 ) ;
#1583 = CARTESIAN_POINT ( 'NONE',  ( 38.01317221529262724, 31.28862570601155468, -0.2938399087233771190 ) ) ;
#1584 = CARTESIAN_POINT ( 'NONE',  ( -28.09998540846088844, 12.00000000000000533, 34.40031039620368603 ) ) ;
#1585 = CARTESIAN_POINT ( 'NONE',  ( -43.66708596719126945, 12.00000000000000711, 9.346080064906928442 ) ) ;
#1586 = VERTEX_POINT ( 'NONE', #1824 ) ;
#1587 = CARTESIAN_POINT ( 'NONE',  ( 23.76372357134039248, 31.28862570601155468, -30.10263355821062348 ) ) ;
#1588 = CARTESIAN_POINT ( 'NONE',  ( -53.54237462056403274, 8.000000000000000000, -15.55373481982172557 ) ) ;
#1589 = CIRCLE ( 'NONE', #1408, 40.87384812639312059 ) ;
#1590 = ORIENTED_EDGE ( 'NONE', *, *, #3608, .F. ) ;
#1591 = CARTESIAN_POINT ( 'NONE',  ( -11.82743662209679414, 70.00000000000001421, -28.93237782424009197 ) ) ;
#1592 = DIRECTION ( 'NONE',  ( 0.000000000000000000, 0.000000000000000000, -1.000000000000000000 ) ) ;
#1593 = VERTEX_POINT ( 'NONE', #1122 ) ;
#1594 = DIRECTION ( 'NONE',  ( 0.000000000000000000, 1.000000000000000000, -0.000000000000000000 ) ) ;
#1595 = PERSON_AND_ORGANIZATION ( #1906, #2195 ) ;
#1596 = CARTESIAN_POINT ( 'NONE',  ( -31.94089857225668894, 31.28862570601155468, -23.18732613683368271 ) ) ;
#1597 = EDGE_CURVE ( 'NONE', #264, #2287, #3027, .T. ) ;
#1598 = ORIENTED_EDGE ( 'NONE', *, *, #516, .T. ) ;
#1599 = FACE_BOUND ( 'NONE', #3622, .T. ) ;
#1600 = CARTESIAN_POINT ( 'NONE',  ( 33.42380851630161942, 50.61748440986362141, -3.878716792847588746 ) ) ;
#1601 = DIRECTION ( 'NONE',  ( -0.000000000000000000, -1.000000000000000000, 0.000000000000000000 ) ) ;
#1602 = DIRECTION ( 'NONE',  ( 0.000000000000000000, 0.000000000000000000, -1.000000000000000000 ) ) ;
#1603 = CARTESIAN_POINT ( 'NONE',  ( -39.79259312963044692, 21.63983792066095546, 13.55673651565660620 ) ) ;
#1604 = CONICAL_SURFACE ( 'NONE', #2128, 34.00000000000000000, 0.9250245035569910623 ) ;
#1605 = ORIENTED_EDGE ( 'NONE', *, *, #2850, .T. ) ;
#1606 = TOROIDAL_SURFACE ( 'NONE', #3843, 55.00000000000000711, 1.000000000000000000 ) ;
#1607 = CARTESIAN_POINT ( 'NONE',  ( 30.68882041218575196, 12.00000000000000355, -30.65201739328396968 ) ) ;
#1608 = DIRECTION ( 'NONE',  ( 0.000000000000000000, 1.000000000000000000, 0.000000000000000000 ) ) ;
#1609 = CARTESIAN_POINT ( 'NONE',  ( 23.56065044385695018, 50.61748440986362851, 24.34824400974684622 ) ) ;
#1610 = EDGE_CURVE ( 'NONE', #2032, #2447, #3418, .T. ) ;
#1611 = ORIENTED_EDGE ( 'NONE', *, *, #2666, .F. ) ;
#1612 = CARTESIAN_POINT ( 'NONE',  ( -10.57720252288841678, 31.28862570601155468, -37.54645192278051269 ) ) ;
#1613 = FACE_OUTER_BOUND ( 'NONE', #1481, .T. ) ;
#1614 = CIRCLE ( 'NONE', #3656, 0.9999999999999973355 ) ;
#1615 = DIRECTION ( 'NONE',  ( 0.000000000000000000, 0.000000000000000000, 1.000000000000000000 ) ) ;
#1616 = ORIENTED_EDGE ( 'NONE', *, *, #646, .F. ) ;
#1617 = CARTESIAN_POINT ( 'NONE',  ( -0.7874569999794522879, 9.000000000000000000, 0.000000000000000000 ) ) ;
#1618 = APPROVAL_DATE_TIME ( #3802, #613 ) ;
#1619 = CARTESIAN_POINT ( 'NONE',  ( -30.04904628207364681, 60.29827007130313632, -14.29226095459216594 ) ) ;
#1620 = CIRCLE ( 'NONE', #3164, 4.000000000000003553 ) ;
#1621 = EDGE_LOOP ( 'NONE', ( #452, #3768 ) ) ;
#1622 = CARTESIAN_POINT ( 'NONE',  ( -40.76649536384367423, 12.00000000000000000, -97.19401468969523705 ) ) ;
#1623 = CARTESIAN_POINT ( 'NONE',  ( 38.31481475068000009, 21.63983792066095901, 13.31358107242913213 ) ) ;
#1624 = CARTESIAN_POINT ( 'NONE',  ( -0.7874569999796461328, 0.000000000000000000, -56.50354028359257086 ) ) ;
#1625 = DIRECTION ( 'NONE',  ( 0.000000000000000000, 0.000000000000000000, 1.000000000000000000 ) ) ;
#1626 = CARTESIAN_POINT ( 'NONE',  ( -40.58011146609081266, 21.63983792066095901, 10.95553692365141707 ) ) ;
#1627 = ORIENTED_EDGE ( 'NONE', *, *, #1787, .F. ) ;
#1628 = DIRECTION ( 'NONE',  ( -8.840417714112594792E-16, 0.000000000000000000, -1.000000000000000000 ) ) ;
#1629 = ADVANCED_FACE ( 'NONE', ( #3632 ), #2650, .F. ) ;
#1630 = DIRECTION ( 'NONE',  ( 0.000000000000000000, 0.000000000000000000, -1.000000000000000000 ) ) ;
#1631 = CARTESIAN_POINT ( 'NONE',  ( 25.32765934767284577, 70.00000000000002842, 16.69066713933541024 ) ) ;
#1632 = EDGE_LOOP ( 'NONE', ( #398, #2611, #2697, #2374 ) ) ;
#1633 = CARTESIAN_POINT ( 'NONE',  ( -20.02246756526479032, 60.29827007130280236, -26.27214261278946594 ) ) ;
#1634 = DIRECTION ( 'NONE',  ( 0.000000000000000000, 0.000000000000000000, -1.000000000000000000 ) ) ;
#1635 = FACE_OUTER_BOUND ( 'NONE', #1262, .T. ) ;
#1636 = ADVANCED_FACE ( 'NONE', ( #2408 ), #1175, .T. ) ;
#1637 = VERTEX_POINT ( 'NONE', #1798 ) ;
#1638 = B_SPLINE_CURVE_WITH_KNOTS ( 'NONE', 3,
 ( #1174, #2346, #3558, #2421, #3573, #2938 ),
 .UNSPECIFIED., .F., .F.,
 ( 4, 2, 4 ),
 ( -0.007556181127852586513, 0.4893104609084630852, 0.9861771029447787829 ),
 .UNSPECIFIED. ) ;
#1639 = CARTESIAN_POINT ( 'NONE',  ( -57.29099728357201826, 0.000000000000000000, 3.945621129574694455E-13 ) ) ;
#1640 = CARTESIAN_POINT ( 'NONE',  ( -24.87105508834320489, 21.63983792066095901, -33.56078922029805511 ) ) ;
#1641 = ORIENTED_EDGE ( 'NONE', *, *, #2489, .F. ) ;
#1642 = PLANE ( 'NONE',  #3512 ) ;
#1643 = CARTESIAN_POINT ( 'NONE',  ( 29.92742949025942423, 40.95305505793759693, 19.79653301678495225 ) ) ;
#1644 = CARTESIAN_POINT ( 'NONE',  ( -0.7874569999794522879, 11.00000000000000000, 0.000000000000000000 ) ) ;
#1645 = CARTESIAN_POINT ( 'NONE',  ( -0.7874569999794522879, 77.80000000000002558, 0.000000000000000000 ) ) ;
#1646 = CARTESIAN_POINT ( 'NONE',  ( -29.75651156343418435, 50.61748440986362141, 18.56187766012289231 ) ) ;
#1647 = EDGE_CURVE ( 'NONE', #1077, #3425, #3912, .T. ) ;
#1648 = ORIENTED_EDGE ( 'NONE', *, *, #198, .F. ) ;
#1649 = CARTESIAN_POINT ( 'NONE',  ( 39.55709835556972109, 12.00000000000000888, -17.27219285755083789 ) ) ;
#1650 = CARTESIAN_POINT ( 'NONE',  ( -35.33885695332236310, 71.30955278317834711, 4.552054705184227501 ) ) ;
#1651 = CARTESIAN_POINT ( 'NONE',  ( 25.17878288826820565, 40.95305505793758982, 25.66606970570160584 ) ) ;
#1652 = ADVANCED_FACE ( 'NONE', ( #2111 ), #2698, .T. ) ;
#1653 = EDGE_CURVE ( 'NONE', #1085, #2180, #860, .T. ) ;
#1654 = ORIENTED_EDGE ( 'NONE', *, *, #1734, .T. ) ;
#1655 = CARTESIAN_POINT ( 'NONE',  ( -13.61979720969150520, 40.95305505793758982, -34.20676192988754138 ) ) ;
#1656 = DIRECTION ( 'NONE',  ( 0.000000000000000000, 0.6018150231520511539, 0.7986355100472907198 ) ) ;
#1657 = DIRECTION ( 'NONE',  ( 0.000000000000000000, 0.000000000000000000, -1.000000000000000000 ) ) ;
#1658 = ORIENTED_EDGE ( 'NONE', *, *, #239, .T. ) ;
#1659 = CYLINDRICAL_SURFACE ( 'NONE', #918, 5.499999999999998224 ) ;
#1660 = CARTESIAN_POINT ( 'NONE',  ( -26.75369688822708980, 40.95305505793758272, -25.66606970570163782 ) ) ;
#1661 = ORIENTED_EDGE ( 'NONE', *, *, #2520, .T. ) ;
#1662 = CARTESIAN_POINT ( 'NONE',  ( 55.15239822531030001, 70.57999999999999829, 51.20106372158235075 ) ) ;
#1663 = CARTESIAN_POINT ( 'NONE',  ( 31.46781737903793541, 40.95305505793759693, 17.17277631389927350 ) ) ;
#1664 = CARTESIAN_POINT ( 'NONE',  ( -0.7874569999794488462, 13.50112674534168633, 3.469446951953614189E-15 ) ) ;
#1665 = ADVANCED_FACE ( 'NONE', ( #3860 ), #2719, .F. ) ;
#1666 = CARTESIAN_POINT ( 'NONE',  ( -34.80247423918309124, 50.61748440986364983, 5.169915549258656817 ) ) ;
#1667 = AXIS2_PLACEMENT_3D ( 'NONE', #2622, #3833, #2323 ) ;
#1668 = EDGE_LOOP ( 'NONE', ( #1981, #1364, #621, #1887 ) ) ;
#1669 = CARTESIAN_POINT ( 'NONE',  ( 40.97894101032883896, 12.00000000000000711, -13.47515455161522979 ) ) ;
#1670 = FACE_OUTER_BOUND ( 'NONE', #1014, .T. ) ;
#1671 = CARTESIAN_POINT ( 'NONE',  ( 6.259168747749238371, 31.28862570601154758, 38.26168447239940917 ) ) ;
#1672 = ORIENTED_EDGE ( 'NONE', *, *, #3762, .T. ) ;
#1673 = AXIS2_PLACEMENT_3D ( 'NONE', #2487, #3731, #1576 ) ;
#1674 = CARTESIAN_POINT ( 'NONE',  ( -0.9366809321487821194, 70.00000000000002842, -30.96677847047402921 ) ) ;
#1675 = DIRECTION ( 'NONE',  ( 0.000000000000000000, 1.000000000000000000, -0.000000000000000000 ) ) ;
#1676 = FACE_OUTER_BOUND ( 'NONE', #87, .T. ) ;
#1677 = VECTOR ( 'NONE', #1445, 1000.000000000000000 ) ;
#1678 = ORIENTED_EDGE ( 'NONE', *, *, #2734, .F. ) ;
#1679 = CIRCLE ( 'NONE', #3080, 4.000000000000003553 ) ;
#1680 = ADVANCED_FACE ( 'NONE', ( #1459 ), #1690, .T. ) ;
#1681 = EDGE_CURVE ( 'NONE', #911, #2447, #2400, .T. ) ;
#1682 = CARTESIAN_POINT ( 'NONE',  ( -0.7874569999794522879, 79.00000000000001421, 34.70000000000000284 ) ) ;
#1683 = CARTESIAN_POINT ( 'NONE',  ( -27.27460784919621517, 60.29827007130327843, -18.89752497523534203 ) ) ;
#1684 = AXIS2_PLACEMENT_3D ( 'NONE', #1664, #1109, #3864 ) ;
#1685 = AXIS2_PLACEMENT_3D ( 'NONE', #3109, #2770, #339 ) ;
#1686 = EDGE_LOOP ( 'NONE', ( #1306, #330 ) ) ;
#1687 = FACE_OUTER_BOUND ( 'NONE', #310, .T. ) ;
#1688 = CARTESIAN_POINT ( 'NONE',  ( 37.65341829242722582, 12.00000000000000711, 21.24976650112926890 ) ) ;
#1689 = CARTESIAN_POINT ( 'NONE',  ( -41.49206066239293023, 21.63983792066095191, 6.827472404239884440 ) ) ;
#1690 = CONICAL_SURFACE ( 'NONE', #2202, 34.00000000000000000, 0.9250245035569910623 ) ;
#1691 = ORIENTED_EDGE ( 'NONE', *, *, #291, .F. ) ;
#1692 = AXIS2_PLACEMENT_3D ( 'NONE', #570, #302, #1756 ) ;
#1693 = CARTESIAN_POINT ( 'NONE',  ( 19.02752648198206487, 60.29827007130328553, -25.80798403417821874 ) ) ;
#1694 = DIRECTION ( 'NONE',  ( 0.000000000000000000, 0.000000000000000000, -1.000000000000000000 ) ) ;
#1695 = CARTESIAN_POINT ( 'NONE',  ( 16.01135571742191743, 50.61748440986361430, 30.02581082761064124 ) ) ;
#1696 = CARTESIAN_POINT ( 'NONE',  ( 8.229241154193418950, 71.30955278317834711, -33.66332715539849829 ) ) ;
#1697 = CARTESIAN_POINT ( 'NONE',  ( 16.37210324621052848, 21.63983792066095901, -37.60151702624015968 ) ) ;
#1698 = CARTESIAN_POINT ( 'NONE',  ( -58.33827622243534705, 0.9999999999999991118, -16.96771071253278507 ) ) ;
#1699 = VERTEX_POINT ( 'NONE', #2997 ) ;
#1700 = CYLINDRICAL_SURFACE ( 'NONE', #335, 5.499999999999996447 ) ;
#1701 = CARTESIAN_POINT ( 'NONE',  ( -16.58164408263744249, 12.00000000000000533, -40.94576226355301429 ) ) ;
#1702 = ORIENTED_EDGE ( 'NONE', *, *, #503, .T. ) ;
#1703 = DIRECTION ( 'NONE',  ( -0.000000000000000000, -1.000000000000000000, 0.000000000000000000 ) ) ;
#1704 = CARTESIAN_POINT ( 'NONE',  ( 30.44012728481198593, 60.29827007130294447, 9.238360798560234954 ) ) ;
#1705 = DIRECTION ( 'NONE',  ( 0.000000000000000000, 1.000000000000000000, -0.000000000000000000 ) ) ;
#1706 = CARTESIAN_POINT ( 'NONE',  ( -41.90033597843302715, 21.63983792066096257, 3.934904484552140147 ) ) ;
#1707 = ORIENTED_EDGE ( 'NONE', *, *, #3079, .T. ) ;
#1708 = AXIS2_PLACEMENT_3D ( 'NONE', #2181, #63, #1276 ) ;
#1709 = CARTESIAN_POINT ( 'NONE',  ( 35.12698062620521000, 21.63983792066095901, -20.48778980332730271 ) ) ;
#1710 = CARTESIAN_POINT ( 'NONE',  ( -23.76808148411115340, 71.30955278317836132, -26.19945303043904516 ) ) ;
#1711 = CARTESIAN_POINT ( 'NONE',  ( 13.40101391548041398, 12.00000000000000888, 41.56514214914740535 ) ) ;
#1712 = EDGE_CURVE ( 'NONE', #1278, #3106, #2574, .T. ) ;
#1713 = CARTESIAN_POINT ( 'NONE',  ( -0.7874569999794492903, 71.30955278317834711, -34.77556630983301744 ) ) ;
#1714 = CARTESIAN_POINT ( 'NONE',  ( 5.165358663642423132, 12.00000000000000711, -43.57907561013005449 ) ) ;
#1715 = DIRECTION ( 'NONE',  ( -0.000000000000000000, -1.000000000000000000, 0.000000000000000000 ) ) ;
#1716 = PRODUCT ( 'kkk k03 vband adapter', 'kkk k03 vband adapter', '', ( #3694 ) ) ;
#1717 = CARTESIAN_POINT ( 'NONE',  ( -0.7874569999788638697, 0.000000000000000000, 56.50354028359257086 ) ) ;
#1718 = VERTEX_POINT ( 'NONE', #2684 ) ;
#1719 = CARTESIAN_POINT ( 'NONE',  ( -16.34119181980166502, 0.000000000000000000, -52.75491762058445033 ) ) ;
#1720 = CARTESIAN_POINT ( 'NONE',  ( -22.75749102130214396, 31.28862570601156179, -31.98269492233118427 ) ) ;
#1721 = DIRECTION ( 'NONE',  ( 0.000000000000000000, 0.000000000000000000, -1.000000000000000000 ) ) ;
#1722 = ORIENTED_EDGE ( 'NONE', *, *, #1546, .T. ) ;
#1723 = FACE_OUTER_BOUND ( 'NONE', #3463, .T. ) ;
#1724 = DIRECTION ( 'NONE',  ( 0.000000000000000000, 0.000000000000000000, -1.000000000000000000 ) ) ;
#1725 = CARTESIAN_POINT ( 'NONE',  ( 32.60014705701679105, 50.61748440986362141, 8.426724890077611718 ) ) ;
#1726 = EDGE_CURVE ( 'NONE', #1858, #1382, #2952, .T. ) ;
#1727 = FACE_OUTER_BOUND ( 'NONE', #409, .T. ) ;
#1728 = CARTESIAN_POINT ( 'NONE',  ( -39.31319779080295973, 31.28862570601156889, 4.619790678295167652 ) ) ;
#1729 = ORIENTED_EDGE ( 'NONE', *, *, #933, .T. ) ;
#1730 = CARTESIAN_POINT ( 'NONE',  ( 22.37955263481257262, 50.61748440986363562, -25.43696304890268323 ) ) ;
#1731 = CARTESIAN_POINT ( 'NONE',  ( -11.99268899342013661, 71.30955278317834711, 32.99944267329415482 ) ) ;
#1732 = CARTESIAN_POINT ( 'NONE',  ( 2.186414353969541313, 12.00000000000000711, 43.90271401461479428 ) ) ;
#1733 = CIRCLE ( 'NONE', #13, 1.000000000000000666 ) ;
#1734 = EDGE_CURVE ( 'NONE', #687, #2238, #2066, .T. ) ;
#1735 = CARTESIAN_POINT ( 'NONE',  ( 13.35418119470105758, 40.95305505793758982, -33.66016662529631276 ) ) ;
#1736 = LINE ( 'NONE', #220, #591 ) ;
#1737 = ADVANCED_FACE ( 'NONE', ( #1742 ), #1140, .F. ) ;
#1738 = CIRCLE ( 'NONE', #3770, 46.58359629797354273 ) ;
#1739 = ORIENTED_EDGE ( 'NONE', *, *, #1939, .F. ) ;
#1740 = AXIS2_PLACEMENT_3D ( 'NONE', #1173, #2405, #1510 ) ;
#1741 = PRODUCT_RELATED_PRODUCT_CATEGORY ( 'detail', '', ( #1716 ) ) ;
#1742 = FACE_OUTER_BOUND ( 'NONE', #2110, .T. ) ;
#1743 = DIRECTION ( 'NONE',  ( 0.000000000000000000, 0.000000000000000000, -1.000000000000000000 ) ) ;
#1744 = AXIS2_PLACEMENT_3D ( 'NONE', #2656, #1705, #2596 ) ;
#1745 = ORIENTED_EDGE ( 'NONE', *, *, #2322, .T. ) ;
#1746 = TOROIDAL_SURFACE ( 'NONE', #1484, 4.999999999999998224, 1.000000000000000000 ) ;
#1747 = DIRECTION ( 'NONE',  ( -0.000000000000000000, -1.000000000000000000, -0.000000000000000000 ) ) ;
#1748 = CIRCLE ( 'NONE', #2699, 40.88737781898662149 ) ;
#1749 = CARTESIAN_POINT ( 'NONE',  ( 39.19158136388475810, 12.00000000000000178, 97.19401468969513758 ) ) ;
#1750 = CARTESIAN_POINT ( 'NONE',  ( -53.54237462056384089, 1.000000000000000000, 15.55373481982241302 ) ) ;
#1751 = AXIS2_PLACEMENT_3D ( 'NONE', #1068, #1089, #2553 ) ;
#1752 = CARTESIAN_POINT ( 'NONE',  ( -44.56994117621489693, 12.00000000000000000, 3.385491774932345876 ) ) ;
#1753 = ORIENTED_EDGE ( 'NONE', *, *, #2142, .T. ) ;
#1754 = AXIS2_PLACEMENT_3D ( 'NONE', #1846, #1594, #1909 ) ;
#1755 = CARTESIAN_POINT ( 'NONE',  ( 37.56952431401133197, 31.28862570601155468, -6.027123675220220633 ) ) ;
#1756 = DIRECTION ( 'NONE',  ( 0.000000000000000000, 0.000000000000000000, 1.000000000000000000 ) ) ;
#1757 = CARTESIAN_POINT ( 'NONE',  ( 14.13531896037695468, 70.00000000000000000, 27.22853330378246639 ) ) ;
#1758 = CARTESIAN_POINT ( 'NONE',  ( -0.7874569999794522879, 77.80000000000002558, 34.20000000000000284 ) ) ;
#1759 = AXIS2_PLACEMENT_3D ( 'NONE', #2771, #2478, #2280 ) ;
#1760 = CARTESIAN_POINT ( 'NONE',  ( 2.588404045565718015, 21.63983792066095901, -41.22685677250225922 ) ) ;
#1761 = CARTESIAN_POINT ( 'NONE',  ( -53.54237462056384089, 8.000000000000000000, 15.55373481982242190 ) ) ;
#1762 = DIRECTION ( 'NONE',  ( -0.000000000000000000, -1.000000000000000000, 0.000000000000000000 ) ) ;
#1763 = AXIS2_PLACEMENT_3D ( 'NONE', #3929, #1499, #2427 ) ;
#1764 = VERTEX_POINT ( 'NONE', #1765 ) ;
#1765 = CARTESIAN_POINT ( 'NONE',  ( -0.7874569999794522879, 0.9999999999999991118, -44.00000000000000000 ) ) ;
#1766 = CARTESIAN_POINT ( 'NONE',  ( -17.75516771251200865, 0.9999999999999991118, 57.55081922245597070 ) ) ;
#1767 = ORIENTED_EDGE ( 'NONE', *, *, #3445, .T. ) ;
#1768 = DIRECTION ( 'NONE',  ( 0.000000000000000000, -1.000000000000000000, -0.000000000000000000 ) ) ;
#1769 = CARTESIAN_POINT ( 'NONE',  ( -75.58170498031658724, 70.00000000000001421, 13.63159818421299185 ) ) ;
#1770 = DIRECTION ( 'NONE',  ( 0.000000000000000000, 0.000000000000000000, -1.000000000000000000 ) ) ;
#1771 = CARTESIAN_POINT ( 'NONE',  ( -35.85383456962633630, 40.95305505793759693, -10.16572241480773897 ) ) ;
#1772 = ORIENTED_EDGE ( 'NONE', *, *, #3281, .T. ) ;
#1773 = CARTESIAN_POINT ( 'NONE',  ( 30.21936512830541588, 60.29827007130301553, -9.933545211025059274 ) ) ;
#1774 = CARTESIAN_POINT ( 'NONE',  ( 4.592658410423076099, 70.00000000000001421, 30.49619639876578958 ) ) ;
#1775 = CARTESIAN_POINT ( 'NONE',  ( -10.55531208152385680, 70.00000000000002842, 29.41457990779374398 ) ) ;
#1776 = CARTESIAN_POINT ( 'NONE',  ( 24.47334441871877786, 21.63983792066095901, -32.64002221858795849 ) ) ;
#1777 = ADVANCED_FACE ( 'NONE', ( #3598 ), #1539, .T. ) ;
#1778 = CARTESIAN_POINT ( 'NONE',  ( -0.7874569999794522879, 75.91478253581945523, 0.000000000000000000 ) ) ;
#1779 = ADVANCED_FACE ( 'NONE', ( #2095 ), #17, .F. ) ;
#1780 = ORIENTED_EDGE ( 'NONE', *, *, #66, .F. ) ;
#1781 = DIRECTION ( 'NONE',  ( 0.000000000000000000, 0.000000000000000000, -1.000000000000000000 ) ) ;
#1782 = CARTESIAN_POINT ( 'NONE',  ( -0.7874569999794488462, 12.00000000000000355, 3.469446951953614189E-15 ) ) ;
#1783 = ORIENTED_EDGE ( 'NONE', *, *, #2206, .T. ) ;
#1784 = DIRECTION ( 'NONE',  ( 0.06160464346254002771, 0.000000000000000000, -0.9981006301490112920 ) ) ;
#1785 = CARTESIAN_POINT ( 'NONE',  ( 26.47497692514441070, 60.29827007130305816, 17.81087263270340770 ) ) ;
#1786 = CARTESIAN_POINT ( 'NONE',  ( -58.03025300512244655, 0.000000000000000000, 11.97720756178852497 ) ) ;
#1787 = EDGE_CURVE ( 'NONE', #3122, #1976, #899, .T. ) ;
#1788 = CARTESIAN_POINT ( 'NONE',  ( -35.18763717451635387, 50.61748440986363562, -1.514901453617925275 ) ) ;
#1789 = AXIS2_PLACEMENT_3D ( 'NONE', #3000, #2352, #1784 ) ;
#1790 = ORIENTED_EDGE ( 'NONE', *, *, #2751, .T. ) ;
#1791 = CARTESIAN_POINT ( 'NONE',  ( 33.76394295336345408, 71.30955278317837553, 4.552054705184226613 ) ) ;
#1792 = CARTESIAN_POINT ( 'NONE',  ( 40.50294320293281203, 21.63983792066095901, -0.9247390350045268104 ) ) ;
#1793 = DIRECTION ( 'NONE',  ( 0.000000000000000000, 1.000000000000000000, 0.000000000000000000 ) ) ;
#1794 = CARTESIAN_POINT ( 'NONE',  ( -14.57343039909726734, 12.00000000000000533, 41.74775528312927264 ) ) ;
#1795 = CARTESIAN_POINT ( 'NONE',  ( -0.7874569999796461328, 8.000000000000000000, -69.50354028359254244 ) ) ;
#1796 = CARTESIAN_POINT ( 'NONE',  ( -0.7874569999794522879, 76.00000000000001421, 0.000000000000000000 ) ) ;
#1797 = EDGE_LOOP ( 'NONE', ( #2226, #3341, #514, #1324 ) ) ;
#1798 = CARTESIAN_POINT ( 'NONE',  ( -12.76466456176695985, 9.000000000000000000, 57.24279600514320521 ) ) ;
#1799 = FACE_OUTER_BOUND ( 'NONE', #2561, .T. ) ;
#1800 = TOROIDAL_SURFACE ( 'NONE', #3588, 5.000000000000001776, 1.000000000000000000 ) ;
#1801 = AXIS2_PLACEMENT_3D ( 'NONE', #1796, #3010, #269 ) ;
#1802 = VERTEX_POINT ( 'NONE', #3942 ) ;
#1803 = CARTESIAN_POINT ( 'NONE',  ( -0.7874569999794472919, 75.90493774471548249, -40.87384812639312059 ) ) ;
#1804 = EDGE_CURVE ( 'NONE', #1403, #2214, #1421, .T. ) ;
#1805 = EDGE_CURVE ( 'NONE', #3425, #1077, #1349, .T. ) ;
#1806 =( BOUNDED_CURVE ( )  B_SPLINE_CURVE ( 3, ( #1532, #681, #368, #1238 ),
 .UNSPECIFIED., .F., .F. ) 
 B_SPLINE_CURVE_WITH_KNOTS ( ( 4, 4 ),
 ( 0.9375825232023441425, 1.000000000000000000 ),
 .UNSPECIFIED. ) 
 CURVE ( )  GEOMETRIC_REPRESENTATION_ITEM ( )  RATIONAL_B_SPLINE_CURVE ( ( 0.7814976240876371216, 0.8439425722989927214, 0.9167766976031136439, 1.000000000000000000 ) ) 
 REPRESENTATION_ITEM ( '' )  );
#1807 = LINE ( 'NONE', #262, #3659 ) ;
#1808 = CARTESIAN_POINT ( 'NONE',  ( -37.78865756302228363, 31.28862570601155468, -11.79068974676108184 ) ) ;
#1809 = EDGE_LOOP ( 'NONE', ( #820, #443, #2534, #2618 ) ) ;
#1810 = TOROIDAL_SURFACE ( 'NONE', #1233, 40.60000000000021458, 0.5000000000000000000 ) ;
#1811 = DIRECTION ( 'NONE',  ( 1.387778780781446464E-15, 0.000000000000000000, -1.000000000000000000 ) ) ;
#1812 = CARTESIAN_POINT ( 'NONE',  ( 26.27106462348930904, 60.29827007130288763, -18.10244003431192183 ) ) ;
#1813 = CIRCLE ( 'NONE', #3216, 5.499999999999998224 ) ;
#1814 = DIRECTION ( 'NONE',  ( 0.000000000000000000, 0.000000000000000000, -1.000000000000000000 ) ) ;
#1815 = CARTESIAN_POINT ( 'NONE',  ( -2.289794586235379459, 70.00000000000004263, 30.97473708018973326 ) ) ;
#1816 = CARTESIAN_POINT ( 'NONE',  ( -30.15745781566991468, 21.63983792066095191, 28.99796873629536620 ) ) ;
#1817 = VERTEX_POINT ( 'NONE', #3121 ) ;
#1818 = CARTESIAN_POINT ( 'NONE',  ( 13.04276229469945569, 50.61748440986363562, -31.53616304117615954 ) ) ;
#1819 = CARTESIAN_POINT ( 'NONE',  ( -0.7874569999794522879, 8.000000000000000000, 0.000000000000000000 ) ) ;
#1820 = AXIS2_PLACEMENT_3D ( 'NONE', #3771, #1953, #803 ) ;
#1821 = CIRCLE ( 'NONE', #2020, 3.999999999999996447 ) ;
#1822 = VERTEX_POINT ( 'NONE', #994 ) ;
#1823 = AXIS2_PLACEMENT_3D ( 'NONE', #3150, #360, #1625 ) ;
#1824 = CARTESIAN_POINT ( 'NONE',  ( -0.7874569999794522879, 79.50000000000001421, 34.70000000000000284 ) ) ;
#1825 = DIRECTION ( 'NONE',  ( 0.000000000000000000, 1.000000000000000000, 0.000000000000000000 ) ) ;
#1826 = ORIENTED_EDGE ( 'NONE', *, *, #1431, .F. ) ;
#1827 = DIRECTION ( 'NONE',  ( 0.000000000000000000, 0.000000000000000000, -1.000000000000000000 ) ) ;
#1828 = LINE ( 'NONE', #1450, #2774 ) ;
#1829 = CALENDAR_DATE ( 2026, 21, 9 ) ;
#1830 = CARTESIAN_POINT ( 'NONE',  ( -39.19774442354201227, 31.28862570601156889, -5.704416569054284736 ) ) ;
#1831 = ORIENTED_EDGE ( 'NONE', *, *, #3281, .F. ) ;
#1832 = DIRECTION ( 'NONE',  ( -0.000000000000000000, -1.000000000000000000, -0.000000000000000000 ) ) ;
#1833 = CARTESIAN_POINT ( 'NONE',  ( 39.67837167124750408, 21.63983792066095901, -8.251021384783310708 ) ) ;
#1834 = DIRECTION ( 'NONE',  ( -0.000000000000000000, -1.000000000000000000, -0.000000000000000000 ) ) ;
#1835 = CARTESIAN_POINT ( 'NONE',  ( -19.03837032838102417, 12.00000000000000533, 39.91135121271359765 ) ) ;
#1836 = CARTESIAN_POINT ( 'NONE',  ( -19.22601466678474580, 60.29827007130300132, 26.86478315321625843 ) ) ;
#1837 = CARTESIAN_POINT ( 'NONE',  ( 55.71608328361311635, 9.000000000000000000, -5.499999999999996447 ) ) ;
#1838 = DIRECTION ( 'NONE',  ( -0.9591803203742604866, 0.000000000000000000, 0.2827951785422290198 ) ) ;
#1839 = EDGE_LOOP ( 'NONE', ( #3793, #1826, #2919, #3750 ) ) ;
#1840 = LINE ( 'NONE', #3381, #661 ) ;
#1841 = DIRECTION ( 'NONE',  ( -1.000000000000000000, 0.000000000000000000, 0.000000000000000000 ) ) ;
#1842 = ORIENTED_EDGE ( 'NONE', *, *, #3446, .T. ) ;
#1843 = EDGE_CURVE ( 'NONE', #2756, #3425, #842, .T. ) ;
#1844 = EDGE_CURVE ( 'NONE', #3126, #3697, #1160, .T. ) ;
#1845 = ADVANCED_FACE ( 'NONE', ( #2784 ), #1100, .T. ) ;
#1846 = CARTESIAN_POINT ( 'NONE',  ( -58.33827622243513389, 0.000000000000000000, 16.96771071253357732 ) ) ;
#1847 = APPLICATION_PROTOCOL_DEFINITION ( 'international standard', 'config_control_design', 1994, #1956 ) ;
#1848 = CARTESIAN_POINT ( 'NONE',  ( -37.26707134363587670, 40.95305505793760403, -1.493480970770971306 ) ) ;
#1849 = EDGE_LOOP ( 'NONE', ( #1199, #1729, #877, #1831 ) ) ;
#1850 = CARTESIAN_POINT ( 'NONE',  ( -0.7874569999794522879, 79.50000000000001421, 0.000000000000000000 ) ) ;
#1851 = EDGE_CURVE ( 'NONE', #1254, #2258, #1738, .T. ) ;
#1852 = CARTESIAN_POINT ( 'NONE',  ( 35.62036622725840829, 40.95305505793758982, -2.731877728991009224 ) ) ;
#1853 = CARTESIAN_POINT ( 'NONE',  ( -0.7874569999794522879, 79.50000000000001421, 0.000000000000000000 ) ) ;
#1854 = CARTESIAN_POINT ( 'NONE',  ( -12.78683772507800676, 31.28862570601155468, 36.89972942457868044 ) ) ;
#1855 = CARTESIAN_POINT ( 'NONE',  ( -32.05798855392893643, 31.28862570601154758, 23.06537558013543077 ) ) ;
#1856 = CARTESIAN_POINT ( 'NONE',  ( 27.90859813484583185, 12.00000000000000533, -33.20464143225263598 ) ) ;
#1857 = CARTESIAN_POINT ( 'NONE',  ( -0.7874569999794461816, 10.30410846793376756, 35.01730587563331198 ) ) ;
#1858 = VERTEX_POINT ( 'NONE', #327 ) ;
#1859 = ADVANCED_FACE ( 'NONE', ( #1905 ), #1800, .T. ) ;
#1860 = DIRECTION ( 'NONE',  ( -1.000000000000000000, -0.000000000000000000, -0.000000000000000000 ) ) ;
#1861 = ORIENTED_EDGE ( 'NONE', *, *, #218, .T. ) ;
#1862 = LINE ( 'NONE', #3442, #1395 ) ;
#1863 = CARTESIAN_POINT ( 'NONE',  ( -28.80730132653906850, 12.00000000000000711, -33.82629031389825514 ) ) ;
#1864 = ORIENTED_EDGE ( 'NONE', *, *, #3891, .T. ) ;
#1865 = DIRECTION ( 'NONE',  ( 0.000000000000000000, 0.000000000000000000, -1.000000000000000000 ) ) ;
#1866 = AXIS2_PLACEMENT_3D ( 'NONE', #2505, #3708, #1293 ) ;
#1867 = VECTOR ( 'NONE', #101, 1000.000000000000000 ) ;
#1868 = CARTESIAN_POINT ( 'NONE',  ( 43.02605782394451239, 12.00000000000000888, 3.027040169324872743 ) ) ;
#1869 = DIRECTION ( 'NONE',  ( 0.9981006301490117361, 0.000000000000000000, 0.06160464346253311657 ) ) ;
#1870 = CARTESIAN_POINT ( 'NONE',  ( -16.51777562535239596, 40.95305505793759693, 32.99271467510489941 ) ) ;
#1871 = CARTESIAN_POINT ( 'NONE',  ( -30.34402895722639926, 50.61748440986362141, 17.64495407354470302 ) ) ;
#1872 = EDGE_LOOP ( 'NONE', ( #1452, #2118 ) ) ;
#1873 = CIRCLE ( 'NONE', #2070, 11.99999999999995559 ) ;
#1874 = FACE_OUTER_BOUND ( 'NONE', #991, .T. ) ;
#1875 = CIRCLE ( 'NONE', #785, 5.499999999999996447 ) ;
#1876 = DIRECTION ( 'NONE',  ( -0.2827951785422206932, 3.327825238896380389E-15, -0.9591803203742629291 ) ) ;
#1877 = CARTESIAN_POINT ( 'NONE',  ( 19.89522326346327219, 31.28862570601156179, 32.86702333576803170 ) ) ;
#1878 = AXIS2_PLACEMENT_3D ( 'NONE', #3310, #2706, #298 ) ;
#1879 = DIRECTION ( 'NONE',  ( 0.000000000000000000, 1.000000000000000000, -0.000000000000000000 ) ) ;
#1880 = AXIS2_PLACEMENT_3D ( 'NONE', #2655, #2967, #2146 ) ;
#1881 = ORIENTED_EDGE ( 'NONE', *, *, #2222, .F. ) ;
#1882 = CARTESIAN_POINT ( 'NONE',  ( -16.07891737643164021, 31.28862570601155468, -35.69195773543467709 ) ) ;
#1883 = CARTESIAN_POINT ( 'NONE',  ( -0.7874569999796461328, 0.000000000000000000, -62.00354028359257086 ) ) ;
#1884 = AXIS2_PLACEMENT_3D ( 'NONE', #560, #1444, #241 ) ;
#1885 = CARTESIAN_POINT ( 'NONE',  ( -0.7874569999794468478, 0.9999999999999991118, 44.00000000000000000 ) ) ;
#1886 = CIRCLE ( 'NONE', #2902, 1.000000000000000222 ) ;
#1887 = ORIENTED_EDGE ( 'NONE', *, *, #2247, .T. ) ;
#1888 = DIRECTION ( 'NONE',  ( 0.000000000000000000, -1.000000000000000000, 0.000000000000000000 ) ) ;
#1889 = DIRECTION ( 'NONE',  ( -0.000000000000000000, 1.000000000000000000, -0.000000000000000000 ) ) ;
#1890 = CARTESIAN_POINT ( 'NONE',  ( -29.76891247748385183, 70.00000000000001421, -10.98593698740747371 ) ) ;
#1891 = APPROVAL_DATE_TIME ( #3696, #566 ) ;
#1892 = AXIS2_PLACEMENT_3D ( 'NONE', #3592, #2092, #3304 ) ;
#1893 = ORIENTED_EDGE ( 'NONE', *, *, #3851, .T. ) ;
#1894 = CARTESIAN_POINT ( 'NONE',  ( -0.7874569999794522879, 0.9999999999999991118, 0.000000000000000000 ) ) ;
#1895 = CARTESIAN_POINT ( 'NONE',  ( 35.25534192540164469, 40.95305505793759693, 5.823177285340377374 ) ) ;
#1896 = DIRECTION ( 'NONE',  ( 0.000000000000000000, 1.000000000000000000, -0.000000000000000000 ) ) ;
#1897 = FACE_OUTER_BOUND ( 'NONE', #1849, .T. ) ;
#1898 = CARTESIAN_POINT ( 'NONE',  ( -38.34414234454088444, 21.63983792066095191, 17.16111389874879833 ) ) ;
#1899 = FACE_OUTER_BOUND ( 'NONE', #1112, .T. ) ;
#1900 = DIRECTION ( 'NONE',  ( -1.000000000000000000, 0.000000000000000000, 0.000000000000000000 ) ) ;
#1901 = ORIENTED_EDGE ( 'NONE', *, *, #2056, .F. ) ;
#1902 = CARTESIAN_POINT ( 'NONE',  ( -12.35479946529619966, 40.95305505793758982, -34.62931325282148975 ) ) ;
#1903 = DIRECTION ( 'NONE',  ( -0.000000000000000000, -1.000000000000000000, 0.000000000000000000 ) ) ;
#1904 = EDGE_CURVE ( 'NONE', #477, #3862, #387, .T. ) ;
#1905 = FACE_OUTER_BOUND ( 'NONE', #631, .T. ) ;
#1906 = PERSON ( 'UNSPECIFIED', 'UNSPECIFIED', 'UNSPECIFIED', ('UNSPECIFIED'), ('UNSPECIFIED'), ('UNSPECIFIED') ) ;
#1907 = AXIS2_PLACEMENT_3D ( 'NONE', #618, #1888, #3055 ) ;
#1908 = VERTEX_POINT ( 'NONE', #1514 ) ;
#1909 = DIRECTION ( 'NONE',  ( -1.387778780781446464E-15, 0.000000000000000000, -1.000000000000000000 ) ) ;
#1910 = CARTESIAN_POINT ( 'NONE',  ( -38.31689654813302326, 12.00000000000000533, -22.82259318496142342 ) ) ;
#1911 = CALENDAR_DATE ( 2026, 21, 9 ) ;
#1912 = ORIENTED_EDGE ( 'NONE', *, *, #1139, .T. ) ;
#1913 = CYLINDRICAL_SURFACE ( 'NONE', #3692, 44.00000000000000000 ) ;
#1914 = B_SPLINE_CURVE_WITH_KNOTS ( 'NONE', 3,
 ( #881, #3515, #3534, #2582, #265, #3217, #2102, #3331, #795, #2025, #2935, #2916, #2343, #133, #2890, #1791, #1186, #1058, #1482, #2282, #2415, #3498, #3239, #755, #1117, #2710, #3607, #1986, #489, #1378, #1696, #2603, #3199, #1713 ),
 .UNSPECIFIED., .F., .F.,
 ( 4, 2, 2, 2, 2, 2, 2, 2, 2, 2, 2, 2, 2, 2, 2, 2, 4 ),
 ( 0.000000000000000000, 0.03124999999999999306, 0.06250000000000000000, 0.09375000000000000000, 0.1250000000000000278, 0.1562500000000000278, 0.1875000000000000000, 0.2187500000000000278, 0.2500000000000000555, 0.2812500000000000555, 0.3125000000000000555, 0.3437500000000000555, 0.3750000000000000000, 0.4062500000000000000, 0.4375000000000000000, 0.4687500000000000000, 0.5000000000000000000 ),
 .UNSPECIFIED. ) ;
#1915 = EDGE_CURVE ( 'NONE', #1105, #2885, #2737, .T. ) ;
#1916 = CARTESIAN_POINT ( 'NONE',  ( 33.49620000260902941, 50.61748440986362851, 2.894872553093192469 ) ) ;
#1917 = CARTESIAN_POINT ( 'NONE',  ( -54.50155494093828423, 9.000000000000000000, -15.83652999836393604 ) ) ;
#1918 = DESIGN_CONTEXT ( 'detailed design', #1956, 'design' ) ;
#1919 = CARTESIAN_POINT ( 'NONE',  ( -34.47958071836462324, 31.28862570601154047, 19.24619361686908192 ) ) ;
#1920 = ORIENTED_EDGE ( 'NONE', *, *, #919, .T. ) ;
#1921 = CARTESIAN_POINT ( 'NONE',  ( 10.27706880212480556, 70.00000000000002842, -28.95990520216516728 ) ) ;
#1922 = VERTEX_POINT ( 'NONE', #616 ) ;
#1923 = CARTESIAN_POINT ( 'NONE',  ( -18.99894416344758596, 60.29827007130280947, -26.96344461662218350 ) ) ;
#1924 = CARTESIAN_POINT ( 'NONE',  ( 16.18025371255351175, 9.000000000000000000, -57.55081922245584991 ) ) ;
#1925 = CARTESIAN_POINT ( 'NONE',  ( -0.7874569999794522879, 10.90058692399052909, 0.000000000000000000 ) ) ;
#1926 = ORIENTED_EDGE ( 'NONE', *, *, #3672, .T. ) ;
#1927 = CARTESIAN_POINT ( 'NONE',  ( -12.76466456176694741, 8.000000000000000000, 57.24279600514320521 ) ) ;
#1928 = CARTESIAN_POINT ( 'NONE',  ( -33.73059305073598324, 40.95305505793758982, -15.81261471897288118 ) ) ;
#1929 = ORIENTED_EDGE ( 'NONE', *, *, #1653, .F. ) ;
#1930 = VECTOR ( 'NONE', #3127, 1000.000000000000000 ) ;
#1931 = EDGE_CURVE ( 'NONE', #2028, #1718, #1806, .T. ) ;
#1932 = CARTESIAN_POINT ( 'NONE',  ( -102.5300917700541561, 12.00000000000000000, -26.33317812272575509 ) ) ;
#1933 = CARTESIAN_POINT ( 'NONE',  ( 37.01448384819426707, 31.28862570601156179, 8.751482017587562723 ) ) ;
#1934 = FACE_OUTER_BOUND ( 'NONE', #3784, .T. ) ;
#1935 = CARTESIAN_POINT ( 'NONE',  ( -43.97862196935482615, 12.00000000000000711, 7.916759099333200211 ) ) ;
#1936 = AXIS2_PLACEMENT_3D ( 'NONE', #743, #778, #1381 ) ;
#1937 = ORIENTED_EDGE ( 'NONE', *, *, #1844, .T. ) ;
#1938 = AXIS2_PLACEMENT_3D ( 'NONE', #3202, #451, #1081 ) ;
#1939 = EDGE_CURVE ( 'NONE', #790, #3075, #140, .T. ) ;
#1940 = CARTESIAN_POINT ( 'NONE',  ( 33.43587260704510555, 12.00000000000000355, -27.55115098529861228 ) ) ;
#1941 = DIRECTION ( 'NONE',  ( 0.000000000000000000, 0.000000000000000000, -1.000000000000000000 ) ) ;
#1942 = CIRCLE ( 'NONE', #2455, 0.5000000000000004441 ) ;
#1943 = ORIENTED_EDGE ( 'NONE', *, *, #95, .T. ) ;
#1944 = CIRCLE ( 'NONE', #3594, 5.499999999999998224 ) ;
#1945 = CARTESIAN_POINT ( 'NONE',  ( -14.97592791543928570, 12.00000000000000533, -41.56514214914744088 ) ) ;
#1946 = DIRECTION ( 'NONE',  ( 0.9981006301490112920, 0.000000000000000000, 0.06160464346254002771 ) ) ;
#1947 = CIRCLE ( 'NONE', #3651, 56.00000000000000711 ) ;
#1948 = FACE_OUTER_BOUND ( 'NONE', #3897, .T. ) ;
#1949 = LOCAL_TIME ( 17, 53, 13.00000000000000000, #1243 ) ;
#1950 = ORIENTED_EDGE ( 'NONE', *, *, #1018, .T. ) ;
#1951 = AXIS2_PLACEMENT_3D ( 'NONE', #2078, #3002, #1770 ) ;
#1952 = ADVANCED_FACE ( 'NONE', ( #2469 ), #3842, .T. ) ;
#1953 = DIRECTION ( 'NONE',  ( -0.000000000000000000, -1.000000000000000000, 0.000000000000000000 ) ) ;
#1954 = PERSON_AND_ORGANIZATION_ROLE ( 'design_supplier' ) ;
#1955 = CARTESIAN_POINT ( 'NONE',  ( -29.26389195106788321, 70.00000000000001421, -12.16783830833462687 ) ) ;
#1956 = APPLICATION_CONTEXT ( 'configuration controlled 3d designs of mechanical parts and assemblies' ) ;
#1957 = VERTEX_POINT ( 'NONE', #1885 ) ;
#1958 = FACE_BOUND ( 'NONE', #3543, .T. ) ;
#1959 = CARTESIAN_POINT ( 'NONE',  ( 30.11879022470888145, 50.61748440986363562, 15.11797959570759531 ) ) ;
#1960 = DIRECTION ( 'NONE',  ( 0.06160464346254002771, 0.000000000000000000, -0.9981006301490112920 ) ) ;
#1961 = CARTESIAN_POINT ( 'NONE',  ( -29.53243806843994079, 60.29827007130292316, 15.28746347590233690 ) ) ;
#1962 = EDGE_LOOP ( 'NONE', ( #976, #3715, #3345, #3925 ) ) ;
#1963 = CARTESIAN_POINT ( 'NONE',  ( 15.73445748614218509, 70.00000000000007105, -26.19141039223795175 ) ) ;
#1964 = CARTESIAN_POINT ( 'NONE',  ( -22.00019745610888933, 71.30955278317834711, 27.65031795686523353 ) ) ;
#1965 = EDGE_CURVE ( 'NONE', #3330, #2756, #2381, .T. ) ;
#1966 = ORIENTED_EDGE ( 'NONE', *, *, #1476, .F. ) ;
#1967 = CARTESIAN_POINT ( 'NONE',  ( -14.88780091618948553, 40.95305505793759693, -33.70599067326460130 ) ) ;
#1968 = DIRECTION ( 'NONE',  ( 0.000000000000000000, 0.000000000000000000, -1.000000000000000000 ) ) ;
#1969 = DIRECTION ( 'NONE',  ( 0.000000000000000000, 0.000000000000000000, -1.000000000000000000 ) ) ;
#1970 = ORIENTED_EDGE ( 'NONE', *, *, #739, .F. ) ;
#1971 = EDGE_CURVE ( 'NONE', #2636, #710, #517, .T. ) ;
#1972 = DIRECTION ( 'NONE',  ( -0.000000000000000000, -1.000000000000000000, -0.000000000000000000 ) ) ;
#1973 = CALENDAR_DATE ( 2026, 21, 9 ) ;
#1974 = CARTESIAN_POINT ( 'NONE',  ( -24.59020461149899006, 40.95305505793760403, -27.72330525932058620 ) ) ;
#1975 = ADVANCED_FACE ( 'NONE', ( #1676 ), #1604, .T. ) ;
#1976 = VERTEX_POINT ( 'NONE', #1758 ) ;
#1977 = DIRECTION ( 'NONE',  ( -0.000000000000000000, -1.000000000000000000, 0.000000000000000000 ) ) ;
#1978 = CARTESIAN_POINT ( 'NONE',  ( 29.48887440822106498, 50.61748440986363562, 16.40573989673627864 ) ) ;
#1979 = DIRECTION ( 'NONE',  ( 0.000000000000000000, 0.000000000000000000, 1.000000000000000000 ) ) ;
#1980 = CARTESIAN_POINT ( 'NONE',  ( -28.34354903553209226, 70.00000000000001421, 14.17409913376182296 ) ) ;
#1981 = ORIENTED_EDGE ( 'NONE', *, *, #1982, .F. ) ;
#1982 = EDGE_CURVE ( 'NONE', #710, #1922, #2565, .T. ) ;
#1983 = CARTESIAN_POINT ( 'NONE',  ( 27.10963260902870431, 40.95305505793759693, -23.63338239092460213 ) ) ;
#1984 = DIRECTION ( 'NONE',  ( -0.000000000000000000, -1.000000000000000000, -0.000000000000000000 ) ) ;
#1985 = CARTESIAN_POINT ( 'NONE',  ( 15.35593748943932191, 60.29827007130298711, 28.27523922646067689 ) ) ;
#1986 = CARTESIAN_POINT ( 'NONE',  ( 16.64034150017621982, 71.30955278317834711, -30.17933531761139676 ) ) ;
#1987 = EDGE_CURVE ( 'NONE', #1718, #210, #2218, .T. ) ;
#1988 = CARTESIAN_POINT ( 'NONE',  ( 11.76550076400860867, 40.95305505793758982, -34.32761857548772610 ) ) ;
#1989 = DIRECTION ( 'NONE',  ( 0.000000000000000000, 0.000000000000000000, 1.000000000000000000 ) ) ;
#1990 = DIRECTION ( 'NONE',  ( -0.000000000000000000, -1.000000000000000000, 0.000000000000000000 ) ) ;
#1991 = CIRCLE ( 'NONE', #61, 0.9999999999999998890 ) ;
#1992 = ORIENTED_EDGE ( 'NONE', *, *, #3146, .T. ) ;
#1993 = DIRECTION ( 'NONE',  ( 0.000000000000000000, 0.000000000000000000, -1.000000000000000000 ) ) ;
#1994 = CARTESIAN_POINT ( 'NONE',  ( -22.28499632793385743, 40.95305505793760403, -29.54671303550066952 ) ) ;
#1995 = ORIENTED_EDGE ( 'NONE', *, *, #2108, .F. ) ;
#1996 = CARTESIAN_POINT ( 'NONE',  ( -31.66925520308466702, 12.00000000000000000, 35.43041828348471967 ) ) ;
#1997 = CARTESIAN_POINT ( 'NONE',  ( 35.66866354413448903, 31.28862570601155468, 13.28632546139139592 ) ) ;
#1998 = CARTESIAN_POINT ( 'NONE',  ( 14.76627781984314325, 8.000000000000000000, 52.75491762058432954 ) ) ;
#1999 = DIRECTION ( 'NONE',  ( -0.000000000000000000, 1.000000000000000000, -0.000000000000000000 ) ) ;
#2000 = CARTESIAN_POINT ( 'NONE',  ( -37.19528022721731730, 40.95305505793761114, 2.731877728991019882 ) ) ;
#2001 = ORIENTED_EDGE ( 'NONE', *, *, #532, .T. ) ;
#2002 = CARTESIAN_POINT ( 'NONE',  ( 37.28227154003118216, 21.63983792066095901, -15.99629701954302696 ) ) ;
#2003 = CARTESIAN_POINT ( 'NONE',  ( -0.7874569999796461328, 9.000000000000000000, -56.50354028359257086 ) ) ;
#2004 = CARTESIAN_POINT ( 'NONE',  ( 10.16760433195265101, 21.63983792066095191, 39.82361579550483555 ) ) ;
#2005 = AXIS2_PLACEMENT_3D ( 'NONE', #3645, #1153, #859 ) ;
#2006 = DIRECTION ( 'NONE',  ( 0.000000000000000000, 0.000000000000000000, -1.000000000000000000 ) ) ;
#2007 = CARTESIAN_POINT ( 'NONE',  ( 4.803708692829362192, 31.28862570601154758, -38.39679720482611458 ) ) ;
#2008 = DIRECTION ( 'NONE',  ( 0.000000000000000000, 0.000000000000000000, 1.000000000000000000 ) ) ;
#2009 = TOROIDAL_SURFACE ( 'NONE', #1169, 55.00000000000000711, 1.000000000000000000 ) ;
#2010 = ORIENTED_EDGE ( 'NONE', *, *, #1512, .T. ) ;
#2011 = CIRCLE ( 'NONE', #2072, 4.000000000000003553 ) ;
#2012 = DIRECTION ( 'NONE',  ( -0.000000000000000000, -1.000000000000000000, 0.000000000000000000 ) ) ;
#2013 = CALENDAR_DATE ( 2026, 21, 9 ) ;
#2014 = CARTESIAN_POINT ( 'NONE',  ( -21.09039628019308665, 40.95305505793759693, -30.37817266196270793 ) ) ;
#2015 = ORIENTED_EDGE ( 'NONE', *, *, #3226, .T. ) ;
#2016 = DIRECTION ( 'NONE',  ( -0.000000000000000000, -1.000000000000000000, -0.000000000000000000 ) ) ;
#2017 = CARTESIAN_POINT ( 'NONE',  ( 34.72168189185784826, 12.00000000000000711, 25.85402575315817231 ) ) ;
#2018 = CARTESIAN_POINT ( 'NONE',  ( -34.60622596210564694, 50.61748440986364983, 6.461114305669708457 ) ) ;
#2019 = CIRCLE ( 'NONE', #1051, 4.000000000000003553 ) ;
#2020 = AXIS2_PLACEMENT_3D ( 'NONE', #2654, #1462, #2051 ) ;
#2021 = ORIENTED_EDGE ( 'NONE', *, *, #3859, .T. ) ;
#2022 = CARTESIAN_POINT ( 'NONE',  ( 34.78650564583227833, 12.00000000000000178, -25.80665433883615378 ) ) ;
#2023 = CARTESIAN_POINT ( 'NONE',  ( -0.7874569999794484021, 77.80000000000002558, -31.50000000000000000 ) ) ;
#2024 = CARTESIAN_POINT ( 'NONE',  ( 11.75418792106959032, 31.28862570601154758, 36.74849316784274578 ) ) ;
#2025 = CARTESIAN_POINT ( 'NONE',  ( 25.41199603045958710, 71.30955278317837553, 22.98062448413170955 ) ) ;
#2026 = CARTESIAN_POINT ( 'NONE',  ( -1.528999848336790146, 60.29827007130316474, -32.58738225701829094 ) ) ;
#2027 = DIRECTION ( 'NONE',  ( 0.000000000000000000, 1.000000000000000000, 0.000000000000000000 ) ) ;
#2028 = VERTEX_POINT ( 'NONE', #236 ) ;
#2029 = EDGE_CURVE ( 'NONE', #930, #2636, #1031, .T. ) ;
#2030 = CARTESIAN_POINT ( 'NONE',  ( 16.18025371255428624, 0.9999999999999991118, 57.55081922245562964 ) ) ;
#2031 = CARTESIAN_POINT ( 'NONE',  ( -21.47013726342214923, 31.28862570601156179, -32.86702333576807433 ) ) ;
#2032 = VERTEX_POINT ( 'NONE', #3748 ) ;
#2033 = DIRECTION ( 'NONE',  ( 0.06160464346254002771, 0.000000000000000000, 0.9981006301490112920 ) ) ;
#2034 = CARTESIAN_POINT ( 'NONE',  ( 11.18975056180922678, 8.000000000000000000, 57.24279600514296362 ) ) ;
#2035 = CARTESIAN_POINT ( 'NONE',  ( 30.16549930782576894, 70.00000000000002842, 0.9370872042916873479 ) ) ;
#2036 = DIRECTION ( 'NONE',  ( 0.000000000000000000, 0.000000000000000000, -1.000000000000000000 ) ) ;
#2037 = CARTESIAN_POINT ( 'NONE',  ( -13.76276519191595860, 0.9999999999999991118, 57.30440064860575688 ) ) ;
#2038 = CARTESIAN_POINT ( 'NONE',  ( -27.81694917095080655, 70.00000000000005684, 15.15067941341333579 ) ) ;
#2039 = ADVANCED_FACE ( 'NONE', ( #1635 ), #412, .F. ) ;
#2040 = ORIENTED_EDGE ( 'NONE', *, *, #2850, .F. ) ;
#2041 = EDGE_CURVE ( 'NONE', #1382, #3242, #2884, .T. ) ;
#2042 = CARTESIAN_POINT ( 'NONE',  ( 23.27311654283082731, 70.00000000000007105, -19.52224250858916221 ) ) ;
#2043 = DIRECTION ( 'NONE',  ( 0.000000000000000000, 0.000000000000000000, -1.000000000000000000 ) ) ;
#2044 = CARTESIAN_POINT ( 'NONE',  ( 17.22125281112088047, 31.28862570601155468, 34.36948559889371069 ) ) ;
#2045 = CARTESIAN_POINT ( 'NONE',  ( 4.212476028401774819, 40.95305505793758982, -36.23230902383683372 ) ) ;
#2046 = CARTESIAN_POINT ( 'NONE',  ( -0.7874569999794522879, 75.50561998969183719, 41.17475563796914884 ) ) ;
#2047 = CARTESIAN_POINT ( 'NONE',  ( 12.18785119195823796, 8.000000000000000000, 57.30440064860549398 ) ) ;
#2048 = EDGE_LOOP ( 'NONE', ( #2338, #2422, #3682, #1722 ) ) ;
#2049 = DIRECTION ( 'NONE',  ( 0.2827951785422289088, 0.000000000000000000, 0.9591803203742603756 ) ) ;
#2050 = ORIENTED_EDGE ( 'NONE', *, *, #3754, .T. ) ;
#2051 = DIRECTION ( 'NONE',  ( 1.734723475976808672E-15, 0.000000000000000000, -1.000000000000000000 ) ) ;
#2052 = CARTESIAN_POINT ( 'NONE',  ( -75.31222111241920913, 70.58000000000002672, 14.03124594728238428 ) ) ;
#2053 = CARTESIAN_POINT ( 'NONE',  ( 27.68897795110899196, 70.00000000000001421, 12.16783830833460023 ) ) ;
#2054 = DIRECTION ( 'NONE',  ( 1.000000000000000000, -0.000000000000000000, 1.224646799147353207E-16 ) ) ;
#2055 = CARTESIAN_POINT ( 'NONE',  ( -38.59705695099691525, 31.28862570601154047, 8.718332463091995166 ) ) ;
#2056 = EDGE_CURVE ( 'NONE', #873, #258, #711, .T. ) ;
#2057 = ORIENTED_EDGE ( 'NONE', *, *, #524, .T. ) ;
#2058 = CARTESIAN_POINT ( 'NONE',  ( 26.24203517099192240, 70.00000000000005684, -15.15067941341333224 ) ) ;
#2059 = CARTESIAN_POINT ( 'NONE',  ( -0.7874569999794522879, 9.000000000000000000, 0.000000000000000000 ) ) ;
#2060 = CARTESIAN_POINT ( 'NONE',  ( 15.00673008267856900, 12.00000000000000888, 40.94576226355296455 ) ) ;
#2061 = CARTESIAN_POINT ( 'NONE',  ( -0.7874569999794488462, 13.50112674534168633, 3.469446951953614189E-15 ) ) ;
#2062 = EDGE_CURVE ( 'NONE', #2164, #1908, #1032, .T. ) ;
#2063 = AXIS2_PLACEMENT_3D ( 'NONE', #3933, #2134, #2494 ) ;
#2064 = CARTESIAN_POINT ( 'NONE',  ( -2.588242450574062659, 70.00000000000002842, -30.95881986075833225 ) ) ;
#2065 = FACE_OUTER_BOUND ( 'NONE', #2511, .T. ) ;
#2066 = CIRCLE ( 'NONE', #3459, 56.00000000000000711 ) ;
#2067 = ORIENTED_EDGE ( 'NONE', *, *, #1148, .T. ) ;
#2068 = AXIS2_PLACEMENT_3D ( 'NONE', #320, #2254, #1628 ) ;
#2069 = DIRECTION ( 'NONE',  ( 1.387778780781445478E-15, 0.000000000000000000, -1.000000000000000000 ) ) ;
#2070 = AXIS2_PLACEMENT_3D ( 'NONE', #1432, #3190, #501 ) ;
#2071 = VERTEX_POINT ( 'NONE', #2980 ) ;
#2072 = AXIS2_PLACEMENT_3D ( 'NONE', #2221, #3689, #3438 ) ;
#2073 = DIRECTION ( 'NONE',  ( -0.000000000000000000, -1.000000000000000000, -0.000000000000000000 ) ) ;
#2074 = AXIS2_PLACEMENT_3D ( 'NONE', #3476, #3158, #73 ) ;
#2075 = CARTESIAN_POINT ( 'NONE',  ( -102.5300917700541561, 12.00000000000000000, -26.33317812272575509 ) ) ;
#2076 = CARTESIAN_POINT ( 'NONE',  ( 27.24056985210251725, 31.28862570601155468, 26.88119090208240181 ) ) ;
#2077 = AXIS2_PLACEMENT_3D ( 'NONE', #3915, #2114, #2394 ) ;
#2078 = CARTESIAN_POINT ( 'NONE',  ( 55.71608328361311635, 9.000000000000000000, 0.000000000000000000 ) ) ;
#2079 = AXIS2_PLACEMENT_3D ( 'NONE', #3718, #1896, #1543 ) ;
#2080 = CARTESIAN_POINT ( 'NONE',  ( -38.94165875955295064, 31.28862570601155468, -7.229894461434659192 ) ) ;
#2081 = ORIENTED_EDGE ( 'NONE', *, *, #829, .F. ) ;
#2082 = EDGE_CURVE ( 'NONE', #1976, #3122, #3648, .T. ) ;
#2083 = AXIS2_PLACEMENT_3D ( 'NONE', #229, #579, #878 ) ;
#2084 = EDGE_CURVE ( 'NONE', #762, #956, #1152, .T. ) ;
#2085 = CARTESIAN_POINT ( 'NONE',  ( 34.52666710279382301, 40.95305505793759693, -9.356054435374405287 ) ) ;
#2086 = CIRCLE ( 'NONE', #405, 5.499999999999998224 ) ;
#2087 = CARTESIAN_POINT ( 'NONE',  ( -4.838806502412744237, 50.61748440986363562, 34.21553888591048320 ) ) ;
#2088 = CARTESIAN_POINT ( 'NONE',  ( -0.7874569999796461328, 8.000000000000000000, -56.50354028359257086 ) ) ;
#2089 = CIRCLE ( 'NONE', #3727, 1.000000000000000222 ) ;
#2090 = CARTESIAN_POINT ( 'NONE',  ( -4.140282623866053058, 69.99999999999964473, 34.00000000000022027 ) ) ;
#2091 = CYLINDRICAL_SURFACE ( 'NONE', #2259, 5.499999999999998224 ) ;
#2092 = DIRECTION ( 'NONE',  ( -0.000000000000000000, -1.000000000000000000, 0.000000000000000000 ) ) ;
#2093 = AXIS2_PLACEMENT_3D ( 'NONE', #917, #597, #1827 ) ;
#2094 = ORIENTED_EDGE ( 'NONE', *, *, #1915, .T. ) ;
#2095 = FACE_OUTER_BOUND ( 'NONE', #783, .T. ) ;
#2096 = CARTESIAN_POINT ( 'NONE',  ( -17.75516771251280446, 0.9999999999999991118, -57.55081922245575043 ) ) ;
#2097 = ORIENTED_EDGE ( 'NONE', *, *, #2678, .T. ) ;
#2098 = DIRECTION ( 'NONE',  ( -0.2827951785422190834, 0.000000000000000000, 0.9591803203742633732 ) ) ;
#2099 = CARTESIAN_POINT ( 'NONE',  ( 12.18785119195746525, 0.9999999999999991118, -57.30440064860566451 ) ) ;
#2100 = CARTESIAN_POINT ( 'NONE',  ( -35.17201847856686925, 50.61748440986363562, 1.204722580111345032 ) ) ;
#2101 = VERTEX_POINT ( 'NONE', #2546 ) ;
#2102 = CARTESIAN_POINT ( 'NONE',  ( 16.64034150017621627, 71.30955278317834711, 30.17933531761138610 ) ) ;
#2103 = CARTESIAN_POINT ( 'NONE',  ( 42.09217196723236043, 12.00000000000000711, -9.346080064906939100 ) ) ;
#2104 = CARTESIAN_POINT ( 'NONE',  ( -3.606043924438698145, 40.95305505793759693, 36.40121310919767694 ) ) ;
#2105 = CARTESIAN_POINT ( 'NONE',  ( -15.91249626518172278, 70.00000000000007105, 27.07257916483111515 ) ) ;
#2106 = CIRCLE ( 'NONE', #559, 11.99999999999995559 ) ;
#2107 = CARTESIAN_POINT ( 'NONE',  ( -0.7874569999794472919, 76.32394508195261551, 41.10000000000000142 ) ) ;
#2108 = EDGE_CURVE ( 'NONE', #2258, #3330, #584, .T. ) ;
#2109 = ADVANCED_FACE ( 'NONE', ( #1948 ), #2606, .T. ) ;
#2110 = EDGE_LOOP ( 'NONE', ( #1627, #98, #3753, #386 ) ) ;
#2111 = FACE_OUTER_BOUND ( 'NONE', #1668, .T. ) ;
#2112 = EDGE_LOOP ( 'NONE', ( #3410, #935, #3673, #1030, #3272, #3453 ) ) ;
#2113 = DIRECTION ( 'NONE',  ( 0.000000000000000000, 0.000000000000000000, -1.000000000000000000 ) ) ;
#2114 = DIRECTION ( 'NONE',  ( 0.000000000000000000, 1.000000000000000000, -0.000000000000000000 ) ) ;
#2115 = CARTESIAN_POINT ( 'NONE',  ( -33.79844502673757489, 50.61748440986362141, -9.801186283048036074 ) ) ;
#2116 = AXIS2_PLACEMENT_3D ( 'NONE', #226, #1106, #3308 ) ;
#2117 = EDGE_LOOP ( 'NONE', ( #1036, #2593, #1447, #2948 ) ) ;
#2118 = ORIENTED_EDGE ( 'NONE', *, *, #3391, .F. ) ;
#2119 = CARTESIAN_POINT ( 'NONE',  ( 29.85067501139963397, 50.61748440986362141, -15.65421002232612224 ) ) ;
#2120 = CARTESIAN_POINT ( 'NONE',  ( -58.03025300512260287, 8.000000000000000000, -11.97720756178773094 ) ) ;
#2121 = CARTESIAN_POINT ( 'NONE',  ( 8.323697433855249628, 70.00000000000004263, 29.66837646571457299 ) ) ;
#2122 = CARTESIAN_POINT ( 'NONE',  ( -25.31110466404627601, 50.61748440986361430, 24.20138920171378061 ) ) ;
#2123 = CARTESIAN_POINT ( 'NONE',  ( -0.7874569999794522879, 77.30000000000002558, -31.00000000000000000 ) ) ;
#2124 = TOROIDAL_SURFACE ( 'NONE', #1418, 55.00000000000000711, 1.000000000000000000 ) ;
#2125 = ORIENTED_EDGE ( 'NONE', *, *, #1851, .F. ) ;
#2126 = DIRECTION ( 'NONE',  ( -0.2827951785422127551, 0.000000000000000000, 0.9591803203742653716 ) ) ;
#2127 = DIRECTION ( 'NONE',  ( 0.000000000000000000, 0.000000000000000000, 1.000000000000000000 ) ) ;
#2128 = AXIS2_PLACEMENT_3D ( 'NONE', #163, #2305, #1035 ) ;
#2129 = TOROIDAL_SURFACE ( 'NONE', #388, 45.00000000000000000, 1.000000000000000000 ) ;
#2130 = ORIENTED_EDGE ( 'NONE', *, *, #233, .F. ) ;
#2131 = DIRECTION ( 'NONE',  ( 0.000000000000000000, -1.000000000000000000, 0.000000000000000000 ) ) ;
#2132 = CARTESIAN_POINT ( 'NONE',  ( -40.83327901676342009, 21.63983792066095901, -10.12774585160123131 ) ) ;
#2133 = AXIS2_PLACEMENT_3D ( 'NONE', #2096, #2941, #1743 ) ;
#2134 = DIRECTION ( 'NONE',  ( -0.000000000000000000, -1.000000000000000000, 0.000000000000000000 ) ) ;
#2135 = CARTESIAN_POINT ( 'NONE',  ( 25.67980355102242029, 70.00000000000005684, -16.07631038350301367 ) ) ;
#2136 = EDGE_CURVE ( 'NONE', #3122, #2252, #3798, .T. ) ;
#2137 = CARTESIAN_POINT ( 'NONE',  ( -58.49992500384075100, 69.99999999999964473, -33.99999999999744915 ) ) ;
#2138 = CARTESIAN_POINT ( 'NONE',  ( 6.420145835068216122, 70.00000000000001421, 30.17379247904129258 ) ) ;
#2139 = CARTESIAN_POINT ( 'NONE',  ( -24.64502740128899205, 40.95305505793759693, 27.69076525188851079 ) ) ;
#2140 = ORIENTED_EDGE ( 'NONE', *, *, #3516, .F. ) ;
#2141 = CARTESIAN_POINT ( 'NONE',  ( 24.98005260283460416, 12.00000000000000533, -35.58563837947340858 ) ) ;
#2142 = EDGE_CURVE ( 'NONE', #2788, #3742, #3461, .T. ) ;
#2143 = AXIS2_PLACEMENT_3D ( 'NONE', #1639, #3486, #2862 ) ;
#2144 = EDGE_LOOP ( 'NONE', ( #314, #1386, #3012, #3562 ) ) ;
#2145 = ADVANCED_FACE ( 'NONE', ( #2285, #3501 ), #758, .F. ) ;
#2146 = DIRECTION ( 'NONE',  ( 0.2827951785422207487, 0.000000000000000000, 0.9591803203742629291 ) ) ;
#2147 = CARTESIAN_POINT ( 'NONE',  ( -57.29099728357201826, 9.000000000000000000, 5.500000000000390799 ) ) ;
#2148 = VERTEX_POINT ( 'NONE', #529 ) ;
#2149 = CARTESIAN_POINT ( 'NONE',  ( -0.7874569999794480690, 79.50000000000001421, -34.70000000000000284 ) ) ;
#2150 = DIRECTION ( 'NONE',  ( 0.000000000000000000, 0.000000000000000000, -1.000000000000000000 ) ) ;
#2151 = CARTESIAN_POINT ( 'NONE',  ( -57.29099728357201826, 9.000000000000000000, 3.945621129574694455E-13 ) ) ;
#2152 = CARTESIAN_POINT ( 'NONE',  ( -37.96638025920208293, 21.63983792066095901, -18.00205363995860708 ) ) ;
#2153 = VERTEX_POINT ( 'NONE', #3681 ) ;
#2154 = DIRECTION ( 'NONE',  ( 0.000000000000000000, -0.000000000000000000, 1.000000000000000000 ) ) ;
#2155 = CARTESIAN_POINT ( 'NONE',  ( 42.67049431433432005, 12.00000000000000888, 6.339836036968536703 ) ) ;
#2156 = DIRECTION ( 'NONE',  ( 0.000000000000000000, 0.000000000000000000, -1.000000000000000000 ) ) ;
#2157 = CARTESIAN_POINT ( 'NONE',  ( 1.228295384049825190, 50.61748440986363562, 34.40838605663200411 ) ) ;
#2158 = CARTESIAN_POINT ( 'NONE',  ( -37.63296953044248028, 12.00000000000000178, 23.84156033721145107 ) ) ;
#2159 = CARTESIAN_POINT ( 'NONE',  ( 7.739985996870688112, 70.00000000000002842, -29.76989003266249156 ) ) ;
#2160 = DIRECTION ( 'NONE',  ( -0.000000000000000000, -1.000000000000000000, -0.000000000000000000 ) ) ;
#2161 = EDGE_LOOP ( 'NONE', ( #247, #3595, #828, #1937 ) ) ;
#2162 = CARTESIAN_POINT ( 'NONE',  ( 8.504997443595547324, 70.57999999999999829, -32.61615483443236485 ) ) ;
#2163 = DIRECTION ( 'NONE',  ( 0.000000000000000000, 0.000000000000000000, 1.000000000000000000 ) ) ;
#2164 = VERTEX_POINT ( 'NONE', #1795 ) ;
#2165 = CARTESIAN_POINT ( 'NONE',  ( 16.18025371255428624, 8.000000000000000000, 57.55081922245562964 ) ) ;
#2166 = CARTESIAN_POINT ( 'NONE',  ( -29.48351213480474797, 12.00000000000000533, 33.20464143225262887 ) ) ;
#2167 = CARTESIAN_POINT ( 'NONE',  ( -28.75887142465191815, 70.00000000000001421, -13.34973962926177471 ) ) ;
#2168 = CARTESIAN_POINT ( 'NONE',  ( -10.29366732236170279, 69.99999999999998579, 32.64401882897750795 ) ) ;
#2169 = CARTESIAN_POINT ( 'NONE',  ( 33.61272317455743774, 50.61748440986362851, 1.514901453617933491 ) ) ;
#2170 = DIRECTION ( 'NONE',  ( -0.000000000000000000, -1.000000000000000000, 0.000000000000000000 ) ) ;
#2171 = CARTESIAN_POINT ( 'NONE',  ( -27.91983912828790437, 50.61748440986360720, 21.15616374991541804 ) ) ;
#2172 = ORIENTED_EDGE ( 'NONE', *, *, #417, .F. ) ;
#2173 = DIRECTION ( 'NONE',  ( -0.000000000000000000, -1.000000000000000000, -0.000000000000000000 ) ) ;
#2174 = CARTESIAN_POINT ( 'NONE',  ( -57.29099728357201826, 9.000000000000000000, -5.499999999999601208 ) ) ;
#2175 = CARTESIAN_POINT ( 'NONE',  ( 24.08808292089595327, 60.29827007130303684, 21.01448059798763879 ) ) ;
#2176 = ORIENTED_EDGE ( 'NONE', *, *, #1647, .F. ) ;
#2177 = CARTESIAN_POINT ( 'NONE',  ( -18.72603952341109945, 50.61748440986363562, -29.38813347653493935 ) ) ;
#2178 = CYLINDRICAL_SURFACE ( 'NONE', #909, 4.000000000000003553 ) ;
#2179 = DIRECTION ( 'NONE',  ( 0.000000000000000000, 0.000000000000000000, -1.000000000000000000 ) ) ;
#2180 = VERTEX_POINT ( 'NONE', #2772 ) ;
#2181 = CARTESIAN_POINT ( 'NONE',  ( 11.18975056180845584, 8.000000000000000000, -57.24279600514311994 ) ) ;
#2182 = CARTESIAN_POINT ( 'NONE',  ( -28.04989092510330906, 60.29827007130327843, -17.81087263270337928 ) ) ;
#2183 = APPROVAL_ROLE ( '' ) ;
#2184 = ORIENTED_EDGE ( 'NONE', *, *, #2847, .F. ) ;
#2185 = CARTESIAN_POINT ( 'NONE',  ( 16.18025371255351175, 8.000000000000000000, -57.55081922245584991 ) ) ;
#2186 = CARTESIAN_POINT ( 'NONE',  ( 31.36858021837807087, 60.29827007130315053, -5.128645201496245143 ) ) ;
#2187 = DIRECTION ( 'NONE',  ( -0.2827951785422159747, 0.000000000000000000, 0.9591803203742643724 ) ) ;
#2188 = CARTESIAN_POINT ( 'NONE',  ( -9.314899996829586470, 70.00000000000002842, 29.76989003266249867 ) ) ;
#2189 = CARTESIAN_POINT ( 'NONE',  ( -36.11199068387458055, 31.28862570601155468, 16.05467188728385608 ) ) ;
#2190 = ADVANCED_FACE ( 'NONE', ( #3303 ), #3856, .F. ) ;
#2191 = AXIS2_PLACEMENT_3D ( 'NONE', #2985, #1460, #1425 ) ;
#2192 = VERTEX_POINT ( 'NONE', #2123 ) ;
#2193 = EDGE_CURVE ( 'NONE', #1516, #3242, #206, .T. ) ;
#2194 = DIRECTION ( 'NONE',  ( 0.9981006301490112920, -0.000000000000000000, 0.06160464346254014567 ) ) ;
#2195 = ORGANIZATION ( 'UNSPECIFIED', 'UNSPECIFIED', '' ) ;
#2196 = DIRECTION ( 'NONE',  ( -0.9591803203742657047, -0.000000000000000000, -0.2827951785422110897 ) ) ;
#2197 = CIRCLE ( 'NONE', #3412, 44.00000000000000000 ) ;
#2198 = AXIS2_PLACEMENT_3D ( 'NONE', #2423, #824, #3650 ) ;
#2199 = VERTEX_POINT ( 'NONE', #2107 ) ;
#2200 = CARTESIAN_POINT ( 'NONE',  ( -13.23627161030713317, 21.63983792066096257, -39.35106292773443926 ) ) ;
#2201 = CYLINDRICAL_SURFACE ( 'NONE', #1548, 31.00000000000000000 ) ;
#2202 = AXIS2_PLACEMENT_3D ( 'NONE', #1496, #1156, #3036 ) ;
#2203 = CARTESIAN_POINT ( 'NONE',  ( -0.7874569999794522879, 0.9999999999999991118, 0.000000000000000000 ) ) ;
#2204 = AXIS2_PLACEMENT_3D ( 'NONE', #2359, #2870, #1694 ) ;
#2205 = ORIENTED_EDGE ( 'NONE', *, *, #2897, .F. ) ;
#2206 = EDGE_CURVE ( 'NONE', #2550, #614, #1284, .T. ) ;
#2207 = DIRECTION ( 'NONE',  ( -0.9981006301490105148, 0.000000000000000000, 0.06160464346255385693 ) ) ;
#2208 = CARTESIAN_POINT ( 'NONE',  ( -30.16064688678878625, 12.00000000000000711, -32.60716959226674305 ) ) ;
#2209 = EDGE_LOOP ( 'NONE', ( #3763, #1319 ) ) ;
#2210 = CARTESIAN_POINT ( 'NONE',  ( 39.25836501680448265, 21.63983792066095901, 10.12774585160122243 ) ) ;
#2211 = FACE_OUTER_BOUND ( 'NONE', #2161, .T. ) ;
#2212 = DIRECTION ( 'NONE',  ( 0.000000000000000000, 0.000000000000000000, 1.000000000000000000 ) ) ;
#2213 = CARTESIAN_POINT ( 'NONE',  ( -34.93613804464660433, 40.95305505793758272, 12.97464581539556860 ) ) ;
#2214 = VERTEX_POINT ( 'NONE', #305 ) ;
#2215 = FACE_OUTER_BOUND ( 'NONE', #1328, .T. ) ;
#2216 = CARTESIAN_POINT ( 'NONE',  ( 15.04907299838464851, 0.9999999999999991118, -53.71409794095879420 ) ) ;
#2217 = CARTESIAN_POINT ( 'NONE',  ( 24.62516442340542255, 70.00000000000002842, 17.74023707339477696 ) ) ;
#2218 =( BOUNDED_CURVE ( )  B_SPLINE_CURVE ( 3, ( #3456, #1456, #2264, #716 ),
 .UNSPECIFIED., .F., .F. ) 
 B_SPLINE_CURVE_WITH_KNOTS ( ( 4, 4 ),
 ( 0.000000000000000000, 0.4375825232023441425 ),
 .UNSPECIFIED. ) 
 CURVE ( )  GEOMETRIC_REPRESENTATION_ITEM ( )  RATIONAL_B_SPLINE_CURVE ( ( 1.000000000000000000, 0.4165566357302196154, 0.3437225104260987485, 0.7814976240876373437 ) ) 
 REPRESENTATION_ITEM ( '' )  );
#2219 = ORIENTED_EDGE ( 'NONE', *, *, #646, .T. ) ;
#2220 = CARTESIAN_POINT ( 'NONE',  ( -10.24864698344726044, 21.63983792066095901, -40.20246479130661044 ) ) ;
#2221 = CARTESIAN_POINT ( 'NONE',  ( -58.33827622243534705, 8.000000000000000000, -16.96771071253278507 ) ) ;
#2222 = EDGE_CURVE ( 'NONE', #1699, #2252, #2755, .T. ) ;
#2223 = DIRECTION ( 'NONE',  ( 0.000000000000000000, 0.000000000000000000, 1.000000000000000000 ) ) ;
#2224 = EDGE_CURVE ( 'NONE', #3285, #873, #650, .T. ) ;
#2225 = AXIS2_PLACEMENT_3D ( 'NONE', #978, #1242, #937 ) ;
#2226 = ORIENTED_EDGE ( 'NONE', *, *, #2368, .F. ) ;
#2227 = CARTESIAN_POINT ( 'NONE',  ( -13.76276519191676151, 8.000000000000000000, -57.30440064860560057 ) ) ;
#2228 = CARTESIAN_POINT ( 'NONE',  ( -37.30674621997489737, 12.00000000000000533, -24.33830946905980852 ) ) ;
#2229 = PERSON_AND_ORGANIZATION_ROLE ( 'classification_officer' ) ;
#2230 = ORIENTED_EDGE ( 'NONE', *, *, #259, .T. ) ;
#2231 = DIRECTION ( 'NONE',  ( -0.000000000000000000, -1.000000000000000000, -0.000000000000000000 ) ) ;
#2232 = CARTESIAN_POINT ( 'NONE',  ( 39.96490270776171627, 12.00000000000000888, 16.38223044829787867 ) ) ;
#2233 = CARTESIAN_POINT ( 'NONE',  ( -21.30279033309908243, 31.28862570601155468, 32.97438571685864162 ) ) ;
#2234 = CARTESIAN_POINT ( 'NONE',  ( -32.43122433945350735, 50.61748440986360720, 13.55983934499863786 ) ) ;
#2235 = ORIENTED_EDGE ( 'NONE', *, *, #951, .F. ) ;
#2236 = CARTESIAN_POINT ( 'NONE',  ( 21.71305210654920614, 40.95305505793759693, -28.75273618317009650 ) ) ;
#2237 = CARTESIAN_POINT ( 'NONE',  ( 20.46188878468502992, 50.61748440986362141, 27.09308363919242524 ) ) ;
#2238 = VERTEX_POINT ( 'NONE', #237 ) ;
#2239 = CARTESIAN_POINT ( 'NONE',  ( -7.236821658226333831, 50.61748440986362141, -33.79578553717524869 ) ) ;
#2240 = DIRECTION ( 'NONE',  ( 0.000000000000000000, -1.000000000000000000, -0.000000000000000000 ) ) ;
#2241 = DIRECTION ( 'NONE',  ( -0.000000000000000000, 1.000000000000000000, -0.000000000000000000 ) ) ;
#2242 = ORIENTED_EDGE ( 'NONE', *, *, #1610, .F. ) ;
#2243 = CARTESIAN_POINT ( 'NONE',  ( -31.11131704773984197, 60.29827007130312211, -11.79614861311320162 ) ) ;
#2244 = ORIENTED_EDGE ( 'NONE', *, *, #534, .T. ) ;
#2245 = CIRCLE ( 'NONE', #3643, 5.499999999999998224 ) ;
#2246 = CARTESIAN_POINT ( 'NONE',  ( 56.76336222247632435, 0.9999999999999991118, -16.96771071253321495 ) ) ;
#2247 = EDGE_CURVE ( 'NONE', #956, #1922, #2508, .T. ) ;
#2248 = CARTESIAN_POINT ( 'NONE',  ( 33.74772016299360899, 31.28862570601155468, 17.68888655950531685 ) ) ;
#2249 = CARTESIAN_POINT ( 'NONE',  ( -22.63878673495608140, 31.28862570601155468, 32.06391364456794690 ) ) ;
#2250 = CARTESIAN_POINT ( 'NONE',  ( -28.41869191912621773, 60.29827007130302974, 17.18139887034041635 ) ) ;
#2251 = AXIS2_PLACEMENT_3D ( 'NONE', #657, #3671, #934 ) ;
#2252 = VERTEX_POINT ( 'NONE', #2679 ) ;
#2253 = CIRCLE ( 'NONE', #323, 41.10000000000000142 ) ;
#2254 = DIRECTION ( 'NONE',  ( 0.000000000000000000, 1.000000000000000000, -0.000000000000000000 ) ) ;
#2255 = CARTESIAN_POINT ( 'NONE',  ( 20.41776134187351133, 60.29827007130330685, 24.67841821051653284 ) ) ;
#2256 = CIRCLE ( 'NONE', #2762, 1.000000000000000888 ) ;
#2257 = AXIS2_PLACEMENT_3D ( 'NONE', #2873, #3455, #1330 ) ;
#2258 = VERTEX_POINT ( 'NONE', #3590 ) ;
#2259 = AXIS2_PLACEMENT_3D ( 'NONE', #3646, #555, #908 ) ;
#2260 = CARTESIAN_POINT ( 'NONE',  ( -4.890781528482597729, 40.95305505793758982, -36.27885714690780361 ) ) ;
#2261 = CARTESIAN_POINT ( 'NONE',  ( 11.18975056180923389, 9.000000000000000000, 57.24279600514296362 ) ) ;
#2262 = EDGE_CURVE ( 'NONE', #210, #221, #2628, .T. ) ;
#2263 = AXIS2_PLACEMENT_3D ( 'NONE', #1853, #3062, #317 ) ;
#2264 = CARTESIAN_POINT ( 'NONE',  ( 56.92501100388182067, 69.99999999999963052, 33.99999999999744205 ) ) ;
#2265 = EDGE_CURVE ( 'NONE', #2164, #2153, #554, .T. ) ;
#2266 = VERTEX_POINT ( 'NONE', #1837 ) ;
#2267 = CIRCLE ( 'NONE', #3477, 55.00000000000000711 ) ;
#2268 = DIRECTION ( 'NONE',  ( -0.000000000000000000, -1.000000000000000000, 0.000000000000000000 ) ) ;
#2269 = AXIS2_PLACEMENT_3D ( 'NONE', #2399, #2712, #3625 ) ;
#2270 = CARTESIAN_POINT ( 'NONE',  ( -20.14398977574225924, 31.28862570601155468, -33.66326168473295866 ) ) ;
#2271 = EDGE_CURVE ( 'NONE', #210, #3174, #3074, .T. ) ;
#2272 = ORIENTED_EDGE ( 'NONE', *, *, #1263, .F. ) ;
#2273 = CARTESIAN_POINT ( 'NONE',  ( 8.718753322402777783, 70.00000000000000000, -32.64401882897743690 ) ) ;
#2274 = CARTESIAN_POINT ( 'NONE',  ( 30.80003182616270507, 21.63983792066095901, 26.62080234447273597 ) ) ;
#2275 = UNCERTAINTY_MEASURE_WITH_UNIT (LENGTH_MEASURE( 1.000000000000000082E-05 ), #896, 'distance_accuracy_value', 'NONE');
#2276 = CARTESIAN_POINT ( 'NONE',  ( -32.14496146725149828, 60.29827007130326422, 8.770292041795926252 ) ) ;
#2277 = AXIS2_PLACEMENT_3D ( 'NONE', #2389, #2098, #1517 ) ;
#2278 = ORIENTED_EDGE ( 'NONE', *, *, #307, .T. ) ;
#2279 = CARTESIAN_POINT ( 'NONE',  ( 40.07461724268735281, 12.00000000000000888, -16.06336722892015345 ) ) ;
#2280 = DIRECTION ( 'NONE',  ( 0.000000000000000000, 0.000000000000000000, -1.000000000000000000 ) ) ;
#2281 = CARTESIAN_POINT ( 'NONE',  ( 8.249889976546718628, 40.95305505793758272, 35.47441589868935097 ) ) ;
#2282 = CARTESIAN_POINT ( 'NONE',  ( 32.87587015541905089, 71.30955278317834711, -9.016698154172857471 ) ) ;
#2283 = CARTESIAN_POINT ( 'NONE',  ( 7.914286340861717228, 12.00000000000000355, -43.09533381436278177 ) ) ;
#2284 = DIRECTION ( 'NONE',  ( -0.2827951785422258002, -8.319563097240939336E-15, -0.9591803203742613748 ) ) ;
#2285 = FACE_BOUND ( 'NONE', #3434, .T. ) ;
#2286 = CC_DESIGN_PERSON_AND_ORGANIZATION_ASSIGNMENT ( #2845, #105, ( #217 ) ) ;
#2287 = VERTEX_POINT ( 'NONE', #3904 ) ;
#2288 = CARTESIAN_POINT ( 'NONE',  ( 56.76336222247633145, 0.9999999999999991118, 16.96771071253320073 ) ) ;
#2289 = DATE_TIME_ROLE ( 'creation_date' ) ;
#2290 = CARTESIAN_POINT ( 'NONE',  ( -22.90192129436628576, 12.00000000000000533, -37.94842243338392507 ) ) ;
#2291 = AXIS2_PLACEMENT_3D ( 'NONE', #141, #1334, #1383 ) ;
#2292 = ORIENTED_EDGE ( 'NONE', *, *, #233, .T. ) ;
#2293 = CARTESIAN_POINT ( 'NONE',  ( 74.00679098035764980, 70.00000000000001421, -13.63159818421298297 ) ) ;
#2294 = CARTESIAN_POINT ( 'NONE',  ( 28.19399847752495702, 70.00000000000001421, 10.98593698740744884 ) ) ;
#2295 = CARTESIAN_POINT ( 'NONE',  ( -0.7874569999794488462, 12.00000000000000355, 3.469446951953614189E-15 ) ) ;
#2296 = DIRECTION ( 'NONE',  ( 0.000000000000000000, 1.000000000000000000, 0.000000000000000000 ) ) ;
#2297 = CARTESIAN_POINT ( 'NONE',  ( -38.90196038140013712, 31.28862570601154047, 7.396029513985373782 ) ) ;
#2298 = ORIENTED_EDGE ( 'NONE', *, *, #3397, .F. ) ;
#2299 = CARTESIAN_POINT ( 'NONE',  ( 17.13133270706154221, 70.00000000000007105, -25.31024161964479902 ) ) ;
#2300 = DIRECTION ( 'NONE',  ( -1.084202172485503448E-16, 0.000000000000000000, -1.000000000000000000 ) ) ;
#2301 = CARTESIAN_POINT ( 'NONE',  ( -0.9027598333749931037, 12.00000000000000711, 43.98361684326451382 ) ) ;
#2302 = CYLINDRICAL_SURFACE ( 'NONE', #3398, 12.99999999999996980 ) ;
#2303 = CARTESIAN_POINT ( 'NONE',  ( -2.803209384008703342, 50.61748440986362851, -34.40838605663201122 ) ) ;
#2304 = DIRECTION ( 'NONE',  ( 0.000000000000000000, 0.000000000000000000, -1.000000000000000000 ) ) ;
#2305 = DIRECTION ( 'NONE',  ( 0.000000000000000000, 1.000000000000000000, 0.000000000000000000 ) ) ;
#2306 = CIRCLE ( 'NONE', #2498, 31.50000000000000000 ) ;
#2307 = ORIENTED_EDGE ( 'NONE', *, *, #725, .T. ) ;
#2308 = DIRECTION ( 'NONE',  ( 0.000000000000000000, 0.000000000000000000, -1.000000000000000000 ) ) ;
#2309 = CARTESIAN_POINT ( 'NONE',  ( -21.99267534183239192, 60.29827007130310079, -24.67841821051656126 ) ) ;
#2310 = ORIENTED_EDGE ( 'NONE', *, *, #1843, .T. ) ;
#2311 = FACE_BOUND ( 'NONE', #1872, .T. ) ;
#2312 = CARTESIAN_POINT ( 'NONE',  ( 35.73183222001597414, 12.00000000000000711, 24.33830946905979076 ) ) ;
#2313 = FACE_OUTER_BOUND ( 'NONE', #2647, .T. ) ;
#2314 = CARTESIAN_POINT ( 'NONE',  ( -0.7874569999796461328, 8.000000000000000000, -68.50354028359254244 ) ) ;
#2315 = CARTESIAN_POINT ( 'NONE',  ( -36.10158110275271781, 40.95305505793757561, 9.356054435374410616 ) ) ;
#2316 = EDGE_LOOP ( 'NONE', ( #2357, #2327 ) ) ;
#2317 = CARTESIAN_POINT ( 'NONE',  ( 35.04523642713336784, 31.28862570601155468, -14.93658575683416068 ) ) ;
#2318 = CARTESIAN_POINT ( 'NONE',  ( -35.56302330981247195, 71.30955278317836132, 2.276055492570745908 ) ) ;
#2319 = CARTESIAN_POINT ( 'NONE',  ( 18.44755356530580670, 60.29827007130300132, 26.27214261278938778 ) ) ;
#2320 = AXIS2_PLACEMENT_3D ( 'NONE', #223, #2424, #890 ) ;
#2321 = AXIS2_PLACEMENT_3D ( 'NONE', #2088, #1990, #1969 ) ;
#2322 = EDGE_CURVE ( 'NONE', #381, #2071, #518, .T. ) ;
#2323 = DIRECTION ( 'NONE',  ( -1.734723475976807883E-15, 0.000000000000000000, -1.000000000000000000 ) ) ;
#2324 = CARTESIAN_POINT ( 'NONE',  ( 5.386555826059813867, 60.29827007130315053, -31.98320687848914901 ) ) ;
#2325 = CARTESIAN_POINT ( 'NONE',  ( -0.7874569999794484021, 77.30000000000002558, -31.50000000000000000 ) ) ;
#2326 = CIRCLE ( 'NONE', #2958, 1.000000000000000000 ) ;
#2327 = ORIENTED_EDGE ( 'NONE', *, *, #2782, .F. ) ;
#2328 = AXIS2_PLACEMENT_3D ( 'NONE', #2046, #2345, #2584 ) ;
#2329 = DIRECTION ( 'NONE',  ( -0.000000000000000000, -1.000000000000000000, 0.000000000000000000 ) ) ;
#2330 = CARTESIAN_POINT ( 'NONE',  ( -26.49932477328912483, 60.29827007130327843, -19.98417731776731188 ) ) ;
#2331 = ORIENTED_EDGE ( 'NONE', *, *, #3615, .F. ) ;
#2332 = DIRECTION ( 'NONE',  ( -0.000000000000000000, -1.000000000000000000, 0.000000000000000000 ) ) ;
#2333 = CARTESIAN_POINT ( 'NONE',  ( 39.26487670420215892, 12.00000000000000711, 18.02953228588462053 ) ) ;
#2334 = DIRECTION ( 'NONE',  ( -0.000000000000000000, -1.000000000000000000, 0.000000000000000000 ) ) ;
#2335 = CARTESIAN_POINT ( 'NONE',  ( 14.76627781984314147, 9.000000000000000000, 52.75491762058432244 ) ) ;
#2336 = CARTESIAN_POINT ( 'NONE',  ( -30.49304366293174340, 70.00000000000007105, 8.827432425436130714 ) ) ;
#2337 = AXIS2_PLACEMENT_3D ( 'NONE', #3908, #2384, #837 ) ;
#2338 = ORIENTED_EDGE ( 'NONE', *, *, #1139, .F. ) ;
#2339 = AXIS2_PLACEMENT_3D ( 'NONE', #379, #2827, #1602 ) ;
#2340 = CARTESIAN_POINT ( 'NONE',  ( 34.02891694069798945, 31.28862570601155468, -17.17275801773355681 ) ) ;
#2341 = CARTESIAN_POINT ( 'NONE',  ( -11.99268899342011530, 71.30955278317836132, -32.99944267329419034 ) ) ;
#2342 = CARTESIAN_POINT ( 'NONE',  ( 3.315867528523725571, 40.95305505793759693, 36.27885714690778229 ) ) ;
#2343 = CARTESIAN_POINT ( 'NONE',  ( 30.46996821701394609, 71.30955278317836132, 15.41083416233269432 ) ) ;
#2344 = CARTESIAN_POINT ( 'NONE',  ( 2.046164855236321412, 60.29827007130310790, -32.41382725752165328 ) ) ;
#2345 = DIRECTION ( 'NONE',  ( -1.000000000000000000, 0.000000000000000000, 0.000000000000000000 ) ) ;
#2346 = CARTESIAN_POINT ( 'NONE',  ( 11.00869161313367961, 60.29827007130312921, -30.32386004776039812 ) ) ;
#2347 = ORIENTED_EDGE ( 'NONE', *, *, #2029, .T. ) ;
#2348 = ADVANCED_FACE ( 'NONE', ( #1526 ), #3049, .F. ) ;
#2349 = DIRECTION ( 'NONE',  ( 0.000000000000000000, -1.000000000000000000, 0.000000000000000000 ) ) ;
#2350 = FACE_OUTER_BOUND ( 'NONE', #1142, .T. ) ;
#2351 = ORIENTED_EDGE ( 'NONE', *, *, #1012, .F. ) ;
#2352 = DIRECTION ( 'NONE',  ( 0.9981006301490112920, 0.000000000000000000, 0.06160464346254004159 ) ) ;
#2353 = CARTESIAN_POINT ( 'NONE',  ( 8.504997443595547324, 70.57999999999999829, -32.61615483443236485 ) ) ;
#2354 = LINE ( 'NONE', #1070, #3591 ) ;
#2355 = CARTESIAN_POINT ( 'NONE',  ( -41.73083565357946156, 21.63983792066095191, 5.403923423696462613 ) ) ;
#2356 = EDGE_CURVE ( 'NONE', #2214, #1403, #78, .T. ) ;
#2357 = ORIENTED_EDGE ( 'NONE', *, *, #3733, .F. ) ;
#2358 = CARTESIAN_POINT ( 'NONE',  ( 20.40395229713823966, 60.29827007130329974, -24.75118491514026076 ) ) ;
#2359 = CARTESIAN_POINT ( 'NONE',  ( -0.7874569999788638697, 8.000000000000000000, 56.50354028359257086 ) ) ;
#2360 = CARTESIAN_POINT ( 'NONE',  ( 19.44998023557874589, 60.29827007130330685, 25.50999540039311952 ) ) ;
#2361 = CARTESIAN_POINT ( 'NONE',  ( 8.141988957053129639, 40.95305505793758272, -35.40138052353880482 ) ) ;
#2362 = DIRECTION ( 'NONE',  ( 1.000000000000000000, -0.000000000000000000, 1.224646799147353207E-16 ) ) ;
#2363 = EDGE_CURVE ( 'NONE', #1128, #1062, #1269, .T. ) ;
#2364 = ORIENTED_EDGE ( 'NONE', *, *, #1512, .F. ) ;
#2365 = CARTESIAN_POINT ( 'NONE',  ( -0.7874569999794522879, 77.80000000000002558, 0.000000000000000000 ) ) ;
#2366 = FACE_OUTER_BOUND ( 'NONE', #3137, .T. ) ;
#2367 = ORIENTED_EDGE ( 'NONE', *, *, #375, .F. ) ;
#2368 = EDGE_CURVE ( 'NONE', #2502, #1593, #3339, .T. ) ;
#2369 = DIRECTION ( 'NONE',  ( 0.06160464346253311657, 0.000000000000000000, -0.9981006301490117361 ) ) ;
#2370 = CARTESIAN_POINT ( 'NONE',  ( -10.07991144355444568, 70.57999999999999829, 32.61615483443237196 ) ) ;
#2371 = CARTESIAN_POINT ( 'NONE',  ( 27.21357875814707228, 50.61748440986362141, 20.04321779380489232 ) ) ;
#2372 = CARTESIAN_POINT ( 'NONE',  ( -0.7874569999794467368, 0.9999999999999991118, 45.00000000000000000 ) ) ;
#2373 = CARTESIAN_POINT ( 'NONE',  ( -41.53981670772065371, 12.00000000000000711, -16.38223044829789643 ) ) ;
#2374 = ORIENTED_EDGE ( 'NONE', *, *, #3492, .F. ) ;
#2375 = CARTESIAN_POINT ( 'NONE',  ( -54.50155494093809949, 8.000000000000000000, 15.83652999836464659 ) ) ;
#2376 = CARTESIAN_POINT ( 'NONE',  ( -1.412084803785304876, 21.63983792066095901, 41.26849862608929698 ) ) ;
#2377 = CARTESIAN_POINT ( 'NONE',  ( -13.76276519191595860, 9.000000000000000000, 57.30440064860575688 ) ) ;
#2378 = CIRCLE ( 'NONE', #1531, 31.50000000000000000 ) ;
#2379 = CARTESIAN_POINT ( 'NONE',  ( 6.499573912176417778, 70.00000000000002842, -30.12520015753124625 ) ) ;
#2380 = ADVANCED_FACE ( 'NONE', ( #1874 ), #1606, .T. ) ;
#2381 = CIRCLE ( 'NONE', #1866, 46.58359629797354273 ) ;
#2382 = ORIENTED_EDGE ( 'NONE', *, *, #198, .T. ) ;
#2383 = AXIS2_PLACEMENT_3D ( 'NONE', #1208, #1232, #931 ) ;
#2384 = DIRECTION ( 'NONE',  ( -0.000000000000000000, -1.000000000000000000, -0.000000000000000000 ) ) ;
#2385 = FACE_OUTER_BOUND ( 'NONE', #2144, .T. ) ;
#2386 = AXIS2_PLACEMENT_3D ( 'NONE', #2927, #2296, #481 ) ;
#2387 = ORIENTED_EDGE ( 'NONE', *, *, #3101, .F. ) ;
#2388 = AXIS2_PLACEMENT_3D ( 'NONE', #136, #2859, #1968 ) ;
#2389 = CARTESIAN_POINT ( 'NONE',  ( 51.96746062060501714, 8.000000000000000000, 15.55373481982210038 ) ) ;
#2390 = VECTOR ( 'NONE', #1889, 1000.000000000000000 ) ;
#2391 = CARTESIAN_POINT ( 'NONE',  ( 27.23238732658017369, 12.00000000000000533, 33.82629031389819119 ) ) ;
#2392 = CIRCLE ( 'NONE', #2077, 12.00000000000001776 ) ;
#2393 = ADVANCED_FACE ( 'NONE', ( #964 ), #2129, .T. ) ;
#2394 = DIRECTION ( 'NONE',  ( 0.000000000000000000, 0.000000000000000000, -1.000000000000000000 ) ) ;
#2395 = AXIS2_PLACEMENT_3D ( 'NONE', #1998, #480, #1389 ) ;
#2396 = CARTESIAN_POINT ( 'NONE',  ( -31.32224081580272568, 70.00000000000007105, 5.297676415001693506 ) ) ;
#2397 = ORIENTED_EDGE ( 'NONE', *, *, #421, .F. ) ;
#2398 = CARTESIAN_POINT ( 'NONE',  ( 42.82328767765058330, 12.00000000000000711, -4.910676288248372323 ) ) ;
#2399 = CARTESIAN_POINT ( 'NONE',  ( -57.29099728357201826, 9.000000000000000000, 3.945621129574694455E-13 ) ) ;
#2400 = CIRCLE ( 'NONE', #468, 5.000000000000000888 ) ;
#2401 = CARTESIAN_POINT ( 'NONE',  ( -3.841620354732954823, 70.00000000000002842, 30.85080107138719896 ) ) ;
#2402 = ADVANCED_FACE ( 'NONE', ( #2215 ), #2641, .T. ) ;
#2403 = CARTESIAN_POINT ( 'NONE',  ( -35.01078660700402168, 12.00000000000000178, 27.55115098529859807 ) ) ;
#2404 = AXIS2_PLACEMENT_3D ( 'NONE', #3496, #446, #2914 ) ;
#2405 = DIRECTION ( 'NONE',  ( 0.000000000000000000, -1.000000000000000000, 0.000000000000000000 ) ) ;
#2406 = ORIENTED_EDGE ( 'NONE', *, *, #297, .F. ) ;
#2407 = CC_DESIGN_DATE_AND_TIME_ASSIGNMENT ( #686, #664, ( #3218 ) ) ;
#2408 = FACE_OUTER_BOUND ( 'NONE', #999, .T. ) ;
#2409 = ORIENTED_EDGE ( 'NONE', *, *, #836, .T. ) ;
#2410 = DIRECTION ( 'NONE',  ( -0.000000000000000000, -1.000000000000000000, -0.000000000000000000 ) ) ;
#2411 = CARTESIAN_POINT ( 'NONE',  ( 28.45324346827570494, 21.63983792066095901, 29.12834658662594833 ) ) ;
#2412 = CYLINDRICAL_SURFACE ( 'NONE', #1951, 5.499999999999996447 ) ;
#2413 = CARTESIAN_POINT ( 'NONE',  ( -35.21926250131632941, 50.61748440986363562, -0.1436915955195339489 ) ) ;
#2414 = EDGE_LOOP ( 'NONE', ( #3312, #1333 ) ) ;
#2415 = CARTESIAN_POINT ( 'NONE',  ( 32.21198567331472162, 71.30955278317834711, -11.20523199344066256 ) ) ;
#2416 = CARTESIAN_POINT ( 'NONE',  ( 37.32704638144124942, 31.28862570601156179, -7.396029513985372006 ) ) ;
#2417 = CARTESIAN_POINT ( 'NONE',  ( -0.04591415162210826795, 60.29827007130310079, 32.58738225701837621 ) ) ;
#2418 = CARTESIAN_POINT ( 'NONE',  ( -30.74262936603603791, 31.28862570601154758, 24.66298477299178415 ) ) ;
#2419 = CIRCLE ( 'NONE', #3435, 41.10000000000000142 ) ;
#2420 = DIRECTION ( 'NONE',  ( -0.000000000000000000, -1.000000000000000000, -0.000000000000000000 ) ) ;
#2421 = CARTESIAN_POINT ( 'NONE',  ( 21.06387273499716883, 31.28862570601155468, -32.06391364456794690 ) ) ;
#2422 = ORIENTED_EDGE ( 'NONE', *, *, #2757, .T. ) ;
#2423 = CARTESIAN_POINT ( 'NONE',  ( -0.7874569999794522879, 75.50561998969183719, 0.000000000000000000 ) ) ;
#2424 = DIRECTION ( 'NONE',  ( -0.000000000000000000, -1.000000000000000000, 0.000000000000000000 ) ) ;
#2425 = CYLINDRICAL_SURFACE ( 'NONE', #3215, 3.999999999999998224 ) ;
#2426 = ORIENTED_EDGE ( 'NONE', *, *, #1473, .F. ) ;
#2427 = DIRECTION ( 'NONE',  ( 0.000000000000000000, 0.000000000000000000, -1.000000000000000000 ) ) ;
#2428 = EDGE_CURVE ( 'NONE', #2990, #707, #3143, .T. ) ;
#2429 = CARTESIAN_POINT ( 'NONE',  ( -0.7874569999794464037, 10.90058692399052909, 47.00247226794736832 ) ) ;
#2430 = CARTESIAN_POINT ( 'NONE',  ( -36.27088984818254858, 40.95305505793759693, -8.727101796565813530 ) ) ;
#2431 = ORIENTED_EDGE ( 'NONE', *, *, #3134, .T. ) ;
#2432 = DIRECTION ( 'NONE',  ( 0.000000000000000000, 1.000000000000000000, -0.000000000000000000 ) ) ;
#2433 = FACE_OUTER_BOUND ( 'NONE', #1494, .T. ) ;
#2434 = CARTESIAN_POINT ( 'NONE',  ( -15.89862014072515883, 21.63983792066095901, 38.40744572707993143 ) ) ;
#2435 = CARTESIAN_POINT ( 'NONE',  ( -12.58360561309259040, 60.29827007130311500, 30.32386004776039456 ) ) ;
#2436 = ORIENTED_EDGE ( 'NONE', *, *, #3047, .F. ) ;
#2437 = DIRECTION ( 'NONE',  ( 0.9981006301490112920, 0.000000000000000000, 0.06160464346254002771 ) ) ;
#2438 = FACE_OUTER_BOUND ( 'NONE', #2653, .T. ) ;
#2439 = EDGE_CURVE ( 'NONE', #1085, #2153, #1423, .T. ) ;
#2440 = DIRECTION ( 'NONE',  ( 0.000000000000000000, 1.000000000000000000, -0.000000000000000000 ) ) ;
#2441 = AXIS2_PLACEMENT_3D ( 'NONE', #3024, #3373, #1503 ) ;
#2442 = ORIENTED_EDGE ( 'NONE', *, *, #3474, .F. ) ;
#2443 = DIRECTION ( 'NONE',  ( 0.000000000000000000, 1.000000000000000000, -0.000000000000000000 ) ) ;
#2444 = DIRECTION ( 'NONE',  ( 0.000000000000000000, 0.000000000000000000, 1.000000000000000000 ) ) ;
#2445 = AXIS2_PLACEMENT_3D ( 'NONE', #3482, #1353, #2677 ) ;
#2446 = AXIS2_PLACEMENT_3D ( 'NONE', #3886, #1061, #1013 ) ;
#2447 = VERTEX_POINT ( 'NONE', #1549 ) ;
#2448 = CARTESIAN_POINT ( 'NONE',  ( -58.09185764858499113, 0.9999999999999991118, 12.97530819193753260 ) ) ;
#2449 = ADVANCED_FACE ( 'NONE', ( #1899 ), #1005, .F. ) ;
#2450 = CARTESIAN_POINT ( 'NONE',  ( -0.7874569999794522879, -4.336808689942017736E-16, -45.00000000000000000 ) ) ;
#2451 = PERSON_AND_ORGANIZATION ( #1906, #2195 ) ;
#2452 = EDGE_CURVE ( 'NONE', #1718, #3330, #905, .T. ) ;
#2453 = CARTESIAN_POINT ( 'NONE',  ( -37.06464796703465225, 40.95305505793759693, -4.372397957526292345 ) ) ;
#2454 = CIRCLE ( 'NONE', #2956, 12.00000000000000000 ) ;
#2455 = AXIS2_PLACEMENT_3D ( 'NONE', #2325, #2362, #1099 ) ;
#2456 = ORIENTED_EDGE ( 'NONE', *, *, #1446, .T. ) ;
#2457 = VECTOR ( 'NONE', #407, 1000.000000000000000 ) ;
#2458 = FACE_BOUND ( 'NONE', #2965, .T. ) ;
#2459 = CARTESIAN_POINT ( 'NONE',  ( 35.51666505605115987, 40.95305505793758982, -4.113906605944285921 ) ) ;
#2460 = TOROIDAL_SURFACE ( 'NONE', #977, 49.00000000000000711, 2.000000000000000000 ) ;
#2461 = DIRECTION ( 'NONE',  ( 0.000000000000000000, 0.000000000000000000, -1.000000000000000000 ) ) ;
#2462 = CARTESIAN_POINT ( 'NONE',  ( -2.895225696228135970, 50.61748440986363562, 34.40287197050649581 ) ) ;
#2463 = AXIS2_PLACEMENT_3D ( 'NONE', #3351, #1219, #3426 ) ;
#2464 = CARTESIAN_POINT ( 'NONE',  ( -18.52317205215513596, 50.61748440986363562, 29.52678067069275158 ) ) ;
#2465 = ORIENTED_EDGE ( 'NONE', *, *, #1216, .T. ) ;
#2466 = CIRCLE ( 'NONE', #2964, 1.000000000000000888 ) ;
#2467 = EDGE_LOOP ( 'NONE', ( #1658, #2830, #3378, #541 ) ) ;
#2468 = CARTESIAN_POINT ( 'NONE',  ( -56.72731222526922323, 70.58000000000002672, -51.20106372158238628 ) ) ;
#2469 = FACE_OUTER_BOUND ( 'NONE', #204, .T. ) ;
#2470 = VERTEX_POINT ( 'NONE', #70 ) ;
#2471 = DIRECTION ( 'NONE',  ( -0.2827951785422111453, 0.000000000000000000, 0.9591803203742657047 ) ) ;
#2472 = CARTESIAN_POINT ( 'NONE',  ( -0.7874569999794522879, 77.80000000000002558, 34.20000000000000284 ) ) ;
#2473 = CARTESIAN_POINT ( 'NONE',  ( -30.94663192101474536, 31.28862570601155468, -24.46615788426175442 ) ) ;
#2474 = EDGE_LOOP ( 'NONE', ( #1995, #2524, #1466, #2721, #498 ) ) ;
#2475 = FACE_OUTER_BOUND ( 'NONE', #3246, .T. ) ;
#2476 = CARTESIAN_POINT ( 'NONE',  ( 28.54078313183928017, 70.00000000000005684, -9.940722679550226815 ) ) ;
#2477 = FACE_OUTER_BOUND ( 'NONE', #2931, .T. ) ;
#2478 = DIRECTION ( 'NONE',  ( -0.000000000000000000, -1.000000000000000000, -0.000000000000000000 ) ) ;
#2479 = EDGE_CURVE ( 'NONE', #2540, #3799, #2253, .T. ) ;
#2480 = CARTESIAN_POINT ( 'NONE',  ( -29.98915239922785148, 40.95305505793757561, 22.02363578741303130 ) ) ;
#2481 = ORIENTED_EDGE ( 'NONE', *, *, #3377, .F. ) ;
#2482 = CARTESIAN_POINT ( 'NONE',  ( 25.83334534449327791, 21.63983792066095901, -31.58748882614219866 ) ) ;
#2483 = DIRECTION ( 'NONE',  ( 0.000000000000000000, 0.000000000000000000, -1.000000000000000000 ) ) ;
#2484 = EDGE_LOOP ( 'NONE', ( #1221, #3866, #2184, #861 ) ) ;
#2485 = CARTESIAN_POINT ( 'NONE',  ( -11.63397261855013198, 60.29827007130302263, -30.75295073019851699 ) ) ;
#2486 = CARTESIAN_POINT ( 'NONE',  ( -12.76466456176775033, 8.000000000000000000, -57.24279600514305599 ) ) ;
#2487 = CARTESIAN_POINT ( 'NONE',  ( -0.7874569999794522879, 9.000000000000000000, 0.000000000000000000 ) ) ;
#2488 = VERTEX_POINT ( 'NONE', #340 ) ;
#2489 = EDGE_CURVE ( 'NONE', #2153, #2148, #2576, .T. ) ;
#2490 = CARTESIAN_POINT ( 'NONE',  ( -0.7874569999794522879, 0.9999999999999991118, 0.000000000000000000 ) ) ;
#2491 = CARTESIAN_POINT ( 'NONE',  ( -30.02815746823459975, 21.63983792066096257, -29.12834658662600518 ) ) ;
#2492 = EDGE_CURVE ( 'NONE', #759, #1817, #538, .T. ) ;
#2493 = ORIENTED_EDGE ( 'NONE', *, *, #812, .T. ) ;
#2494 = DIRECTION ( 'NONE',  ( 0.000000000000000000, 0.000000000000000000, -1.000000000000000000 ) ) ;
#2495 = CARTESIAN_POINT ( 'NONE',  ( 33.37967683066062108, 50.61748440986362851, 4.274843652568453223 ) ) ;
#2496 = CARTESIAN_POINT ( 'NONE',  ( 15.04907299838464851, 8.000000000000000000, -53.71409794095879420 ) ) ;
#2497 = CYLINDRICAL_SURFACE ( 'NONE', #1759, 5.499999999999998224 ) ;
#2498 = AXIS2_PLACEMENT_3D ( 'NONE', #2703, #2016, #3911 ) ;
#2499 = CARTESIAN_POINT ( 'NONE',  ( -25.47134541705705502, 70.00000000000002842, 18.69944622801991585 ) ) ;
#2500 = CARTESIAN_POINT ( 'NONE',  ( -57.29099728357201826, 9.000000000000000000, 3.945621129574694455E-13 ) ) ;
#2501 = CARTESIAN_POINT ( 'NONE',  ( 23.29614108838432074, 21.63983792066095546, 33.56078922029802669 ) ) ;
#2502 = VERTEX_POINT ( 'NONE', #691 ) ;
#2503 = CARTESIAN_POINT ( 'NONE',  ( -17.58626971738080158, 50.61748440986363562, -30.02581082761067321 ) ) ;
#2504 = CARTESIAN_POINT ( 'NONE',  ( -58.33827622243534705, 9.000000000000000000, -16.96771071253278507 ) ) ;
#2505 = CARTESIAN_POINT ( 'NONE',  ( -0.7874569999794488462, 13.50112674534168633, 3.469446951953614189E-15 ) ) ;
#2506 = ORIENTED_EDGE ( 'NONE', *, *, #2439, .F. ) ;
#2507 = DIRECTION ( 'NONE',  ( 0.000000000000000000, 1.000000000000000000, -0.000000000000000000 ) ) ;
#2508 = CIRCLE ( 'NONE', #780, 12.99999999999995559 ) ;
#2509 = CARTESIAN_POINT ( 'NONE',  ( -9.314899996829586470, 70.00000000000002842, 29.76989003266249867 ) ) ;
#2510 = CARTESIAN_POINT ( 'NONE',  ( -32.32362004115561405, 50.61748440986363562, -13.83021929467893507 ) ) ;
#2511 = EDGE_LOOP ( 'NONE', ( #3395, #418, #2431, #2050 ) ) ;
#2512 = FACE_BOUND ( 'NONE', #76, .T. ) ;
#2513 = CARTESIAN_POINT ( 'NONE',  ( 41.63461197297700522, 12.00000000000000888, 11.37285420865865859 ) ) ;
#2514 = CARTESIAN_POINT ( 'NONE',  ( -19.27211166532156028, 40.95305505793759693, 31.48508043462814499 ) ) ;
#2515 = CARTESIAN_POINT ( 'NONE',  ( -27.24161321132721980, 60.29827007130319316, 18.97165942327387000 ) ) ;
#2516 = AXIS2_PLACEMENT_3D ( 'NONE', #1060, #3888, #270 ) ;
#2517 = ADVANCED_FACE ( 'NONE', ( #1897 ), #3295, .T. ) ;
#2518 = CARTESIAN_POINT ( 'NONE',  ( 8.980398081564958446, 70.00000000000002842, -29.41457990779373688 ) ) ;
#2519 = APPROVAL_PERSON_ORGANIZATION ( #3428, #566, #2183 ) ;
#2520 = EDGE_CURVE ( 'NONE', #687, #2032, #1247, .T. ) ;
#2521 = CARTESIAN_POINT ( 'NONE',  ( -58.09185764858514744, 9.000000000000000000, -12.97530819193673857 ) ) ;
#2522 = CARTESIAN_POINT ( 'NONE',  ( 23.20334739601275942, 60.29827007130303684, 21.98014819631688255 ) ) ;
#2523 = DIRECTION ( 'NONE',  ( 1.000000000000000000, 0.000000000000000000, -1.224646799147353207E-16 ) ) ;
#2524 = ORIENTED_EDGE ( 'NONE', *, *, #739, .T. ) ;
#2525 = CARTESIAN_POINT ( 'NONE',  ( -4.983769289081320331, 50.61748440986362141, -34.22574318105836966 ) ) ;
#2526 = DIRECTION ( 'NONE',  ( -0.06160464346253993750, 0.000000000000000000, 0.9981006301490112920 ) ) ;
#2527 = AXIS2_PLACEMENT_3D ( 'NONE', #3520, #435, #2567 ) ;
#2528 = DIRECTION ( 'NONE',  ( 0.000000000000000000, 0.000000000000000000, -1.000000000000000000 ) ) ;
#2529 = CIRCLE ( 'NONE', #796, 5.499999999999996447 ) ;
#2530 = ORIENTED_EDGE ( 'NONE', *, *, #1135, .F. ) ;
#2531 = APPROVAL ( #2822, 'UNSPECIFIED' ) ;
#2532 = DIRECTION ( 'NONE',  ( -0.2827951785422175845, 0.000000000000000000, -0.9591803203742639283 ) ) ;
#2533 = CARTESIAN_POINT ( 'NONE',  ( -27.53919974459617492, 21.63983792066095901, -31.47523677586809043 ) ) ;
#2534 = ORIENTED_EDGE ( 'NONE', *, *, #3146, .F. ) ;
#2535 = CARTESIAN_POINT ( 'NONE',  ( -75.31222111241920913, 70.58000000000002672, 14.03124594728238428 ) ) ;
#2536 = CARTESIAN_POINT ( 'NONE',  ( 30.85736666240760684, 60.29827007130303684, -7.569065046307908773 ) ) ;
#2537 = DIRECTION ( 'NONE',  ( 0.000000000000000000, 0.000000000000000000, -1.000000000000000000 ) ) ;
#2538 = CARTESIAN_POINT ( 'NONE',  ( -19.82599144231180333, 31.28862570601155468, 33.85946279658886482 ) ) ;
#2539 = CARTESIAN_POINT ( 'NONE',  ( -40.94529603021252484, 21.63983792066095901, 9.629115108114373101 ) ) ;
#2540 = VERTEX_POINT ( 'NONE', #52 ) ;
#2541 = DIRECTION ( 'NONE',  ( 0.000000000000000000, 1.000000000000000000, 0.000000000000000000 ) ) ;
#2542 = CARTESIAN_POINT ( 'NONE',  ( 20.48442432755332376, 21.63983792066095901, 35.36928333359588805 ) ) ;
#2543 = ORIENTED_EDGE ( 'NONE', *, *, #1263, .T. ) ;
#2544 = CARTESIAN_POINT ( 'NONE',  ( -20.40473001794743269, 70.00000000000002842, -23.96093145017221460 ) ) ;
#2545 = LINE ( 'NONE', #58, #2889 ) ;
#2546 = CARTESIAN_POINT ( 'NONE',  ( 55.71608328361311635, 0.000000000000000000, 5.499999999999996447 ) ) ;
#2547 = ORIENTED_EDGE ( 'NONE', *, *, #474, .T. ) ;
#2548 = DIRECTION ( 'NONE',  ( 0.000000000000000000, 1.000000000000000000, 0.000000000000000000 ) ) ;
#2549 = CARTESIAN_POINT ( 'NONE',  ( -30.35309591292593367, 50.61748440986362141, -17.65393946763846600 ) ) ;
#2550 = VERTEX_POINT ( 'NONE', #3110 ) ;
#2551 = DIRECTION ( 'NONE',  ( 0.000000000000000000, 1.000000000000000000, 0.000000000000000000 ) ) ;
#2552 = CARTESIAN_POINT ( 'NONE',  ( 31.29780703052444224, 50.61748440986362141, 12.50297625170223448 ) ) ;
#2553 = DIRECTION ( 'NONE',  ( 0.000000000000000000, 0.000000000000000000, -1.000000000000000000 ) ) ;
#2554 = CARTESIAN_POINT ( 'NONE',  ( -26.55496660279349896, 12.00000000000000711, 35.58563837947341568 ) ) ;
#2555 = CARTESIAN_POINT ( 'NONE',  ( -28.55373167510184729, 50.61748440986360720, 20.34320848015336480 ) ) ;
#2556 = ORIENTED_EDGE ( 'NONE', *, *, #1210, .T. ) ;
#2557 = EDGE_CURVE ( 'NONE', #2180, #2984, #161, .T. ) ;
#2558 = DIRECTION ( 'NONE',  ( 0.000000000000000000, 0.000000000000000000, -1.000000000000000000 ) ) ;
#2559 = CARTESIAN_POINT ( 'NONE',  ( 18.56907577578337865, 31.28862570601155468, 33.66326168473291602 ) ) ;
#2560 = ADVANCED_FACE ( 'NONE', ( #1934 ), #3130, .F. ) ;
#2561 = EDGE_LOOP ( 'NONE', ( #45, #2658, #3600, #3187 ) ) ;
#2562 = CARTESIAN_POINT ( 'NONE',  ( -15.29083200890443628, 50.61748440986362141, -31.22468821180403253 ) ) ;
#2563 = CARTESIAN_POINT ( 'NONE',  ( -0.7874569999796461328, 9.000000000000000000, -56.50354028359257086 ) ) ;
#2564 = EDGE_CURVE ( 'NONE', #2192, #889, #3421, .T. ) ;
#2565 = LINE ( 'NONE', #3182, #2640 ) ;
#2566 = VERTEX_POINT ( 'NONE', #110 ) ;
#2567 = DIRECTION ( 'NONE',  ( 0.000000000000000000, 0.000000000000000000, -1.000000000000000000 ) ) ;
#2568 = CARTESIAN_POINT ( 'NONE',  ( -25.90677281651340635, 12.00000000000000533, -35.98654979092368222 ) ) ;
#2569 = ORIENTED_EDGE ( 'NONE', *, *, #3094, .T. ) ;
#2570 = CARTESIAN_POINT ( 'NONE',  ( 51.96746062060501714, 9.000000000000000000, 15.55373481982210038 ) ) ;
#2571 = ADVANCED_FACE ( 'NONE', ( #733 ), #2497, .F. ) ;
#2572 = CARTESIAN_POINT ( 'NONE',  ( 32.18692871687918000, 31.28862570601155468, 20.51533333311962792 ) ) ;
#2573 = CARTESIAN_POINT ( 'NONE',  ( -22.18762594871151705, 70.00000000000001421, 22.40217219893514411 ) ) ;
#2574 = CIRCLE ( 'NONE', #2320, 5.000000000000000888 ) ;
#2575 = ORIENTED_EDGE ( 'NONE', *, *, #2084, .F. ) ;
#2576 = CIRCLE ( 'NONE', #843, 1.000000000000000888 ) ;
#2577 = CARTESIAN_POINT ( 'NONE',  ( 37.74997533485135648, 21.63983792066095901, -14.77651676759981925 ) ) ;
#2578 = CARTESIAN_POINT ( 'NONE',  ( -9.804155154152315532, 71.30955278317833290, -33.66332715539849119 ) ) ;
#2579 = CARTESIAN_POINT ( 'NONE',  ( 17.92026701869375671, 70.00000000000001421, 24.70559661811403629 ) ) ;
#2580 = CIRCLE ( 'NONE', #1744, 45.00000000000000000 ) ;
#2581 = AXIS2_PLACEMENT_3D ( 'NONE', #472, #1715, #2645 ) ;
#2582 = CARTESIAN_POINT ( 'NONE',  ( 8.229241154193404739, 71.30955278317833290, 33.66332715539848408 ) ) ;
#2583 = CARTESIAN_POINT ( 'NONE',  ( 0.7148805862764981978, 70.00000000000002842, -30.97473708018972616 ) ) ;
#2584 = DIRECTION ( 'NONE',  ( 0.000000000000000000, 0.000000000000000000, 1.000000000000000000 ) ) ;
#2585 = AXIS2_PLACEMENT_3D ( 'NONE', #865, #3327, #2971 ) ;
#2586 = AXIS2_PLACEMENT_3D ( 'NONE', #732, #2926, #2036 ) ;
#2587 = DIRECTION ( 'NONE',  ( -0.000000000000000000, -1.000000000000000000, 0.000000000000000000 ) ) ;
#2588 = EDGE_LOOP ( 'NONE', ( #735, #1573, #1371, #1101 ) ) ;
#2589 = TOROIDAL_SURFACE ( 'NONE', #2083, 5.000000000000000000, 1.000000000000000000 ) ;
#2590 = CARTESIAN_POINT ( 'NONE',  ( -0.7874569999796461328, 9.000000000000000000, -56.50354028359257086 ) ) ;
#2591 = AXIS2_PLACEMENT_3D ( 'NONE', #1150, #3045, #1814 ) ;
#2592 = CARTESIAN_POINT ( 'NONE',  ( -24.43040154303961486, 12.00000000000000533, -37.01708582442250872 ) ) ;
#2593 = ORIENTED_EDGE ( 'NONE', *, *, #3160, .T. ) ;
#2594 = FACE_BOUND ( 'NONE', #1686, .T. ) ;
#2595 = CARTESIAN_POINT ( 'NONE',  ( 29.61521745902848579, 70.00000000000004263, 6.024363769348895836 ) ) ;
#2596 = DIRECTION ( 'NONE',  ( 0.000000000000000000, 0.000000000000000000, -1.000000000000000000 ) ) ;
#2597 = CARTESIAN_POINT ( 'NONE',  ( -44.39820167760948522, 12.00000000000000000, 4.910676288248368770 ) ) ;
#2598 = AXIS2_PLACEMENT_3D ( 'NONE', #1200, #2410, #3325 ) ;
#2599 = VERTEX_POINT ( 'NONE', #3195 ) ;
#2600 = CARTESIAN_POINT ( 'NONE',  ( 19.92289301150199776, 70.00000000000000000, -23.02270703073982006 ) ) ;
#2601 = DIRECTION ( 'NONE',  ( 1.000000000000000000, -0.000000000000000000, -1.224646799147353207E-16 ) ) ;
#2602 = CARTESIAN_POINT ( 'NONE',  ( 5.734458004984243296, 40.95305505793759693, 36.00530217834089797 ) ) ;
#2603 = CARTESIAN_POINT ( 'NONE',  ( 3.764597705204786315, 71.30955278317833290, -34.55139995334290859 ) ) ;
#2604 = CARTESIAN_POINT ( 'NONE',  ( 17.46345632842213647, 12.00000000000000533, -39.91135121271359765 ) ) ;
#2605 = DIRECTION ( 'NONE',  ( -0.000000000000000000, -1.000000000000000000, 0.000000000000000000 ) ) ;
#2606 = CYLINDRICAL_SURFACE ( 'NONE', #1224, 13.00000000000001776 ) ;
#2607 = ORIENTED_EDGE ( 'NONE', *, *, #218, .F. ) ;
#2608 = CARTESIAN_POINT ( 'NONE',  ( -0.7874569999794472919, 79.50000000000001421, 41.10000000000000142 ) ) ;
#2609 = CARTESIAN_POINT ( 'NONE',  ( -19.17647016774092350, 21.63983792066095901, -36.98571430983808028 ) ) ;
#2610 = AXIS2_PLACEMENT_3D ( 'NONE', #3369, #2532, #1562 ) ;
#2611 = ORIENTED_EDGE ( 'NONE', *, *, #1337, .F. ) ;
#2612 = CARTESIAN_POINT ( 'NONE',  ( 100.9551777700951760, 12.00000000000000178, 26.33317812272567693 ) ) ;
#2613 = EDGE_CURVE ( 'NONE', #710, #762, #1302, .T. ) ;
#2614 = CARTESIAN_POINT ( 'NONE',  ( 29.53640304778082282, 60.29827007130314342, 11.79614861311318030 ) ) ;
#2615 = FACE_OUTER_BOUND ( 'NONE', #3574, .T. ) ;
#2616 = ADVANCED_FACE ( 'NONE', ( #1670 ), #1093, .F. ) ;
#2617 = CARTESIAN_POINT ( 'NONE',  ( -36.41587138935992840, 40.95305505793761114, 8.086260265684192206 ) ) ;
#2618 = ORIENTED_EDGE ( 'NONE', *, *, #1971, .F. ) ;
#2619 = CARTESIAN_POINT ( 'NONE',  ( 25.04033620160697993, 60.29827007130306527, -19.78915633964450649 ) ) ;
#2620 = CARTESIAN_POINT ( 'NONE',  ( -0.7874569999788638697, 0.9999999999999991118, 56.50354028359257086 ) ) ;
#2621 = CARTESIAN_POINT ( 'NONE',  ( 8.556339387907582861, 12.00000000000000533, 42.91247513806001734 ) ) ;
#2622 = CARTESIAN_POINT ( 'NONE',  ( 56.76336222247633145, 8.000000000000000000, 16.96771071253320073 ) ) ;
#2623 = CARTESIAN_POINT ( 'NONE',  ( 7.104640360534293819, 31.28862570601154758, -38.06174607716716451 ) ) ;
#2624 = DIRECTION ( 'NONE',  ( 0.000000000000000000, 0.000000000000000000, -1.000000000000000000 ) ) ;
#2625 = ORIENTED_EDGE ( 'NONE', *, *, #1505, .T. ) ;
#2626 = DIRECTION ( 'NONE',  ( 0.000000000000000000, 0.000000000000000000, -1.000000000000000000 ) ) ;
#2627 = CARTESIAN_POINT ( 'NONE',  ( -25.29331729326991152, 31.28862570601154047, -30.12593598706317266 ) ) ;
#2628 =( BOUNDED_CURVE ( )  B_SPLINE_CURVE ( 3, ( #3337, #2090, #589, #574 ),
 .UNSPECIFIED., .F., .F. ) 
 B_SPLINE_CURVE_WITH_KNOTS ( ( 4, 4 ),
 ( 0.4375825232023441425, 0.5000000000000000000 ),
 .UNSPECIFIED. ) 
 CURVE ( )  GEOMETRIC_REPRESENTATION_ITEM ( )  RATIONAL_B_SPLINE_CURVE ( ( 0.7814976240876373437, 0.8439425722989928325, 0.9167766976031137549, 1.000000000000000000 ) ) 
 REPRESENTATION_ITEM ( '' )  );
#2629 = ORIENTED_EDGE ( 'NONE', *, *, #3348, .T. ) ;
#2630 = DIRECTION ( 'NONE',  ( -0.000000000000000000, -1.000000000000000000, -0.000000000000000000 ) ) ;
#2631 = CARTESIAN_POINT ( 'NONE',  ( 28.62712290781428237, 70.00000000000005684, 9.767855081544423612 ) ) ;
#2632 = DIRECTION ( 'NONE',  ( 0.000000000000000000, 0.000000000000000000, -1.000000000000000000 ) ) ;
#2633 = DIRECTION ( 'NONE',  ( 0.000000000000000000, 0.000000000000000000, 1.000000000000000000 ) ) ;
#2634 = CARTESIAN_POINT ( 'NONE',  ( -37.29898139842457283, 40.95305505793761114, 1.349848852037743185 ) ) ;
#2635 = CIRCLE ( 'NONE', #2441, 0.9999999999999998890 ) ;
#2636 = VERTEX_POINT ( 'NONE', #2638 ) ;
#2637 = CARTESIAN_POINT ( 'NONE',  ( 32.90466671840572133, 31.28862570601155468, -19.24619361686907837 ) ) ;
#2638 = CARTESIAN_POINT ( 'NONE',  ( 15.04907299838537149, 8.000000000000000000, 53.71409794095858814 ) ) ;
#2639 = CARTESIAN_POINT ( 'NONE',  ( 14.64869711805112829, 21.63983792066095901, 38.31219145830046813 ) ) ;
#2640 = VECTOR ( 'NONE', #1313, 1000.000000000000000 ) ;
#2641 = TOROIDAL_SURFACE ( 'NONE', #3772, 34.70000000000000284, 0.5000000000000000000 ) ;
#2642 = EDGE_CURVE ( 'NONE', #2470, #264, #506, .T. ) ;
#2643 = ADVANCED_FACE ( 'NONE', ( #1346 ), #1375, .T. ) ;
#2644 = CARTESIAN_POINT ( 'NONE',  ( -4.340084985736812229, 70.00000000000005684, -30.81860031849028658 ) ) ;
#2645 = DIRECTION ( 'NONE',  ( 0.000000000000000000, 0.000000000000000000, -1.000000000000000000 ) ) ;
#2646 = TOROIDAL_SURFACE ( 'NONE', #3014, 4.999999999999998224, 1.000000000000000000 ) ;
#2647 = EDGE_LOOP ( 'NONE', ( #2986, #2456, #800, #2298 ) ) ;
#2648 = AXIS2_PLACEMENT_3D ( 'NONE', #679, #3747, #2839 ) ;
#2649 = ADVANCED_FACE ( 'NONE', ( #3237 ), #2842, .T. ) ;
#2650 = CYLINDRICAL_SURFACE ( 'NONE', #2337, 5.499999999999996447 ) ;
#2651 = DIRECTION ( 'NONE',  ( -0.000000000000000000, -1.000000000000000000, 0.000000000000000000 ) ) ;
#2652 = CIRCLE ( 'NONE', #1236, 4.999999999999997335 ) ;
#2653 = EDGE_LOOP ( 'NONE', ( #20, #1767, #1072, #164 ) ) ;
#2654 = CARTESIAN_POINT ( 'NONE',  ( -17.75516771251200865, 8.000000000000000000, 57.55081922245597070 ) ) ;
#2655 = CARTESIAN_POINT ( 'NONE',  ( -16.34119181980166502, 8.000000000000000000, -52.75491762058445033 ) ) ;
#2656 = CARTESIAN_POINT ( 'NONE',  ( -0.7874569999794522879, 0.000000000000000000, 0.000000000000000000 ) ) ;
#2657 = CARTESIAN_POINT ( 'NONE',  ( -32.94349421833707936, 60.29827007130312211, 5.128645201496256689 ) ) ;
#2658 = ORIENTED_EDGE ( 'NONE', *, *, #2041, .F. ) ;
#2659 = CARTESIAN_POINT ( 'NONE',  ( 26.97881767514295248, 50.61748440986363562, -20.34320848015336125 ) ) ;
#2660 = CARTESIAN_POINT ( 'NONE',  ( -0.7874569999794492903, 71.30955278317834711, -34.77556630983301744 ) ) ;
#2661 = CARTESIAN_POINT ( 'NONE',  ( 1.339148437953980419, 21.63983792066095901, 41.31014047967635605 ) ) ;
#2662 = CARTESIAN_POINT ( 'NONE',  ( 14.94286162539350649, 40.95305505793758982, -32.99271467510489941 ) ) ;
#2663 = DIRECTION ( 'NONE',  ( -0.000000000000000000, -1.000000000000000000, 0.000000000000000000 ) ) ;
#2664 = ORIENTED_EDGE ( 'NONE', *, *, #2688, .T. ) ;
#2665 = DIRECTION ( 'NONE',  ( 0.000000000000000000, 0.000000000000000000, -1.000000000000000000 ) ) ;
#2666 = EDGE_CURVE ( 'NONE', #1403, #1077, #281, .T. ) ;
#2667 = DIRECTION ( 'NONE',  ( -0.000000000000000000, -1.000000000000000000, 0.000000000000000000 ) ) ;
#2668 = VERTEX_POINT ( 'NONE', #2023 ) ;
#2669 = CARTESIAN_POINT ( 'NONE',  ( -17.75516771251280446, 9.000000000000000000, -57.55081922245575043 ) ) ;
#2670 = CARTESIAN_POINT ( 'NONE',  ( -0.7874569999794522879, 70.00000000000000000, 0.000000000000000000 ) ) ;
#2671 = FACE_OUTER_BOUND ( 'NONE', #1355, .T. ) ;
#2672 = CARTESIAN_POINT ( 'NONE',  ( -32.86621308177939937, 50.61748440986360720, 12.43795935088104265 ) ) ;
#2673 = ORIENTED_EDGE ( 'NONE', *, *, #3803, .F. ) ;
#2674 = CARTESIAN_POINT ( 'NONE',  ( 27.72936098214583112, 70.00000000000004263, -12.12577365366398041 ) ) ;
#2675 = DIRECTION ( 'NONE',  ( -0.9981006301490109589, 0.000000000000000000, 0.06160464346254695273 ) ) ;
#2676 = CARTESIAN_POINT ( 'NONE',  ( -1.424697820516740432, 40.95305505793759693, 36.57011719455853438 ) ) ;
#2677 = DIRECTION ( 'NONE',  ( 0.000000000000000000, 0.000000000000000000, -1.000000000000000000 ) ) ;
#2678 = EDGE_CURVE ( 'NONE', #347, #3174, #444, .T. ) ;
#2679 = CARTESIAN_POINT ( 'NONE',  ( -0.7874569999794480690, 79.00000000000001421, -34.20000000000000284 ) ) ;
#2680 = EDGE_CURVE ( 'NONE', #2214, #3425, #1495, .T. ) ;
#2681 = LINE ( 'NONE', #556, #165 ) ;
#2682 = ORIENTED_EDGE ( 'NONE', *, *, #2897, .T. ) ;
#2683 = ADVANCED_FACE ( 'NONE', ( #3300, #234 ), #3585, .T. ) ;
#2684 = CARTESIAN_POINT ( 'NONE',  ( 8.718753322402868378, 69.99999999999981526, -32.64401882897752216 ) ) ;
#2685 = DIRECTION ( 'NONE',  ( 0.000000000000000000, 0.000000000000000000, -1.000000000000000000 ) ) ;
#2686 = ORIENTED_EDGE ( 'NONE', *, *, #3490, .T. ) ;
#2687 = DIRECTION ( 'NONE',  ( 0.000000000000000000, 0.000000000000000000, -1.000000000000000000 ) ) ;
#2688 = EDGE_CURVE ( 'NONE', #915, #889, #3093, .T. ) ;
#2689 = DIRECTION ( 'NONE',  ( 0.000000000000000000, 0.000000000000000000, -1.000000000000000000 ) ) ;
#2690 = CARTESIAN_POINT ( 'NONE',  ( -39.31604827830183524, 21.63983792066095901, -14.89610432559778275 ) ) ;
#2691 = ORIENTED_EDGE ( 'NONE', *, *, #260, .T. ) ;
#2692 = CARTESIAN_POINT ( 'NONE',  ( 24.51974629136549311, 70.00000000000007105, -17.87664994745065528 ) ) ;
#2693 = DIRECTION ( 'NONE',  ( 0.000000000000000000, 1.000000000000000000, -0.000000000000000000 ) ) ;
#2694 = CARTESIAN_POINT ( 'NONE',  ( -11.61235854718725413, 21.63983792066095901, 39.90511079452965504 ) ) ;
#2695 = CARTESIAN_POINT ( 'NONE',  ( -9.314899996829586470, 70.00000000000002842, 29.76989003266249867 ) ) ;
#2696 = DIRECTION ( 'NONE',  ( -1.084202172485503448E-16, 0.000000000000000000, -1.000000000000000000 ) ) ;
#2697 = ORIENTED_EDGE ( 'NONE', *, *, #1020, .F. ) ;
#2698 = CYLINDRICAL_SURFACE ( 'NONE', #3090, 12.99999999999995559 ) ;
#2699 = AXIS2_PLACEMENT_3D ( 'NONE', #1778, #611, #1941 ) ;
#2700 = DIRECTION ( 'NONE',  ( 0.000000000000000000, 0.000000000000000000, -1.000000000000000000 ) ) ;
#2701 = VERTEX_POINT ( 'NONE', #2375 ) ;
#2702 = AXIS2_PLACEMENT_3D ( 'NONE', #757, #2027, #1989 ) ;
#2703 = CARTESIAN_POINT ( 'NONE',  ( -0.7874569999794522879, 77.80000000000002558, 0.000000000000000000 ) ) ;
#2704 = CARTESIAN_POINT ( 'NONE',  ( 25.96428574463728722, 21.63983792066095546, 31.47523677586805491 ) ) ;
#2705 = AXIS2_PLACEMENT_3D ( 'NONE', #3658, #3620, #1162 ) ;
#2706 = DIRECTION ( 'NONE',  ( 0.000000000000000000, 1.000000000000000000, 0.000000000000000000 ) ) ;
#2707 = CIRCLE ( 'NONE', #530, 43.88635087296960080 ) ;
#2708 = CARTESIAN_POINT ( 'NONE',  ( -39.36212420870488415, 31.28862570601156889, -4.191684521653287199 ) ) ;
#2709 = EDGE_LOOP ( 'NONE', ( #2796, #2094, #693, #3668 ) ) ;
#2710 = CARTESIAN_POINT ( 'NONE',  ( 22.19316748415225504, 71.30955278317834711, -26.19945303043903451 ) ) ;
#2711 = CARTESIAN_POINT ( 'NONE',  ( 23.89643141709816021, 70.00000000000007105, -18.69944622801990874 ) ) ;
#2712 = DIRECTION ( 'NONE',  ( 0.000000000000000000, 1.000000000000000000, 0.000000000000000000 ) ) ;
#2713 = CIRCLE ( 'NONE', #3792, 4.000000000000003553 ) ;
#2714 = CARTESIAN_POINT ( 'NONE',  ( -1.614301184996030258, 31.28862570601155468, 38.87908104989097069 ) ) ;
#2715 = CARTESIAN_POINT ( 'NONE',  ( -20.60244048194092059, 60.29827007130299421, 25.80798403417830045 ) ) ;
#2716 = AXIS2_PLACEMENT_3D ( 'NONE', #3415, #1601, #2156 ) ;
#2717 = CARTESIAN_POINT ( 'NONE',  ( 26.52507140850197231, 12.00000000000000533, -34.40031039620369313 ) ) ;
#2718 = ORIENTED_EDGE ( 'NONE', *, *, #1508, .F. ) ;
#2719 = CYLINDRICAL_SURFACE ( 'NONE', #1884, 5.499999999999998224 ) ;
#2720 = DIRECTION ( 'NONE',  ( -0.000000000000000000, -1.000000000000000000, -0.000000000000000000 ) ) ;
#2721 = ORIENTED_EDGE ( 'NONE', *, *, #1843, .F. ) ;
#2722 = FACE_OUTER_BOUND ( 'NONE', #3510, .T. ) ;
#2723 = FACE_OUTER_BOUND ( 'NONE', #3857, .T. ) ;
#2724 = CARTESIAN_POINT ( 'NONE',  ( -38.23713693675344416, 31.28862570601155468, -10.27306957374047158 ) ) ;
#2725 = CARTESIAN_POINT ( 'NONE',  ( -0.7874569999796461328, 0.9999999999999991118, -56.50354028359257086 ) ) ;
#2726 = EDGE_CURVE ( 'NONE', #3106, #2800, #2089, .T. ) ;
#2727 = CARTESIAN_POINT ( 'NONE',  ( 35.51394387225367666, 31.28862570601155468, -13.76431347382579240 ) ) ;
#2728 = CARTESIAN_POINT ( 'NONE',  ( -0.7874569999794522879, 77.80000000000002558, 0.000000000000000000 ) ) ;
#2729 = CARTESIAN_POINT ( 'NONE',  ( -12.03131536995893036, 12.00000000000000533, 42.42154454874602010 ) ) ;
#2730 = CARTESIAN_POINT ( 'NONE',  ( -38.90451941509375899, 12.00000000000000178, 21.87646633558675546 ) ) ;
#2731 = ORIENTED_EDGE ( 'NONE', *, *, #1187, .F. ) ;
#2732 = CARTESIAN_POINT ( 'NONE',  ( -0.7874569999794522879, 9.000000000000000000, 0.000000000000000000 ) ) ;
#2733 = CARTESIAN_POINT ( 'NONE',  ( -13.76276519191676151, 9.000000000000000000, -57.30440064860560057 ) ) ;
#2734 = EDGE_CURVE ( 'NONE', #221, #2028, #2962, .T. ) ;
#2735 = ORIENTED_EDGE ( 'NONE', *, *, #717, .T. ) ;
#2736 = ADVANCED_FACE ( 'NONE', ( #586 ), #1372, .F. ) ;
#2737 = LINE ( 'NONE', #2147, #583 ) ;
#2738 = DIRECTION ( 'NONE',  ( -0.000000000000000000, -1.000000000000000000, -0.000000000000000000 ) ) ;
#2739 = EDGE_LOOP ( 'NONE', ( #1780, #3605, #2406, #3051 ) ) ;
#2740 = FACE_OUTER_BOUND ( 'NONE', #3211, .T. ) ;
#2741 = CARTESIAN_POINT ( 'NONE',  ( -22.63878673495608140, 31.28862570601155468, 32.06391364456793980 ) ) ;
#2742 = CARTESIAN_POINT ( 'NONE',  ( -40.83979070416107504, 12.00000000000000355, -18.02953228588463119 ) ) ;
#2743 = ORIENTED_EDGE ( 'NONE', *, *, #3667, .F. ) ;
#2744 = FACE_BOUND ( 'NONE', #1581, .T. ) ;
#2745 = CARTESIAN_POINT ( 'NONE',  ( 27.41649121484534035, 60.29827007130287342, -16.26035770636880073 ) ) ;
#2746 = CARTESIAN_POINT ( 'NONE',  ( 0.8972770520632085134, 40.95305505793759693, 36.55241211547466662 ) ) ;
#2747 = CARTESIAN_POINT ( 'NONE',  ( -21.22532465735375595, 50.61748440986363562, 27.72507765195292606 ) ) ;
#2748 = DIRECTION ( 'NONE',  ( 0.000000000000000000, 0.000000000000000000, -1.000000000000000000 ) ) ;
#2749 = LINE ( 'NONE', #2733, #3282 ) ;
#2750 = CIRCLE ( 'NONE', #512, 4.999999999999997335 ) ;
#2751 = EDGE_CURVE ( 'NONE', #3264, #759, #984, .T. ) ;
#2752 = VERTEX_POINT ( 'NONE', #853 ) ;
#2753 = DIRECTION ( 'NONE',  ( 0.000000000000000000, 0.000000000000000000, 1.000000000000000000 ) ) ;
#2754 = AXIS2_PLACEMENT_3D ( 'NONE', #3165, #2587, #2896 ) ;
#2755 = CIRCLE ( 'NONE', #2383, 34.20000000000000284 ) ;
#2756 = VERTEX_POINT ( 'NONE', #3007 ) ;
#2757 = EDGE_CURVE ( 'NONE', #2238, #1268, #736, .T. ) ;
#2758 = DIRECTION ( 'NONE',  ( 0.000000000000000000, 0.000000000000000000, -1.000000000000000000 ) ) ;
#2759 = APPROVAL_DATE_TIME ( #312, #2531 ) ;
#2760 = CARTESIAN_POINT ( 'NONE',  ( -31.23711608142791007, 21.63983792066096257, -27.91472477730801671 ) ) ;
#2761 = COORDINATED_UNIVERSAL_TIME_OFFSET ( 0, 0, .AHEAD. ) ;
#2762 = AXIS2_PLACEMENT_3D ( 'NONE', #2314, #126, #2633 ) ;
#2763 = AXIS2_PLACEMENT_3D ( 'NONE', #1120, #2663, #3871 ) ;
#2764 = ORIENTED_EDGE ( 'NONE', *, *, #1508, .T. ) ;
#2765 = TOROIDAL_SURFACE ( 'NONE', #970, 4.999999999999998224, 1.000000000000000000 ) ;
#2766 = DIRECTION ( 'NONE',  ( -0.9981006301490105148, 0.000000000000000000, 0.06160464346255385693 ) ) ;
#2767 = TOROIDAL_SURFACE ( 'NONE', #1551, 35.97919635613710909, 2.000000000000000000 ) ;
#2768 = CARTESIAN_POINT ( 'NONE',  ( 28.16343660070570110, 70.00000000000005684, -11.05401293366434246 ) ) ;
#2769 = CIRCLE ( 'NONE', #1172, 3.999999999999996447 ) ;
#2770 = DIRECTION ( 'NONE',  ( -0.000000000000000000, -1.000000000000000000, -0.000000000000000000 ) ) ;
#2771 = CARTESIAN_POINT ( 'NONE',  ( -0.7874569999796461328, 9.000000000000000000, -56.50354028359257086 ) ) ;
#2772 = CARTESIAN_POINT ( 'NONE',  ( 11.18975056180845584, 0.000000000000000000, -57.24279600514311994 ) ) ;
#2773 = ORIENTED_EDGE ( 'NONE', *, *, #2262, .F. ) ;
#2774 = VECTOR ( 'NONE', #520, 1000.000000000000000 ) ;
#2775 = ADVANCED_FACE ( 'NONE', ( #2433 ), #3356, .T. ) ;
#2776 = AXIS2_PLACEMENT_3D ( 'NONE', #1015, #3167, #1083 ) ;
#2777 = DIRECTION ( 'NONE',  ( 0.000000000000000000, 0.000000000000000000, 1.000000000000000000 ) ) ;
#2778 = AXIS2_PLACEMENT_3D ( 'NONE', #2003, #2887, #2043 ) ;
#2779 = LINE ( 'NONE', #3704, #655 ) ;
#2780 = ORIENTED_EDGE ( 'NONE', *, *, #1915, .F. ) ;
#2781 = ADVANCED_FACE ( 'NONE', ( #606 ), #902, .T. ) ;
#2782 = EDGE_CURVE ( 'NONE', #1105, #1555, #668, .T. ) ;
#2783 = AXIS2_PLACEMENT_3D ( 'NONE', #864, #2630, #1159 ) ;
#2784 = FACE_OUTER_BOUND ( 'NONE', #1004, .T. ) ;
#2785 = ORIENTED_EDGE ( 'NONE', *, *, #2193, .F. ) ;
#2786 = DIRECTION ( 'NONE',  ( -0.000000000000000000, -1.000000000000000000, 0.000000000000000000 ) ) ;
#2787 = CARTESIAN_POINT ( 'NONE',  ( -33.33558302861046485, 50.61748440986362141, -11.15208126737513616 ) ) ;
#2788 = VERTEX_POINT ( 'NONE', #1454 ) ;
#2789 = FACE_BOUND ( 'NONE', #2209, .T. ) ;
#2790 = CARTESIAN_POINT ( 'NONE',  ( 31.74999091947601570, 60.29827007130320737, 0.009653369260273492181 ) ) ;
#2791 = DIRECTION ( 'NONE',  ( -0.000000000000000000, -1.000000000000000000, -0.000000000000000000 ) ) ;
#2792 = CARTESIAN_POINT ( 'NONE',  ( -27.84597862344820385, 60.29827007130303684, 18.10244003431197513 ) ) ;
#2793 = CARTESIAN_POINT ( 'NONE',  ( 16.27423617421797886, 60.29827007130313632, -27.74783924268473712 ) ) ;
#2794 = CARTESIAN_POINT ( 'NONE',  ( -16.34119181980096158, 1.000000000000000000, 52.75491762058464218 ) ) ;
#2795 = AXIS2_PLACEMENT_3D ( 'NONE', #1617, #2507, #1295 ) ;
#2796 = ORIENTED_EDGE ( 'NONE', *, *, #3733, .T. ) ;
#2797 = CARTESIAN_POINT ( 'NONE',  ( -17.97542076163037805, 60.29827007130281658, -27.65474662045490106 ) ) ;
#2798 = FACE_OUTER_BOUND ( 'NONE', #1498, .T. ) ;
#2799 = CARTESIAN_POINT ( 'NONE',  ( -0.7874569999794505115, 69.71228176308378011, 1.734723475976807094E-15 ) ) ;
#2800 = VERTEX_POINT ( 'NONE', #883 ) ;
#2801 = CARTESIAN_POINT ( 'NONE',  ( -54.50155494093809949, 9.000000000000000000, 15.83652999836464659 ) ) ;
#2802 = CARTESIAN_POINT ( 'NONE',  ( -28.81548385206141205, 31.28862570601155468, -26.88119090208244799 ) ) ;
#2803 = APPROVAL_STATUS ( 'not_yet_approved' ) ;
#2804 = EDGE_CURVE ( 'NONE', #2911, #911, #1886, .T. ) ;
#2805 = VERTEX_POINT ( 'NONE', #2496 ) ;
#2806 = EDGE_CURVE ( 'NONE', #707, #2800, #1177, .T. ) ;
#2807 = DIRECTION ( 'NONE',  ( 0.000000000000000000, 0.000000000000000000, -1.000000000000000000 ) ) ;
#2808 = CARTESIAN_POINT ( 'NONE',  ( 35.75072522488367355, 40.95305505793759693, 0.06290785925503394882 ) ) ;
#2809 = DIRECTION ( 'NONE',  ( -0.9591803203742643724, -0.000000000000000000, -0.2827951785422159192 ) ) ;
#2810 = CARTESIAN_POINT ( 'NONE',  ( -24.82186897888782084, 12.00000000000000711, 36.72000590650153384 ) ) ;
#2811 = TOROIDAL_SURFACE ( 'NONE', #3539, 35.01730587563331198, 12.00000000000000000 ) ;
#2812 = CARTESIAN_POINT ( 'NONE',  ( -35.05624569564908910, 31.28862570601154047, 18.23669178261035029 ) ) ;
#2813 = ORIENTED_EDGE ( 'NONE', *, *, #3318, .F. ) ;
#2814 = DIRECTION ( 'NONE',  ( 0.000000000000000000, 0.000000000000000000, -1.000000000000000000 ) ) ;
#2815 = EDGE_LOOP ( 'NONE', ( #2219, #3522 ) ) ;
#2816 = CARTESIAN_POINT ( 'NONE',  ( -2.544741398738861182, 31.28862570601155468, -38.76192875664035853 ) ) ;
#2817 = DIRECTION ( 'NONE',  ( -0.000000000000000000, -1.000000000000000000, -0.000000000000000000 ) ) ;
#2818 = ORIENTED_EDGE ( 'NONE', *, *, #1476, .T. ) ;
#2819 = AXIS2_PLACEMENT_3D ( 'NONE', #2365, #3575, #539 ) ;
#2820 = FACE_OUTER_BOUND ( 'NONE', #3631, .T. ) ;
#2821 = AXIS2_PLACEMENT_3D ( 'NONE', #2061, #2241, #1331 ) ;
#2822 = APPROVAL_STATUS ( 'not_yet_approved' ) ;
#2823 = CARTESIAN_POINT ( 'NONE',  ( -29.57079433551594505, 50.61748440986362141, -18.84857863072170048 ) ) ;
#2824 = VERTEX_POINT ( 'NONE', #1281 ) ;
#2825 = DIRECTION ( 'NONE',  ( -0.000000000000000000, -1.000000000000000000, -0.000000000000000000 ) ) ;
#2826 = CARTESIAN_POINT ( 'NONE',  ( 40.17172138884660626, 21.63983792066095901, 5.333345479657968902 ) ) ;
#2827 = DIRECTION ( 'NONE',  ( -0.000000000000000000, -1.000000000000000000, -0.000000000000000000 ) ) ;
#2828 = CARTESIAN_POINT ( 'NONE',  ( -24.67872026865034840, 60.29827007130293737, 22.08830345965644071 ) ) ;
#2829 = AXIS2_PLACEMENT_3D ( 'NONE', #3684, #1007, #1309 ) ;
#2830 = ORIENTED_EDGE ( 'NONE', *, *, #3606, .T. ) ;
#2831 = AXIS2_PLACEMENT_3D ( 'NONE', #431, #100, #1634 ) ;
#2832 = CARTESIAN_POINT ( 'NONE',  ( -0.7874569999794522879, 0.9999999999999991118, 0.000000000000000000 ) ) ;
#2833 = APPROVAL_PERSON_ORGANIZATION ( #454, #613, #395 ) ;
#2834 =( BOUNDED_SURFACE ( )  B_SPLINE_SURFACE ( 3, 1, ( 
 ( #2353, #227, #3266 ),
 ( #3052, #308, #207 ),
 ( #21, #844, #1749 ),
 ( #2370, #913, #1212 ),
 ( #2052, #1769, #2075 ),
 ( #2468, #615, #807 ),
 ( #2162, #44, #1449 ) ),
 .UNSPECIFIED., .T., .F., .F. ) 
 B_SPLINE_SURFACE_WITH_KNOTS ( ( 4, 3, 4 ),
 ( 2, 1, 2 ),
 ( 0.000000000000000000, 0.5000000000000000000, 1.000000000000000000 ),
 ( -0.01000000000000000021, 0.000000000000000000, 1.000000000000000000 ),
 .UNSPECIFIED. ) 
 GEOMETRIC_REPRESENTATION_ITEM ( )  RATIONAL_B_SPLINE_SURFACE ( (
 ( 1.000000000000000000, 1.000000000000000000, 1.000000000000000000),
 ( 0.3333333333333333703, 0.3333333333333333703, 0.3333333333333333703),
 ( 0.3333333333333333703, 0.3333333333333333703, 0.3333333333333333703),
 ( 1.000000000000000000, 1.000000000000000000, 1.000000000000000000),
 ( 0.3333333333333332038, 0.3333333333333332038, 0.3333333333333330373),
 ( 0.3333333333333332038, 0.3333333333333332038, 0.3333333333333330373),
 ( 1.000000000000000000, 1.000000000000000000, 1.000000000000000000) ) ) 
 REPRESENTATION_ITEM ( '' )  SURFACE ( )  );
#2835 = FACE_OUTER_BOUND ( 'NONE', #3567, .T. ) ;
#2836 = CARTESIAN_POINT ( 'NONE',  ( 22.46993077922325810, 31.28862570601156179, 31.09836650889425513 ) ) ;
#2837 = ORIENTED_EDGE ( 'NONE', *, *, #1132, .T. ) ;
#2838 = CARTESIAN_POINT ( 'NONE',  ( -11.74440842089862969, 12.00000000000000888, -42.49655290144155373 ) ) ;
#2839 = DIRECTION ( 'NONE',  ( -0.2827951785422159747, 0.000000000000000000, 0.9591803203742643724 ) ) ;
#2840 = ADVANCED_FACE ( 'NONE', ( #2477 ), #3031, .T. ) ;
#2841 = DIRECTION ( 'NONE',  ( 0.000000000000000000, 1.000000000000000000, -0.000000000000000000 ) ) ;
#2842 = TOROIDAL_SURFACE ( 'NONE', #1053, 11.99999999999995914, 1.000000000000000000 ) ;
#2843 = ORIENTED_EDGE ( 'NONE', *, *, #2804, .T. ) ;
#2844 = CARTESIAN_POINT ( 'NONE',  ( -53.54237462056403274, 9.000000000000000000, -15.55373481982172557 ) ) ;
#2845 = PERSON_AND_ORGANIZATION ( #1906, #2195 ) ;
#2846 = CARTESIAN_POINT ( 'NONE',  ( -36.31878505888322195, 21.63983792066095901, -21.00009202635501993 ) ) ;
#2847 = EDGE_CURVE ( 'NONE', #3697, #2984, #3541, .T. ) ;
#2848 = ORIENTED_EDGE ( 'NONE', *, *, #1734, .F. ) ;
#2849 = CARTESIAN_POINT ( 'NONE',  ( 8.504997443595547324, 70.57999999999999829, -32.61615483443236485 ) ) ;
#2850 = EDGE_CURVE ( 'NONE', #3242, #2148, #155, .T. ) ;
#2851 = CARTESIAN_POINT ( 'NONE',  ( 33.59710447860795313, 50.61748440986363562, -1.204722580111339703 ) ) ;
#2852 = CARTESIAN_POINT ( 'NONE',  ( -11.32011144443590922, 60.29827007130311500, 30.81536623997343938 ) ) ;
#2853 = CARTESIAN_POINT ( 'NONE',  ( -42.98036830964649369, 12.00000000000000355, 12.15317162745116519 ) ) ;
#2854 = ORIENTED_EDGE ( 'NONE', *, *, #2062, .T. ) ;
#2855 = CARTESIAN_POINT ( 'NONE',  ( 18.29933435479555115, 50.61748440986363562, -28.62592916132283705 ) ) ;
#2856 = CARTESIAN_POINT ( 'NONE',  ( 18.20543825901604151, 12.00000000000001066, 39.60305828962065533 ) ) ;
#2857 = VERTEX_POINT ( 'NONE', #641 ) ;
#2858 = CARTESIAN_POINT ( 'NONE',  ( -16.14513968305542591, 40.95305505793759693, -33.12301813962470476 ) ) ;
#2859 = DIRECTION ( 'NONE',  ( -0.000000000000000000, -1.000000000000000000, -0.000000000000000000 ) ) ;
#2860 = DIRECTION ( 'NONE',  ( -0.000000000000000000, -1.000000000000000000, -0.000000000000000000 ) ) ;
#2861 = ORIENTED_EDGE ( 'NONE', *, *, #3157, .F. ) ;
#2862 = DIRECTION ( 'NONE',  ( 0.000000000000000000, 0.000000000000000000, -1.000000000000000000 ) ) ;
#2863 = CARTESIAN_POINT ( 'NONE',  ( -23.88654657633473377, 70.00000000000004263, -20.66084361347914822 ) ) ;
#2864 = EDGE_LOOP ( 'NONE', ( #1992, #1052, #752, #1124 ) ) ;
#2865 = DIRECTION ( 'NONE',  ( 0.000000000000000000, -1.000000000000000000, 0.000000000000000000 ) ) ;
#2866 = CARTESIAN_POINT ( 'NONE',  ( 29.81254352230903493, 70.00000000000004263, 4.754324837165715856 ) ) ;
#2867 = DIRECTION ( 'NONE',  ( -0.000000000000000000, -1.000000000000000000, -0.000000000000000000 ) ) ;
#2868 = ORIENTED_EDGE ( 'NONE', *, *, #626, .T. ) ;
#2869 = CARTESIAN_POINT ( 'NONE',  ( 40.55242771097010035, 12.00000000000000711, -14.79713747577929084 ) ) ;
#2870 = DIRECTION ( 'NONE',  ( -0.000000000000000000, -1.000000000000000000, 0.000000000000000000 ) ) ;
#2871 = ORIENTED_EDGE ( 'NONE', *, *, #2428, .T. ) ;
#2872 = CARTESIAN_POINT ( 'NONE',  ( -8.769412533196119242, 21.63983792066095901, -40.49404307562502936 ) ) ;
#2873 = CARTESIAN_POINT ( 'NONE',  ( -57.29099728357201826, 9.000000000000000000, 3.945621129574694455E-13 ) ) ;
#2874 = CARTESIAN_POINT ( 'NONE',  ( 51.96746062060501714, 1.000000000000000000, 15.55373481982210038 ) ) ;
#2875 = ORIENTED_EDGE ( 'NONE', *, *, #1971, .T. ) ;
#2876 = CIRCLE ( 'NONE', #1667, 3.999999999999998224 ) ;
#2877 = DIRECTION ( 'NONE',  ( -0.000000000000000000, -1.000000000000000000, -0.000000000000000000 ) ) ;
#2878 = CARTESIAN_POINT ( 'NONE',  ( -27.02139394804163075, 50.61748440986362141, -22.26050261730146218 ) ) ;
#2879 = ORIENTED_EDGE ( 'NONE', *, *, #3268, .F. ) ;
#2880 = CARTESIAN_POINT ( 'NONE',  ( -0.7874569999794522879, 77.30000000000002558, 0.000000000000000000 ) ) ;
#2881 = CARTESIAN_POINT ( 'NONE',  ( 31.22151546832209235, 12.00000000000000711, 30.07958186116914590 ) ) ;
#2882 = DIRECTION ( 'NONE',  ( 0.000000000000000000, 1.000000000000000000, 0.000000000000000000 ) ) ;
#2883 = CARTESIAN_POINT ( 'NONE',  ( -44.67329159238368419, 12.00000000000000711, 0.2128733744210264955 ) ) ;
#2884 = CIRCLE ( 'NONE', #1936, 5.000000000000004441 ) ;
#2885 = VERTEX_POINT ( 'NONE', #670 ) ;
#2886 = CARTESIAN_POINT ( 'NONE',  ( 21.78016261567834277, 60.29827007130307948, -23.51998964804128534 ) ) ;
#2887 = DIRECTION ( 'NONE',  ( -0.000000000000000000, -1.000000000000000000, -0.000000000000000000 ) ) ;
#2888 = CARTESIAN_POINT ( 'NONE',  ( 12.18134781042059167, 70.00000000000004263, 28.19637918276559319 ) ) ;
#2889 = VECTOR ( 'NONE', #1656, 1000.000000000000000 ) ;
#2890 = CARTESIAN_POINT ( 'NONE',  ( 32.87587015541903668, 71.30955278317833290, 9.016698154172866353 ) ) ;
#2891 = CIRCLE ( 'NONE', #590, 34.70000000000000284 ) ;
#2892 = CARTESIAN_POINT ( 'NONE',  ( 1.320311696269255153, 50.61748440986362851, -34.40287197050650292 ) ) ;
#2893 = DIRECTION ( 'NONE',  ( -0.000000000000000000, -1.000000000000000000, 0.000000000000000000 ) ) ;
#2894 = CIRCLE ( 'NONE', #1043, 0.9999999999999997780 ) ;
#2895 = AXIS2_PLACEMENT_3D ( 'NONE', #624, #2809, #2187 ) ;
#2896 = DIRECTION ( 'NONE',  ( 0.000000000000000000, 0.000000000000000000, -1.000000000000000000 ) ) ;
#2897 = EDGE_CURVE ( 'NONE', #3799, #2540, #464, .T. ) ;
#2898 = EDGE_LOOP ( 'NONE', ( #2547, #1533, #1648, #995 ) ) ;
#2899 = EDGE_CURVE ( 'NONE', #3192, #2599, #1490, .T. ) ;
#2900 = CIRCLE ( 'NONE', #2776, 0.5000000000000004441 ) ;
#2901 = CARTESIAN_POINT ( 'NONE',  ( -0.7874569999788638697, 0.000000000000000000, 56.50354028359257086 ) ) ;
#2902 = AXIS2_PLACEMENT_3D ( 'NONE', #3274, #2675, #3884 ) ;
#2903 = CARTESIAN_POINT ( 'NONE',  ( -26.10814255861387778, 50.61748440986362141, -23.33676669722196095 ) ) ;
#2904 = ORIENTED_EDGE ( 'NONE', *, *, #933, .F. ) ;
#2905 = DIRECTION ( 'NONE',  ( 0.000000000000000000, 0.000000000000000000, -1.000000000000000000 ) ) ;
#2906 = CARTESIAN_POINT ( 'NONE',  ( 30.12705470457277812, 70.00000000000002842, 2.206952078458055411 ) ) ;
#2907 = FACE_OUTER_BOUND ( 'NONE', #3494, .T. ) ;
#2908 = CARTESIAN_POINT ( 'NONE',  ( 56.45533900516362991, 0.000000000000000000, 11.97720756178814483 ) ) ;
#2909 = CARTESIAN_POINT ( 'NONE',  ( -39.48195726763566427, 31.28862570601156889, 3.212457681370107565 ) ) ;
#2910 = CIRCLE ( 'NONE', #1037, 1.000000000000000444 ) ;
#2911 = VERTEX_POINT ( 'NONE', #3739 ) ;
#2912 = EDGE_CURVE ( 'NONE', #3502, #1922, #216, .T. ) ;
#2913 = CARTESIAN_POINT ( 'NONE',  ( 31.30817741343633287, 21.63983792066095546, -26.04217429704387143 ) ) ;
#2914 = DIRECTION ( 'NONE',  ( 0.000000000000000000, 0.000000000000000000, -1.000000000000000000 ) ) ;
#2915 = CARTESIAN_POINT ( 'NONE',  ( 14.87158591139162134, 50.61748440986361430, 30.66348817868637511 ) ) ;
#2916 = CARTESIAN_POINT ( 'NONE',  ( 29.39187831763193870, 71.30955278317834711, 17.42779850015567789 ) ) ;
#2917 = CARTESIAN_POINT ( 'NONE',  ( 19.91705119130716284, 21.63983792066095901, -35.70437619258693474 ) ) ;
#2918 = DIRECTION ( 'NONE',  ( -0.000000000000000000, -1.000000000000000000, 0.000000000000000000 ) ) ;
#2919 = ORIENTED_EDGE ( 'NONE', *, *, #2912, .F. ) ;
#2920 = CARTESIAN_POINT ( 'NONE',  ( -57.29099728357201826, 9.000000000000000000, 3.945621129574694455E-13 ) ) ;
#2921 = CARTESIAN_POINT ( 'NONE',  ( -22.19763877834602894, 70.00000000000004263, -22.40630523523294571 ) ) ;
#2922 = TOROIDAL_SURFACE ( 'NONE', #491, 40.60000000000021458, 0.5000000000000000000 ) ;
#2923 = ORIENTED_EDGE ( 'NONE', *, *, #1316, .F. ) ;
#2924 = CARTESIAN_POINT ( 'NONE',  ( 55.71608328361311635, 9.000000000000000000, 0.000000000000000000 ) ) ;
#2925 = CARTESIAN_POINT ( 'NONE',  ( 28.98243303268304061, 70.00000000000005684, 8.527442996850149726 ) ) ;
#2926 = DIRECTION ( 'NONE',  ( 0.000000000000000000, 1.000000000000000000, -0.000000000000000000 ) ) ;
#2927 = CARTESIAN_POINT ( 'NONE',  ( -0.7874569999796461328, 9.000000000000000000, -56.50354028359257086 ) ) ;
#2928 = ADVANCED_FACE ( 'NONE', ( #2211 ), #37, .T. ) ;
#2929 = CARTESIAN_POINT ( 'NONE',  ( -44.42319006909833945, 12.00000000000000888, -4.683438103146703391 ) ) ;
#2930 = EDGE_CURVE ( 'NONE', #258, #3353, #3414, .T. ) ;
#2931 = EDGE_LOOP ( 'NONE', ( #2843, #2718, #273, #306 ) ) ;
#2932 = CARTESIAN_POINT ( 'NONE',  ( 30.81149855519053204, 40.95305505793759693, -18.32577963221731920 ) ) ;
#2933 = CARTESIAN_POINT ( 'NONE',  ( -28.43777495684469869, 71.30955278317834711, 21.21274045612942771 ) ) ;
#2934 = CARTESIAN_POINT ( 'NONE',  ( 8.673732983488390502, 21.63983792066095546, 40.20246479130656780 ) ) ;
#2935 = CARTESIAN_POINT ( 'NONE',  ( 26.86286095688577902, 71.30955278317833290, 21.21274045612944192 ) ) ;
#2936 = CARTESIAN_POINT ( 'NONE',  ( -3.472160964177207099, 60.29827007130315053, -32.42650112058696976 ) ) ;
#2937 = DIRECTION ( 'NONE',  ( 0.000000000000000000, 0.000000000000000000, -1.000000000000000000 ) ) ;
#2938 = CARTESIAN_POINT ( 'NONE',  ( 27.90859813484583185, 12.00000000000000533, -33.20464143225263598 ) ) ;
#2939 = EDGE_LOOP ( 'NONE', ( #93, #652, #2625, #699 ) ) ;
#2940 = DIRECTION ( 'NONE',  ( -0.000000000000000000, -1.000000000000000000, 0.000000000000000000 ) ) ;
#2941 = DIRECTION ( 'NONE',  ( -0.000000000000000000, -1.000000000000000000, 0.000000000000000000 ) ) ;
#2942 = ORIENTED_EDGE ( 'NONE', *, *, #1314, .F. ) ;
#2943 = DIRECTION ( 'NONE',  ( -0.000000000000000000, -1.000000000000000000, -0.000000000000000000 ) ) ;
#2944 = CARTESIAN_POINT ( 'NONE',  ( 35.12358352520561766, 31.28862570601155468, 14.78196117602171000 ) ) ;
#2945 = CARTESIAN_POINT ( 'NONE',  ( -0.7874569999794505115, 69.71228176308378011, 1.734723475976807094E-15 ) ) ;
#2946 = CARTESIAN_POINT ( 'NONE',  ( -29.30427498210472947, 70.00000000000001421, 12.12577365366399995 ) ) ;
#2947 = AXIS2_PLACEMENT_3D ( 'NONE', #942, #1264, #8 ) ;
#2948 = ORIENTED_EDGE ( 'NONE', *, *, #1337, .T. ) ;
#2949 = CARTESIAN_POINT ( 'NONE',  ( 25.66669921136822552, 60.29827007130306527, -18.97165942327381316 ) ) ;
#2950 = CARTESIAN_POINT ( 'NONE',  ( -35.56302330981246484, 71.30955278317834711, -2.276055492570757011 ) ) ;
#2951 = CARTESIAN_POINT ( 'NONE',  ( 18.82981601798855209, 70.00000000000001421, 23.96093145017218973 ) ) ;
#2952 = CIRCLE ( 'NONE', #3277, 0.9999999999999983347 ) ;
#2953 = VECTOR ( 'NONE', #2173, 1000.000000000000000 ) ;
#2954 = CARTESIAN_POINT ( 'NONE',  ( 23.24695497892892959, 12.00000000000000533, -36.72000590650153384 ) ) ;
#2955 = CARTESIAN_POINT ( 'NONE',  ( -0.7874569999794522879, 10.90058692399052909, -47.00247226794736832 ) ) ;
#2956 = AXIS2_PLACEMENT_3D ( 'NONE', #1857, #2523, #3069 ) ;
#2957 = CIRCLE ( 'NONE', #2831, 11.99999999999996980 ) ;
#2958 = AXIS2_PLACEMENT_3D ( 'NONE', #2794, #2196, #3743 ) ;
#2959 = ORIENTED_EDGE ( 'NONE', *, *, #3630, .F. ) ;
#2960 = AXIS2_PLACEMENT_3D ( 'NONE', #1624, #3129, #2537 ) ;
#2961 = LOCAL_TIME ( 17, 53, 13.00000000000000000, #1041 ) ;
#2962 =( BOUNDED_CURVE ( )  B_SPLINE_CURVE ( 3, ( #2977, #3026, #2137, #3935 ),
 .UNSPECIFIED., .F., .F. ) 
 B_SPLINE_CURVE_WITH_KNOTS ( ( 4, 4 ),
 ( 0.5000000000000000000, 0.9375825232023441425 ),
 .UNSPECIFIED. ) 
 CURVE ( )  GEOMETRIC_REPRESENTATION_ITEM ( )  RATIONAL_B_SPLINE_CURVE ( ( 1.000000000000000000, 0.4165566357302195599, 0.3437225104260985820, 0.7814976240876371216 ) ) 
 REPRESENTATION_ITEM ( '' )  );
#2963 = CARTESIAN_POINT ( 'NONE',  ( -0.7874569999788638697, 0.000000000000000000, 56.50354028359257086 ) ) ;
#2964 = AXIS2_PLACEMENT_3D ( 'NONE', #2372, #3040, #3021 ) ;
#2965 = EDGE_LOOP ( 'NONE', ( #1926, #2010 ) ) ;
#2966 = DIRECTION ( 'NONE',  ( 0.000000000000000000, -1.000000000000000000, 0.000000000000000000 ) ) ;
#2967 = DIRECTION ( 'NONE',  ( -0.9591803203742622630, 0.000000000000000000, 0.2827951785422225806 ) ) ;
#2968 = CARTESIAN_POINT ( 'NONE',  ( 28.30614388657917857, 31.28862570601155468, 25.67367439317205324 ) ) ;
#2969 = AXIS2_PLACEMENT_3D ( 'NONE', #402, #2170, #944 ) ;
#2970 = ADVANCED_FACE ( 'NONE', ( #2907 ), #3287, .T. ) ;
#2971 = DIRECTION ( 'NONE',  ( 0.000000000000000000, 0.000000000000000000, 1.000000000000000000 ) ) ;
#2972 = CARTESIAN_POINT ( 'NONE',  ( -44.22646217900407350, 12.00000000000000000, 6.435860801564391664 ) ) ;
#2973 = ORIENTED_EDGE ( 'NONE', *, *, #3903, .T. ) ;
#2974 = EDGE_CURVE ( 'NONE', #511, #2857, #2707, .T. ) ;
#2975 = ADVANCED_FACE ( 'NONE', ( #3233 ), #331, .T. ) ;
#2976 = CARTESIAN_POINT ( 'NONE',  ( 33.36122404468770952, 40.95305505793758982, -12.97464581539556860 ) ) ;
#2977 = CARTESIAN_POINT ( 'NONE',  ( -10.29366732236170279, 69.99999999999998579, 32.64401882897750795 ) ) ;
#2978 = AXIS2_PLACEMENT_3D ( 'NONE', #2669, #1703, #2687 ) ;
#2979 = CARTESIAN_POINT ( 'NONE',  ( 20.62272477838714480, 70.00000000000002842, 22.40630523523292084 ) ) ;
#2980 = CARTESIAN_POINT ( 'NONE',  ( -0.7874569999794522879, 70.00000000000000000, -31.00000000000000000 ) ) ;
#2981 = EDGE_CURVE ( 'NONE', #123, #3502, #1554, .T. ) ;
#2982 = CARTESIAN_POINT ( 'NONE',  ( 19.72787633314016986, 31.28862570601155468, -32.97438571685864162 ) ) ;
#2983 = DIRECTION ( 'NONE',  ( -0.000000000000000000, -1.000000000000000000, -0.000000000000000000 ) ) ;
#2984 = VERTEX_POINT ( 'NONE', #766 ) ;
#2985 = CARTESIAN_POINT ( 'NONE',  ( -0.7874569999794522879, 79.00000000000001421, 0.000000000000000000 ) ) ;
#2986 = ORIENTED_EDGE ( 'NONE', *, *, #3319, .T. ) ;
#2987 = CARTESIAN_POINT ( 'NONE',  ( -0.7874569999794522879, 76.00000000000001421, -31.00000000000000000 ) ) ;
#2988 = DIRECTION ( 'NONE',  ( 0.000000000000000000, 1.000000000000000000, -0.000000000000000000 ) ) ;
#2989 = CARTESIAN_POINT ( 'NONE',  ( -37.24357754409341226, 31.28862570601155468, -13.28632546139139947 ) ) ;
#2990 = VERTEX_POINT ( 'NONE', #423 ) ;
#2991 = CARTESIAN_POINT ( 'NONE',  ( 32.76493164351952458, 50.61748440986362141, -7.717917911553836774 ) ) ;
#2992 = CARTESIAN_POINT ( 'NONE',  ( 3.840408080058732576, 60.29827007130310079, 32.26561998415572674 ) ) ;
#2993 = CARTESIAN_POINT ( 'NONE',  ( -20.58399001676439966, 40.95305505793759693, 30.71488649023889295 ) ) ;
#2994 = CARTESIAN_POINT ( 'NONE',  ( -0.7874569999796461328, 9.000000000000000000, -69.50354028359254244 ) ) ;
#2995 = ORIENTED_EDGE ( 'NONE', *, *, #773, .T. ) ;
#2996 = VECTOR ( 'NONE', #3247, 1000.000000000000000 ) ;
#2997 = CARTESIAN_POINT ( 'NONE',  ( -0.7874569999794522879, 79.00000000000001421, 34.20000000000000284 ) ) ;
#2998 = DIRECTION ( 'NONE',  ( -0.000000000000000000, 1.000000000000000000, -0.000000000000000000 ) ) ;
#2999 = ORIENTED_EDGE ( 'NONE', *, *, #3160, .F. ) ;
#3000 = CARTESIAN_POINT ( 'NONE',  ( 56.45533900516362280, 1.000000000000000000, -11.97720756178815904 ) ) ;
#3001 = CARTESIAN_POINT ( 'NONE',  ( 26.35973133751049247, 50.61748440986362141, 21.18423853738092788 ) ) ;
#3002 = DIRECTION ( 'NONE',  ( -0.000000000000000000, -1.000000000000000000, -0.000000000000000000 ) ) ;
#3003 = CARTESIAN_POINT ( 'NONE',  ( -35.07111400256794553, 50.61748440986363562, -2.894872553093185807 ) ) ;
#3004 = ORIENTED_EDGE ( 'NONE', *, *, #3516, .T. ) ;
#3005 = DIRECTION ( 'NONE',  ( 0.000000000000000000, 0.000000000000000000, -1.000000000000000000 ) ) ;
#3006 = CARTESIAN_POINT ( 'NONE',  ( 43.10615378875065318, 12.00000000000000711, 1.390262135803783439 ) ) ;
#3007 = CARTESIAN_POINT ( 'NONE',  ( -0.7874569999794505115, 13.50112674534168633, -46.58359629797354273 ) ) ;
#3008 = CARTESIAN_POINT ( 'NONE',  ( 1.013328450615182730, 70.00000000000004263, 30.95881986075833225 ) ) ;
#3009 = CARTESIAN_POINT ( 'NONE',  ( -19.27211166532156028, 40.95305505793759693, 31.48508043462814499 ) ) ;
#3010 = DIRECTION ( 'NONE',  ( 0.000000000000000000, -1.000000000000000000, -0.000000000000000000 ) ) ;
#3011 = VECTOR ( 'NONE', #3033, 1000.000000000000000 ) ;
#3012 = ORIENTED_EDGE ( 'NONE', *, *, #630, .T. ) ;
#3013 = CARTESIAN_POINT ( 'NONE',  ( 11.18975056180845584, 0.9999999999999991118, -57.24279600514311994 ) ) ;
#3014 = AXIS2_PLACEMENT_3D ( 'NONE', #1766, #2651, #2700 ) ;
#3015 = DIRECTION ( 'NONE',  ( -0.000000000000000000, -1.000000000000000000, 0.000000000000000000 ) ) ;
#3016 = EDGE_LOOP ( 'NONE', ( #962, #1901, #969, #953 ) ) ;
#3017 = EDGE_CURVE ( 'NONE', #2636, #873, #1363, .T. ) ;
#3018 = CIRCLE ( 'NONE', #1230, 44.00000000000000000 ) ;
#3019 = CARTESIAN_POINT ( 'NONE',  ( -0.7874569999794505115, 10.30410846793376756, 1.734723475976807094E-15 ) ) ;
#3020 = CARTESIAN_POINT ( 'NONE',  ( 25.96737352476106864, 70.00000000000002842, 15.59303306652554255 ) ) ;
#3021 = DIRECTION ( 'NONE',  ( -1.084202172485503448E-16, 0.000000000000000000, -1.000000000000000000 ) ) ;
#3022 = CARTESIAN_POINT ( 'NONE',  ( -43.58969597423779163, 12.00000000000000711, -9.694335033197560847 ) ) ;
#3023 = EDGE_LOOP ( 'NONE', ( #1753, #577, #2081, #2731 ) ) ;
#3024 = CARTESIAN_POINT ( 'NONE',  ( 56.45533900516362991, 1.000000000000000000, 11.97720756178815016 ) ) ;
#3025 = CARTESIAN_POINT ( 'NONE',  ( 33.78677493006470911, 40.95305505793759693, -11.80023737859862543 ) ) ;
#3026 = CARTESIAN_POINT ( 'NONE',  ( -56.01598821511948501, 69.99999999999964473, 19.32929795741048906 ) ) ;
#3027 = CIRCLE ( 'NONE', #1298, 5.499999999999998224 ) ;
#3028 = CARTESIAN_POINT ( 'NONE',  ( -14.75482329438886708, 31.28862570601155468, 36.25976245257343322 ) ) ;
#3029 = VECTOR ( 'NONE', #1747, 1000.000000000000000 ) ;
#3030 = CARTESIAN_POINT ( 'NONE',  ( -30.86703886114860751, 12.00000000000000533, 32.00897246830157172 ) ) ;
#3031 = TOROIDAL_SURFACE ( 'NONE', #2716, 11.99999999999999289, 1.000000000000000000 ) ;
#3032 = ORIENTED_EDGE ( 'NONE', *, *, #2356, .T. ) ;
#3033 = DIRECTION ( 'NONE',  ( -0.000000000000000000, -1.000000000000000000, -0.000000000000000000 ) ) ;
#3034 = DIRECTION ( 'NONE',  ( 0.000000000000000000, 0.000000000000000000, -1.000000000000000000 ) ) ;
#3035 = ORIENTED_EDGE ( 'NONE', *, *, #3385, .T. ) ;
#3036 = DIRECTION ( 'NONE',  ( 0.000000000000000000, 0.000000000000000000, 1.000000000000000000 ) ) ;
#3037 = CARTESIAN_POINT ( 'NONE',  ( 55.71608328361311635, 0.000000000000000000, 0.000000000000000000 ) ) ;
#3038 = ORIENTED_EDGE ( 'NONE', *, *, #2056, .T. ) ;
#3039 = CARTESIAN_POINT ( 'NONE',  ( -31.11602301920268232, 13.50112674534168633, 35.35830209823701153 ) ) ;
#3040 = DIRECTION ( 'NONE',  ( 1.000000000000000000, -0.000000000000000000, -1.224646799147353207E-16 ) ) ;
#3041 = CARTESIAN_POINT ( 'NONE',  ( -34.95459083061953720, 50.61748440986363562, -4.274843652568446117 ) ) ;
#3042 = ORIENTED_EDGE ( 'NONE', *, *, #2726, .F. ) ;
#3043 = DIRECTION ( 'NONE',  ( 0.000000000000000000, -0.000000000000000000, -1.000000000000000000 ) ) ;
#3044 = CARTESIAN_POINT ( 'NONE',  ( 29.32886801065543025, 50.61748440986362141, -16.67548108937209150 ) ) ;
#3045 = DIRECTION ( 'NONE',  ( -0.000000000000000000, -1.000000000000000000, -0.000000000000000000 ) ) ;
#3046 = CARTESIAN_POINT ( 'NONE',  ( -8.455129875479293844, 50.61748440986363562, 33.59052435908737522 ) ) ;
#3047 = EDGE_CURVE ( 'NONE', #822, #956, #2769, .T. ) ;
#3048 = CARTESIAN_POINT ( 'NONE',  ( -22.59782860549665884, 50.61748440986361430, 26.67253689609160006 ) ) ;
#3049 = CYLINDRICAL_SURFACE ( 'NONE', #1801, 31.00000000000000000 ) ;
#3050 = ADVANCED_FACE ( 'NONE', ( #2615 ), #2460, .F. ) ;
#3051 = ORIENTED_EDGE ( 'NONE', *, *, #2688, .F. ) ;
#3052 = CARTESIAN_POINT ( 'NONE',  ( 73.73730711246027170, 70.57999999999999829, -14.03124594728237184 ) ) ;
#3053 = DIRECTION ( 'NONE',  ( 0.000000000000000000, 1.000000000000000000, 0.000000000000000000 ) ) ;
#3054 = ORIENTED_EDGE ( 'NONE', *, *, #2271, .T. ) ;
#3055 = DIRECTION ( 'NONE',  ( 0.000000000000000000, 0.000000000000000000, -1.000000000000000000 ) ) ;
#3056 = APPROVAL_ROLE ( '' ) ;
#3057 = CARTESIAN_POINT ( 'NONE',  ( -31.74041330778467440, 70.00000000000004263, -0.9370872042916734701 ) ) ;
#3058 = ADVANCED_FACE ( 'NONE', ( #2313 ), #726, .F. ) ;
#3059 = ORIENTED_EDGE ( 'NONE', *, *, #3385, .F. ) ;
#3060 = DIRECTION ( 'NONE',  ( -0.06160464346255385693, -0.000000000000000000, -0.9981006301490105148 ) ) ;
#3061 = CARTESIAN_POINT ( 'NONE',  ( 40.42810655690856692, 21.63983792066095901, 2.180930863862006408 ) ) ;
#3062 = DIRECTION ( 'NONE',  ( 0.000000000000000000, 1.000000000000000000, 0.000000000000000000 ) ) ;
#3063 = CARTESIAN_POINT ( 'NONE',  ( -1.892341401460718719, 60.29827007130327132, 32.56495375646642287 ) ) ;
#3064 = CARTESIAN_POINT ( 'NONE',  ( -20.11816913695962228, 70.00000000000001421, 24.26377669434920392 ) ) ;
#3065 = ORIENTED_EDGE ( 'NONE', *, *, #2082, .F. ) ;
#3066 = EDGE_CURVE ( 'NONE', #2028, #347, #3221, .T. ) ;
#3067 = DIRECTION ( 'NONE',  ( 0.000000000000000000, -1.000000000000000000, 0.000000000000000000 ) ) ;
#3068 = AXIS2_PLACEMENT_3D ( 'NONE', #448, #3623, #177 ) ;
#3069 = DIRECTION ( 'NONE',  ( -1.264902534566421922E-16, 0.000000000000000000, -1.000000000000000000 ) ) ;
#3070 = ORIENTED_EDGE ( 'NONE', *, *, #3791, .T. ) ;
#3071 = ADVANCED_FACE ( 'NONE', ( #499 ), #2834, .T. ) ;
#3072 = DIRECTION ( 'NONE',  ( -0.000000000000000000, -1.000000000000000000, -0.000000000000000000 ) ) ;
#3073 = AXIS2_PLACEMENT_3D ( 'NONE', #1925, #633, #81 ) ;
#3074 = CIRCLE ( 'NONE', #712, 2.000000000000001776 ) ;
#3075 = VERTEX_POINT ( 'NONE', #3545 ) ;
#3076 = LINE ( 'NONE', #2801, #179 ) ;
#3077 = CARTESIAN_POINT ( 'NONE',  ( -31.06378840817996689, 50.61748440986363562, -16.40573989673631772 ) ) ;
#3078 = TOROIDAL_SURFACE ( 'NONE', #719, 55.00000000000000711, 1.000000000000000000 ) ;
#3079 = EDGE_CURVE ( 'NONE', #2071, #381, #3786, .T. ) ;
#3080 = AXIS2_PLACEMENT_3D ( 'NONE', #1698, #2918, #2624 ) ;
#3081 = ORIENTED_EDGE ( 'NONE', *, *, #3319, .F. ) ;
#3082 = CIRCLE ( 'NONE', #1359, 5.499999999999996447 ) ;
#3083 = CARTESIAN_POINT ( 'NONE',  ( -0.7874569999788632035, 9.000000000000000000, 62.00354028359257086 ) ) ;
#3084 = TOROIDAL_SURFACE ( 'NONE', #3907, 31.50000000000000000, 0.5000000000000000000 ) ;
#3085 = CARTESIAN_POINT ( 'NONE',  ( 33.64434850135742039, 50.61748440986363562, 0.1436915955195386674 ) ) ;
#3086 = VECTOR ( 'NONE', #2943, 1000.000000000000000 ) ;
#3087 = DIRECTION ( 'NONE',  ( -0.000000000000000000, -1.000000000000000000, 0.000000000000000000 ) ) ;
#3088 = CARTESIAN_POINT ( 'NONE',  ( -15.90543659568703916, 50.61748440986363562, 30.90624722468834307 ) ) ;
#3089 = CARTESIAN_POINT ( 'NONE',  ( -25.98888719180472506, 60.29827007130317895, 20.60665325601525311 ) ) ;
#3090 = AXIS2_PLACEMENT_3D ( 'NONE', #576, #3342, #3560 ) ;
#3091 = CARTESIAN_POINT ( 'NONE',  ( 14.92959207422478052, 60.29827007130314342, -28.48964686860588102 ) ) ;
#3092 = CARTESIAN_POINT ( 'NONE',  ( 24.33185881655451865, 12.00000000000000711, 35.98654979092363959 ) ) ;
#3093 = CIRCLE ( 'NONE', #3361, 0.5000000000000004441 ) ;
#3094 = EDGE_CURVE ( 'NONE', #930, #3742, #1557, .T. ) ;
#3095 = CARTESIAN_POINT ( 'NONE',  ( 14.76627781984314325, 1.000000000000000000, 52.75491762058432954 ) ) ;
#3096 = ORIENTED_EDGE ( 'NONE', *, *, #2363, .F. ) ;
#3097 = CARTESIAN_POINT ( 'NONE',  ( -17.40247844992137161, 40.95305505793759693, -32.54004560598480822 ) ) ;
#3098 = DIRECTION ( 'NONE',  ( 0.000000000000000000, 0.000000000000000000, -1.000000000000000000 ) ) ;
#3099 = TOROIDAL_SURFACE ( 'NONE', #673, 45.00000000000000000, 1.000000000000000000 ) ;
#3100 = CARTESIAN_POINT ( 'NONE',  ( -0.7874569999794522879, 77.80000000000002558, 0.000000000000000000 ) ) ;
#3101 = EDGE_CURVE ( 'NONE', #1017, #2238, #3597, .T. ) ;
#3102 = ORIENTED_EDGE ( 'NONE', *, *, #1257, .F. ) ;
#3103 = DIRECTION ( 'NONE',  ( -0.06160464346255385693, 0.000000000000000000, -0.9981006301490104038 ) ) ;
#3104 = DIRECTION ( 'NONE',  ( -0.000000000000000000, -1.000000000000000000, -0.000000000000000000 ) ) ;
#3105 = CARTESIAN_POINT ( 'NONE',  ( -27.93464533746938017, 50.61748440986362141, -21.18423853738095985 ) ) ;
#3106 = VERTEX_POINT ( 'NONE', #3564 ) ;
#3107 = DIRECTION ( 'NONE',  ( 0.000000000000000000, -1.000000000000000000, 0.000000000000000000 ) ) ;
#3108 = CARTESIAN_POINT ( 'NONE',  ( 28.91812966297285925, 70.00000000000005684, -8.827432425436112950 ) ) ;
#3109 = CARTESIAN_POINT ( 'NONE',  ( -0.7874569999794522879, 9.000000000000000000, 0.000000000000000000 ) ) ;
#3110 = CARTESIAN_POINT ( 'NONE',  ( -0.7874569999794522879, 75.90493774471548249, 40.87384812639312059 ) ) ;
#3111 = CC_DESIGN_PERSON_AND_ORGANIZATION_ASSIGNMENT ( #3675, #30, ( #3328 ) ) ;
#3112 = CARTESIAN_POINT ( 'NONE',  ( -37.50686897470152559, 31.28862570601154758, 12.54033307466838743 ) ) ;
#3113 = CARTESIAN_POINT ( 'NONE',  ( -0.7874569999794488462, 70.00000000000002842, 3.469446951953614189E-15 ) ) ;
#3114 = CARTESIAN_POINT ( 'NONE',  ( 51.96746062060501004, 0.9999999999999991118, -15.55373481982210926 ) ) ;
#3115 = CARTESIAN_POINT ( 'NONE',  ( 21.52494139248668503, 50.61748440986362851, 26.22640273523323629 ) ) ;
#3116 = CIRCLE ( 'NONE', #1907, 30.96713801146864853 ) ;
#3117 = CARTESIAN_POINT ( 'NONE',  ( -0.7874569999794467368, -4.336808689942017736E-16, 45.00000000000000000 ) ) ;
#3118 = ORIENTED_EDGE ( 'NONE', *, *, #129, .F. ) ;
#3119 = CARTESIAN_POINT ( 'NONE',  ( -11.74251833191152095, 21.63983792066096257, -39.82361579550488528 ) ) ;
#3120 = CYLINDRICAL_SURFACE ( 'NONE', #2388, 4.000000000000003553 ) ;
#3121 = CARTESIAN_POINT ( 'NONE',  ( 56.45533900516362280, 9.000000000000000000, -11.97720756178815016 ) ) ;
#3122 = VERTEX_POINT ( 'NONE', #3366 ) ;
#3123 = FACE_OUTER_BOUND ( 'NONE', #1809, .T. ) ;
#3124 = DIRECTION ( 'NONE',  ( 0.000000000000000000, 0.000000000000000000, -1.000000000000000000 ) ) ;
#3125 = CARTESIAN_POINT ( 'NONE',  ( -33.76184271683809612, 31.28862570601155468, -20.51533333311966345 ) ) ;
#3126 = VERTEX_POINT ( 'NONE', #1463 ) ;
#3127 = DIRECTION ( 'NONE',  ( -0.000000000000000000, -1.000000000000000000, -0.000000000000000000 ) ) ;
#3128 = CARTESIAN_POINT ( 'NONE',  ( 30.16368147642548792, 69.99999999999998579, -1.595106906428545024 ) ) ;
#3129 = DIRECTION ( 'NONE',  ( -0.000000000000000000, -1.000000000000000000, 0.000000000000000000 ) ) ;
#3130 = CYLINDRICAL_SURFACE ( 'NONE', #2339, 3.999999999999996447 ) ;
#3131 = AXIS2_PLACEMENT_3D ( 'NONE', #3188, #108, #457 ) ;
#3132 = CARTESIAN_POINT ( 'NONE',  ( -26.61525020156597066, 60.29827007130318606, 19.78915633964455978 ) ) ;
#3133 = ORIENTED_EDGE ( 'NONE', *, *, #2452, .F. ) ;
#3134 = EDGE_CURVE ( 'NONE', #707, #672, #1840, .T. ) ;
#3135 = CARTESIAN_POINT ( 'NONE',  ( 29.95117950827952313, 21.63983792066095546, -27.61177400753122413 ) ) ;
#3136 = DIRECTION ( 'NONE',  ( -0.000000000000000000, -1.000000000000000000, 0.000000000000000000 ) ) ;
#3137 = EDGE_LOOP ( 'NONE', ( #779, #425, #1258, #3661 ) ) ;
#3138 = CARTESIAN_POINT ( 'NONE',  ( -13.32910192102846736, 31.28862570601155468, -36.74849316784279551 ) ) ;
#3139 = DIRECTION ( 'NONE',  ( 0.000000000000000000, 0.000000000000000000, -1.000000000000000000 ) ) ;
#3140 = DIRECTION ( 'NONE',  ( -0.000000000000000000, 1.000000000000000000, -0.000000000000000000 ) ) ;
#3141 = AXIS2_PLACEMENT_3D ( 'NONE', #1850, #3411, #2154 ) ;
#3142 = ORIENTED_EDGE ( 'NONE', *, *, #3629, .T. ) ;
#3143 = CIRCLE ( 'NONE', #900, 0.9999999999999998890 ) ;
#3144 = DATE_AND_TIME ( #2013, #1949 ) ;
#3145 = CARTESIAN_POINT ( 'NONE',  ( -35.18776739618311922, 12.00000000000000533, -27.31252840848147656 ) ) ;
#3146 = EDGE_CURVE ( 'NONE', #710, #3285, #3283, .T. ) ;
#3147 = ORIENTED_EDGE ( 'NONE', *, *, #838, .T. ) ;
#3148 = CARTESIAN_POINT ( 'NONE',  ( -56.72731222526922323, 70.58000000000002672, -51.20106372158238628 ) ) ;
#3149 = CARTESIAN_POINT ( 'NONE',  ( 33.54986045585849297, 50.61748440986363562, -2.553136755742217989 ) ) ;
#3150 = CARTESIAN_POINT ( 'NONE',  ( -0.7874569999794522879, 77.30000000000002558, 0.000000000000000000 ) ) ;
#3151 = CARTESIAN_POINT ( 'NONE',  ( -25.34054209515690914, 60.29827007130293026, 21.37246036546406103 ) ) ;
#3152 =( GEOMETRIC_REPRESENTATION_CONTEXT ( 3 ) GLOBAL_UNCERTAINTY_ASSIGNED_CONTEXT ( ( #2275 ) ) GLOBAL_UNIT_ASSIGNED_CONTEXT ( ( #896, #64, #1260 ) ) REPRESENTATION_CONTEXT ( 'NONE', 'WORKASPACE' ) );
#3153 = ORIENTED_EDGE ( 'NONE', *, *, #1250, .F. ) ;
#3154 = AXIS2_PLACEMENT_3D ( 'NONE', #450, #1675, #3835 ) ;
#3155 = CARTESIAN_POINT ( 'NONE',  ( 15.61828289675681525, 50.61748440986363562, -30.27633140820052304 ) ) ;
#3156 = CC_DESIGN_SECURITY_CLASSIFICATION ( #3218, ( #217 ) ) ;
#3157 = EDGE_CURVE ( 'NONE', #2148, #2180, #2957, .T. ) ;
#3158 = DIRECTION ( 'NONE',  ( 0.000000000000000000, 1.000000000000000000, -0.000000000000000000 ) ) ;
#3159 = AXIS2_PLACEMENT_3D ( 'NONE', #1479, #2054, #1218 ) ;
#3160 = EDGE_CURVE ( 'NONE', #139, #2701, #3852, .T. ) ;
#3161 = VERTEX_POINT ( 'NONE', #1883 ) ;
#3162 = CARTESIAN_POINT ( 'NONE',  ( -17.44834384641726288, 31.28862570601155468, -35.07570951305454798 ) ) ;
#3163 = CARTESIAN_POINT ( 'NONE',  ( -0.7874569999794522879, 76.00000000000001421, 0.000000000000000000 ) ) ;
#3164 = AXIS2_PLACEMENT_3D ( 'NONE', #495, #2012, #722 ) ;
#3165 = CARTESIAN_POINT ( 'NONE',  ( -0.7874569999794522879, 8.000000000000000000, 0.000000000000000000 ) ) ;
#3166 = EDGE_LOOP ( 'NONE', ( #949, #1064 ) ) ;
#3167 = DIRECTION ( 'NONE',  ( 1.000000000000000000, -0.000000000000000000, 1.224646799147353207E-16 ) ) ;
#3168 = SECURITY_CLASSIFICATION_LEVEL ( 'unclassified' ) ;
#3169 = CARTESIAN_POINT ( 'NONE',  ( -32.27253743460759239, 40.95305505793759693, -18.48465466534214841 ) ) ;
#3170 = EDGE_LOOP ( 'NONE', ( #2780, #581, #3892, #3583 ) ) ;
#3171 = DIRECTION ( 'NONE',  ( -0.000000000000000000, -1.000000000000000000, 0.000000000000000000 ) ) ;
#3172 = CARTESIAN_POINT ( 'NONE',  ( 31.27645664458848174, 31.28862570601155468, 21.85132973497662690 ) ) ;
#3173 = CARTESIAN_POINT ( 'NONE',  ( -40.21492690196910047, 21.63983792066095901, 12.28195873918846459 ) ) ;
#3174 = VERTEX_POINT ( 'NONE', #411 ) ;
#3175 = CARTESIAN_POINT ( 'NONE',  ( 29.16771536607713244, 31.28862570601155468, -24.66298477299178415 ) ) ;
#3176 = ADVANCED_FACE ( 'NONE', ( #2798 ), #2178, .F. ) ;
#3177 = CARTESIAN_POINT ( 'NONE',  ( -3.063512492550199529, 71.30955278317834711, -34.77556630983302455 ) ) ;
#3178 = CARTESIAN_POINT ( 'NONE',  ( 16.61244624987672225, 12.00000000000000888, 40.32638237795853087 ) ) ;
#3179 = ORIENTED_EDGE ( 'NONE', *, *, #2847, .T. ) ;
#3180 = CARTESIAN_POINT ( 'NONE',  ( -2.914062437912850800, 21.63983792066095901, -41.31014047967637737 ) ) ;
#3181 = CARTESIAN_POINT ( 'NONE',  ( -0.7874569999794522879, 12.00000000000000000, 0.000000000000000000 ) ) ;
#3182 = CARTESIAN_POINT ( 'NONE',  ( 12.18785119195823796, 9.000000000000000000, 57.30440064860549398 ) ) ;
#3183 = ADVANCED_FACE ( 'NONE', ( #993 ), #3120, .F. ) ;
#3184 = ORIENTED_EDGE ( 'NONE', *, *, #3669, .F. ) ;
#3185 = CARTESIAN_POINT ( 'NONE',  ( -58.33827622243513389, 0.9999999999999991118, 16.96771071253357732 ) ) ;
#3186 = CARTESIAN_POINT ( 'NONE',  ( -22.03680278464391762, 50.61748440986363562, -27.09308363919246077 ) ) ;
#3187 = ORIENTED_EDGE ( 'NONE', *, *, #1546, .F. ) ;
#3188 = CARTESIAN_POINT ( 'NONE',  ( -0.7874569999794522879, 79.50000000000001421, 0.000000000000000000 ) ) ;
#3189 = CARTESIAN_POINT ( 'NONE',  ( 33.86186529111120080, 40.95305505793758982, 11.60434303304966086 ) ) ;
#3190 = DIRECTION ( 'NONE',  ( 0.000000000000000000, 1.000000000000000000, -0.000000000000000000 ) ) ;
#3191 = CARTESIAN_POINT ( 'NONE',  ( -34.01357505411402116, 50.61748440986364983, 8.931657383851005605 ) ) ;
#3192 = VERTEX_POINT ( 'NONE', #3707 ) ;
#3193 = CARTESIAN_POINT ( 'NONE',  ( 21.29412832341284556, 70.00000000000005684, -21.73310729645837114 ) ) ;
#3194 = CIRCLE ( 'NONE', #1271, 31.00000000000000000 ) ;
#3195 = CARTESIAN_POINT ( 'NONE',  ( -16.34119181980096513, 9.000000000000000000, 52.75491762058464928 ) ) ;
#3196 = CARTESIAN_POINT ( 'NONE',  ( 12.04488320973263171, 40.95305505793758272, 34.20676192988751296 ) ) ;
#3197 = EDGE_CURVE ( 'NONE', #3862, #477, #3018, .T. ) ;
#3198 = EDGE_CURVE ( 'NONE', #3174, #2550, #2545, .T. ) ;
#3199 = CARTESIAN_POINT ( 'NONE',  ( 1.488598492591304501, 71.30955278317834711, -34.77556630983302455 ) ) ;
#3200 = CARTESIAN_POINT ( 'NONE',  ( 12.27530903532201201, 21.63983792066095901, -39.21337442791970318 ) ) ;
#3201 = FACE_OUTER_BOUND ( 'NONE', #292, .T. ) ;
#3202 = CARTESIAN_POINT ( 'NONE',  ( -0.7874569999794522879, 12.00000000000000000, 0.000000000000000000 ) ) ;
#3203 = EDGE_LOOP ( 'NONE', ( #2235, #1790, #3372, #3365 ) ) ;
#3204 = CARTESIAN_POINT ( 'NONE',  ( -17.75516771251280446, 0.9999999999999991118, -57.55081922245575043 ) ) ;
#3205 = CARTESIAN_POINT ( 'NONE',  ( -18.18736024983559574, 12.00000000000000533, -40.32638237795858771 ) ) ;
#3206 = ADVANCED_FACE ( 'NONE', ( #3730 ), #697, .T. ) ;
#3207 = ORIENTED_EDGE ( 'NONE', *, *, #2356, .F. ) ;
#3208 = DIRECTION ( 'NONE',  ( 0.000000000000000000, 0.000000000000000000, 1.000000000000000000 ) ) ;
#3209 = CARTESIAN_POINT ( 'NONE',  ( 30.00986958558958051, 70.00000000000004263, 3.484285904982536319 ) ) ;
#3210 = CARTESIAN_POINT ( 'NONE',  ( -39.58808621525155047, 31.28862570601156889, 0.2938399087233836138 ) ) ;
#3211 = EDGE_LOOP ( 'NONE', ( #3441, #2848, #1406, #3102 ) ) ;
#3212 = CARTESIAN_POINT ( 'NONE',  ( 31.35933712369548587, 40.95305505793759693, -17.30827477370337419 ) ) ;
#3213 = CARTESIAN_POINT ( 'NONE',  ( -26.98691003041848546, 71.30955278317834711, -22.98062448413169889 ) ) ;
#3214 = CARTESIAN_POINT ( 'NONE',  ( 14.30291518080669633, 60.29827007130298711, 28.82648569881816059 ) ) ;
#3215 = AXIS2_PLACEMENT_3D ( 'NONE', #3633, #2738, #3654 ) ;
#3216 = AXIS2_PLACEMENT_3D ( 'NONE', #510, #1380, #2008 ) ;
#3217 = CARTESIAN_POINT ( 'NONE',  ( 14.62337716235323271, 71.30955278317836132, 31.25742521699338639 ) ) ;
#3218 = SECURITY_CLASSIFICATION ( '', '', #3168 ) ;
#3219 = CARTESIAN_POINT ( 'NONE',  ( 5.194455991485394719, 21.63983792066095901, -40.91226072943140224 ) ) ;
#3220 = DIRECTION ( 'NONE',  ( -0.000000000000000000, -1.000000000000000000, -0.000000000000000000 ) ) ;
#3221 = CIRCLE ( 'NONE', #1044, 2.000000000000001776 ) ;
#3222 = ORIENTED_EDGE ( 'NONE', *, *, #1505, .F. ) ;
#3223 = EDGE_CURVE ( 'NONE', #2800, #687, #2011, .T. ) ;
#3224 = VECTOR ( 'NONE', #1972, 1000.000000000000000 ) ;
#3225 = CIRCLE ( 'NONE', #3724, 0.9999999999999994449 ) ;
#3226 = EDGE_CURVE ( 'NONE', #3106, #2990, #212, .T. ) ;
#3227 = FACE_OUTER_BOUND ( 'NONE', #2467, .T. ) ;
#3228 = AXIS2_PLACEMENT_3D ( 'NONE', #1204, #2693, #2461 ) ;
#3229 = CARTESIAN_POINT ( 'NONE',  ( -18.79616681107976106, 31.28862570601155468, -34.36948559889375332 ) ) ;
#3230 = ORIENTED_EDGE ( 'NONE', *, *, #936, .F. ) ;
#3231 = CARTESIAN_POINT ( 'NONE',  ( -29.48351213480474797, 12.00000000000000533, 33.20464143225262887 ) ) ;
#3232 = CARTESIAN_POINT ( 'NONE',  ( 29.33774315755179884, 70.00000000000005684, 7.287030912155878504 ) ) ;
#3233 = FACE_OUTER_BOUND ( 'NONE', #3324, .T. ) ;
#3234 = CARTESIAN_POINT ( 'NONE',  ( -44.68106778870956930, 12.00000000000000711, -1.390262135803786325 ) ) ;
#3235 = EDGE_LOOP ( 'NONE', ( #1772, #880, #2387, #240 ) ) ;
#3236 = CARTESIAN_POINT ( 'NONE',  ( 41.40545430968758467, 12.00000000000000711, -12.15317162745117052 ) ) ;
#3237 = FACE_OUTER_BOUND ( 'NONE', #3291, .T. ) ;
#3238 = CARTESIAN_POINT ( 'NONE',  ( 16.98458011465664086, 70.00000000000000000, 25.38499539731201793 ) ) ;
#3239 = CARTESIAN_POINT ( 'NONE',  ( 29.39187831763194225, 71.30955278317834711, -17.42779850015566367 ) ) ;
#3240 = CARTESIAN_POINT ( 'NONE',  ( 10.45640137000005154, 12.00000000000000355, -42.42154454874603431 ) ) ;
#3241 = DIRECTION ( 'NONE',  ( -0.9591803203742613748, 0.000000000000000000, 0.2827951785422258002 ) ) ;
#3242 = VERTEX_POINT ( 'NONE', #1575 ) ;
#3243 = DIRECTION ( 'NONE',  ( 0.000000000000000000, 0.000000000000000000, 1.000000000000000000 ) ) ;
#3244 = CARTESIAN_POINT ( 'NONE',  ( -23.09985539244556918, 50.61748440986364272, -26.22640273523326471 ) ) ;
#3245 = CARTESIAN_POINT ( 'NONE',  ( -0.7874569999794522879, 79.50000000000001421, -41.10000000000000142 ) ) ;
#3246 = EDGE_LOOP ( 'NONE', ( #849, #56, #2764, #3519, #1578, #3882, #1605, #558, #1294, #1842, #1943, #3070, #1158, #473, #33, #1202, #60 ) ) ;
#3247 = DIRECTION ( 'NONE',  ( -0.000000000000000000, -1.000000000000000000, -0.000000000000000000 ) ) ;
#3248 = DIRECTION ( 'NONE',  ( -0.06160464346253311657, 0.000000000000000000, 0.9981006301490117361 ) ) ;
#3249 = CARTESIAN_POINT ( 'NONE',  ( 34.48188925495751533, 31.28862570601155468, 16.25551993276713603 ) ) ;
#3250 = FACE_OUTER_BOUND ( 'NONE', #243, .T. ) ;
#3251 = CARTESIAN_POINT ( 'NONE',  ( -44.24540831429324328, 12.00000000000000888, -6.339836036968535815 ) ) ;
#3252 = ORIENTED_EDGE ( 'NONE', *, *, #260, .F. ) ;
#3253 = CARTESIAN_POINT ( 'NONE',  ( 22.62433654196225064, 70.00000000000005684, -20.29315860833701635 ) ) ;
#3254 = CARTESIAN_POINT ( 'NONE',  ( -23.76808148411115695, 71.30955278317834711, 26.19945303043903451 ) ) ;
#3255 = CARTESIAN_POINT ( 'NONE',  ( 16.12512664291658737, 21.63983792066095901, 37.64895288406924578 ) ) ;
#3256 = CARTESIAN_POINT ( 'NONE',  ( -0.7414488438697240946, 50.61748440986362851, -34.40562901356925352 ) ) ;
#3257 = CARTESIAN_POINT ( 'NONE',  ( -17.75516771251200865, 8.000000000000000000, 57.55081922245597070 ) ) ;
#3258 = VERTEX_POINT ( 'NONE', #390 ) ;
#3259 = EDGE_CURVE ( 'NONE', #3617, #39, #397, .T. ) ;
#3260 = CARTESIAN_POINT ( 'NONE',  ( -0.7874569999794505115, 69.71228176308378011, -35.97919635613710909 ) ) ;
#3261 = CARTESIAN_POINT ( 'NONE',  ( -0.7874569999794522879, 8.000000000000000000, 0.000000000000000000 ) ) ;
#3262 = ADVANCED_FACE ( 'NONE', ( #1613 ), #2201, .F. ) ;
#3263 = CARTESIAN_POINT ( 'NONE',  ( -58.33827622243513389, 0.9999999999999991118, 16.96771071253357732 ) ) ;
#3264 = VERTEX_POINT ( 'NONE', #3424 ) ;
#3265 = DIRECTION ( 'NONE',  ( 0.000000000000000000, 0.000000000000000000, -1.000000000000000000 ) ) ;
#3266 = CARTESIAN_POINT ( 'NONE',  ( 30.09434120312575089, 12.00000000000000000, -35.43041828348472677 ) ) ;
#3267 = CARTESIAN_POINT ( 'NONE',  ( 27.83163855083488869, 60.29827007130314342, 15.48008333802412650 ) ) ;
#3268 = EDGE_CURVE ( 'NONE', #3617, #2805, #3469, .T. ) ;
#3269 = CARTESIAN_POINT ( 'NONE',  ( -0.7874569999794522879, 0.000000000000000000, 0.000000000000000000 ) ) ;
#3270 = CARTESIAN_POINT ( 'NONE',  ( -30.53018950019903599, 60.29827007130290895, 13.24199152595940987 ) ) ;
#3271 = CIRCLE ( 'NONE', #3837, 4.000000000000003553 ) ;
#3272 = ORIENTED_EDGE ( 'NONE', *, *, #1965, .T. ) ;
#3273 = CARTESIAN_POINT ( 'NONE',  ( 40.15592165362055965, 21.63983792066095901, -5.403923423696462613 ) ) ;
#3274 = CARTESIAN_POINT ( 'NONE',  ( -58.03025300512260287, 0.9999999999999991118, -11.97720756178773094 ) ) ;
#3275 = CARTESIAN_POINT ( 'NONE',  ( 6.948442233366825427, 12.00000000000000711, 43.22889959194294818 ) ) ;
#3276 = CARTESIAN_POINT ( 'NONE',  ( 55.71608328361311635, 9.000000000000000000, 0.000000000000000000 ) ) ;
#3277 = AXIS2_PLACEMENT_3D ( 'NONE', #293, #821, #2049 ) ;
#3278 = AXIS2_PLACEMENT_3D ( 'NONE', #2732, #906, #2748 ) ;
#3279 = CARTESIAN_POINT ( 'NONE',  ( 10.03744454722837354, 21.63983792066095901, -39.90511079452966214 ) ) ;
#3280 = CYLINDRICAL_SURFACE ( 'NONE', #3593, 3.999999999999998224 ) ;
#3281 = EDGE_CURVE ( 'NONE', #863, #1268, #326, .T. ) ;
#3282 = VECTOR ( 'NONE', #3940, 1000.000000000000000 ) ;
#3283 = CIRCLE ( 'NONE', #1038, 0.9999999999999994449 ) ;
#3284 = VECTOR ( 'NONE', #3876, 1000.000000000000000 ) ;
#3285 = VERTEX_POINT ( 'NONE', #2261 ) ;
#3286 = CIRCLE ( 'NONE', #1684, 46.58359629797354273 ) ;
#3287 = TOROIDAL_SURFACE ( 'NONE', #27, 11.99999999999996980, 1.000000000000000000 ) ;
#3288 = DIRECTION ( 'NONE',  ( -0.9981006301490109589, 0.000000000000000000, 0.06160464346254694579 ) ) ;
#3289 = DIRECTION ( 'NONE',  ( -0.000000000000000000, -1.000000000000000000, 0.000000000000000000 ) ) ;
#3290 = CIRCLE ( 'NONE', #912, 56.00000000000000711 ) ;
#3291 = EDGE_LOOP ( 'NONE', ( #284, #537, #2130, #637 ) ) ;
#3292 = CARTESIAN_POINT ( 'NONE',  ( 8.718753322402777783, 70.00000000000000000, -32.64401882897743690 ) ) ;
#3293 = AXIS2_PLACEMENT_3D ( 'NONE', #3185, #2940, #3460 ) ;
#3294 = CARTESIAN_POINT ( 'NONE',  ( 28.77818191296702821, 50.61748440986362141, 17.65393946763843047 ) ) ;
#3295 = TOROIDAL_SURFACE ( 'NONE', #2969, 11.99999999999996980, 1.000000000000000000 ) ;
#3296 = DIRECTION ( 'NONE',  ( -0.2827951785422337383, -0.000000000000000000, -0.9591803203742590433 ) ) ;
#3297 = CARTESIAN_POINT ( 'NONE',  ( -31.73859547638438627, 70.00000000000009948, 1.595106906428557902 ) ) ;
#3298 = ORIENTED_EDGE ( 'NONE', *, *, #3197, .T. ) ;
#3299 = CARTESIAN_POINT ( 'NONE',  ( 27.24899800885951251, 70.00000000000004263, -13.14993639371289191 ) ) ;
#3300 = FACE_BOUND ( 'NONE', #2414, .T. ) ;
#3301 = TOROIDAL_SURFACE ( 'NONE', #2093, 55.00000000000000711, 1.000000000000000000 ) ;
#3302 = CARTESIAN_POINT ( 'NONE',  ( -4.077691025083306720, 31.28862570601155468, 38.73184833248506465 ) ) ;
#3303 = FACE_OUTER_BOUND ( 'NONE', #1797, .T. ) ;
#3304 = DIRECTION ( 'NONE',  ( 0.000000000000000000, 0.000000000000000000, -1.000000000000000000 ) ) ;
#3305 = ORIENTED_EDGE ( 'NONE', *, *, #542, .T. ) ;
#3306 = CARTESIAN_POINT ( 'NONE',  ( -0.7874569999794485131, 76.00000000000001421, 31.00000000000000000 ) ) ;
#3307 = ORIENTED_EDGE ( 'NONE', *, *, #1332, .F. ) ;
#3308 = DIRECTION ( 'NONE',  ( 0.000000000000000000, 0.000000000000000000, -1.000000000000000000 ) ) ;
#3309 = AXIS2_PLACEMENT_3D ( 'NONE', #1579, #2786, #84 ) ;
#3310 = CARTESIAN_POINT ( 'NONE',  ( -0.7874569999794522879, 79.00000000000001421, 0.000000000000000000 ) ) ;
#3311 = CARTESIAN_POINT ( 'NONE',  ( -40.36150388370117525, 21.63983792066095901, -11.72066346201518705 ) ) ;
#3312 = ORIENTED_EDGE ( 'NONE', *, *, #421, .T. ) ;
#3313 = CARTESIAN_POINT ( 'NONE',  ( -58.33827622243513389, 8.000000000000000000, 16.96771071253357732 ) ) ;
#3314 = CARTESIAN_POINT ( 'NONE',  ( 39.37038203025362293, 21.63983792066095901, -9.629115108114374877 ) ) ;
#3315 = CARTESIAN_POINT ( 'NONE',  ( -5.287680585442100067, 70.00000000000002842, 30.63840113815002297 ) ) ;
#3316 = CARTESIAN_POINT ( 'NONE',  ( -17.30937148610108167, 70.00000000000007105, 26.19141039223796241 ) ) ;
#3317 = CARTESIAN_POINT ( 'NONE',  ( -0.7874569999788638697, 0.9999999999999991118, 56.50354028359257086 ) ) ;
#3318 = EDGE_CURVE ( 'NONE', #39, #603, #1433, .T. ) ;
#3319 = EDGE_CURVE ( 'NONE', #2488, #3075, #787, .T. ) ;
#3320 = ORIENTED_EDGE ( 'NONE', *, *, #307, .F. ) ;
#3321 = CIRCLE ( 'NONE', #1087, 4.000000000000000000 ) ;
#3322 = DIRECTION ( 'NONE',  ( 0.9591803203742652606, 0.000000000000000000, 0.2827951785422127551 ) ) ;
#3323 = DIRECTION ( 'NONE',  ( 0.000000000000000000, 0.000000000000000000, 1.000000000000000000 ) ) ;
#3324 = EDGE_LOOP ( 'NONE', ( #2382, #1966, #1513, #3551 ) ) ;
#3325 = DIRECTION ( 'NONE',  ( 0.000000000000000000, 0.000000000000000000, -1.000000000000000000 ) ) ;
#3326 = CARTESIAN_POINT ( 'NONE',  ( 27.24428485508241238, 21.63983792066095901, 30.34196839594392969 ) ) ;
#3327 = DIRECTION ( 'NONE',  ( 0.000000000000000000, 1.000000000000000000, 0.000000000000000000 ) ) ;
#3328 = PRODUCT_DEFINITION ( 'UNKNOWN', '', #217, #1918 ) ;
#3329 = CARTESIAN_POINT ( 'NONE',  ( -38.58939784815319740, 31.28862570601155468, -8.751482017587566276 ) ) ;
#3330 = VERTEX_POINT ( 'NONE', #350 ) ;
#3331 = CARTESIAN_POINT ( 'NONE',  ( 20.42528345614998031, 71.30955278317834711, 27.65031795686522287 ) ) ;
#3332 = CARTESIAN_POINT ( 'NONE',  ( 37.02214295103802755, 31.28862570601156179, -8.718332463091993390 ) ) ;
#3333 = DIRECTION ( 'NONE',  ( -1.000000000000000000, 0.000000000000000000, 0.000000000000000000 ) ) ;
#3334 = CARTESIAN_POINT ( 'NONE',  ( -13.85022303528089793, 21.63983792066095901, 39.21337442791970318 ) ) ;
#3335 = ADVANCED_BREP_SHAPE_REPRESENTATION ( 'kkk k03 vband adapter', ( #257, #2463 ), #3152 ) ;
#3336 = CARTESIAN_POINT ( 'NONE',  ( -28.68454660898760622, 40.95305505793758272, 23.63338239092460569 ) ) ;
#3337 = CARTESIAN_POINT ( 'NONE',  ( -0.7874569999794447384, 69.99999999999981526, 34.00000000000009948 ) ) ;
#3338 = AXIS2_PLACEMENT_3D ( 'NONE', #952, #1841, #2163 ) ;
#3339 = CIRCLE ( 'NONE', #18, 30.96713801146864853 ) ;
#3340 = CARTESIAN_POINT ( 'NONE',  ( 56.51694364862616027, 8.000000000000000000, -12.97530819193717022 ) ) ;
#3341 = ORIENTED_EDGE ( 'NONE', *, *, #3922, .T. ) ;
#3342 = DIRECTION ( 'NONE',  ( -0.000000000000000000, -1.000000000000000000, -0.000000000000000000 ) ) ;
#3343 = AXIS2_PLACEMENT_3D ( 'NONE', #3037, #1214, #2127 ) ;
#3344 = FACE_OUTER_BOUND ( 'NONE', #3023, .T. ) ;
#3345 = ORIENTED_EDGE ( 'NONE', *, *, #3667, .T. ) ;
#3346 = AXIS2_PLACEMENT_3D ( 'NONE', #799, #1079, #2304 ) ;
#3347 = CARTESIAN_POINT ( 'NONE',  ( -0.7874569999794522879, 0.000000000000000000, 0.000000000000000000 ) ) ;
#3348 = EDGE_CURVE ( 'NONE', #139, #822, #3518, .T. ) ;
#3349 = EDGE_CURVE ( 'NONE', #1817, #2566, #3714, .T. ) ;
#3350 = CARTESIAN_POINT ( 'NONE',  ( 56.51694364862616737, 8.000000000000000000, 12.97530819193716134 ) ) ;
#3351 = CARTESIAN_POINT ( 'NONE',  ( 0.000000000000000000, 0.000000000000000000, 0.000000000000000000 ) ) ;
#3352 = CARTESIAN_POINT ( 'NONE',  ( -39.52650399386777025, 31.28862570601156889, -2.678952474252290106 ) ) ;
#3353 = VERTEX_POINT ( 'NONE', #3500 ) ;
#3354 = FACE_OUTER_BOUND ( 'NONE', #1502, .T. ) ;
#3355 = CARTESIAN_POINT ( 'NONE',  ( 29.41195199656459636, 60.29827007130302974, -12.16938927037953988 ) ) ;
#3356 = CYLINDRICAL_SURFACE ( 'NONE', #35, 56.00000000000000711 ) ;
#3357 = AXIS2_PLACEMENT_3D ( 'NONE', #255, #2349, #3875 ) ;
#3358 = CARTESIAN_POINT ( 'NONE',  ( 1.897246964218312071, 60.29827007130310079, 32.42650112058704792 ) ) ;
#3359 = ADVANCED_FACE ( 'NONE', ( #818 ), #459, .T. ) ;
#3360 = CARTESIAN_POINT ( 'NONE',  ( -31.52609350823842860, 21.63983792066095191, 27.61177400753121347 ) ) ;
#3361 = AXIS2_PLACEMENT_3D ( 'NONE', #1523, #3333, #249 ) ;
#3362 = EDGE_LOOP ( 'NONE', ( #324, #276, #1598, #1707 ) ) ;
#3363 = CARTESIAN_POINT ( 'NONE',  ( 21.06387273499716883, 31.28862570601155468, -32.06391364456794690 ) ) ;
#3364 = CARTESIAN_POINT ( 'NONE',  ( -0.7874569999796461328, 0.9999999999999991118, -56.50354028359257086 ) ) ;
#3365 = ORIENTED_EDGE ( 'NONE', *, *, #291, .T. ) ;
#3366 = CARTESIAN_POINT ( 'NONE',  ( -0.7874569999794480690, 77.80000000000002558, -34.20000000000000284 ) ) ;
#3367 = DIRECTION ( 'NONE',  ( -2.664039623821525688E-15, 0.000000000000000000, -1.000000000000000000 ) ) ;
#3368 = ORIENTED_EDGE ( 'NONE', *, *, #1012, .T. ) ;
#3369 = CARTESIAN_POINT ( 'NONE',  ( 51.96746062060501004, 8.000000000000000000, -15.55373481982211281 ) ) ;
#3370 = CARTESIAN_POINT ( 'NONE',  ( -43.96986597553966192, 12.00000000000000711, -8.015815857736448891 ) ) ;
#3371 = COORDINATED_UNIVERSAL_TIME_OFFSET ( 0, 0, .AHEAD. ) ;
#3372 = ORIENTED_EDGE ( 'NONE', *, *, #426, .T. ) ;
#3373 = DIRECTION ( 'NONE',  ( -0.9981006301490112920, 0.000000000000000000, 0.06160464346254004159 ) ) ;
#3374 = CARTESIAN_POINT ( 'NONE',  ( 35.69215734367696058, 40.95305505793759693, 1.493480970770971528 ) ) ;
#3375 = CARTESIAN_POINT ( 'NONE',  ( -23.08877135498214628, 12.00000000000000711, 37.85437343352965200 ) ) ;
#3376 = CARTESIAN_POINT ( 'NONE',  ( -21.97886629709709538, 60.29827007130298711, 24.75118491514034602 ) ) ;
#3377 = EDGE_CURVE ( 'NONE', #2566, #3617, #1110, .T. ) ;
#3378 = ORIENTED_EDGE ( 'NONE', *, *, #3672, .F. ) ;
#3379 = CARTESIAN_POINT ( 'NONE',  ( 14.33052259572813547, 50.61748440986363562, -30.90624722468833951 ) ) ;
#3380 = ORIENTED_EDGE ( 'NONE', *, *, #102, .F. ) ;
#3381 = CARTESIAN_POINT ( 'NONE',  ( -58.09185764858499113, 9.000000000000000000, 12.97530819193753260 ) ) ;
#3382 = DIRECTION ( 'NONE',  ( -0.000000000000000000, -1.000000000000000000, -0.000000000000000000 ) ) ;
#3383 = B_SPLINE_CURVE_WITH_KNOTS ( 'NONE', 3,
 ( #2509, #635, #3712, #2741, #5, #2166 ),
 .UNSPECIFIED., .F., .F.,
 ( 4, 2, 4 ),
 ( -0.007556181127852619472, 0.4893104609084630852, 0.9861771029447787829 ),
 .UNSPECIFIED. ) ;
#3384 = ORIENTED_EDGE ( 'NONE', *, *, #1436, .F. ) ;
#3385 = EDGE_CURVE ( 'NONE', #2824, #2266, #973, .T. ) ;
#3386 = EDGE_CURVE ( 'NONE', #2668, #2192, #1942, .T. ) ;
#3387 = CARTESIAN_POINT ( 'NONE',  ( -12.76466456176695985, 0.000000000000000000, 57.24279600514320521 ) ) ;
#3388 = CARTESIAN_POINT ( 'NONE',  ( -16.34119181980096513, 0.000000000000000000, 52.75491762058464928 ) ) ;
#3389 = CARTESIAN_POINT ( 'NONE',  ( -28.80198830508368957, 40.95305505793758982, -23.46220434794368970 ) ) ;
#3390 = CARTESIAN_POINT ( 'NONE',  ( -9.271312356246127706, 0.000000000000000000, -28.77540961122787522 ) ) ;
#3391 = EDGE_CURVE ( 'NONE', #115, #2470, #1813, .T. ) ;
#3392 = CARTESIAN_POINT ( 'NONE',  ( 38.02432628062968689, 31.28862570601155468, 1.179019088772123913 ) ) ;
#3393 = CARTESIAN_POINT ( 'NONE',  ( -6.733740816151244424, 70.00000000000002842, 30.42600120491284343 ) ) ;
#3394 = CARTESIAN_POINT ( 'NONE',  ( -22.86904232337174037, 70.00000000000000000, 21.73310729645838535 ) ) ;
#3395 = ORIENTED_EDGE ( 'NONE', *, *, #1354, .F. ) ;
#3396 = CARTESIAN_POINT ( 'NONE',  ( 21.06387273499716883, 31.28862570601155468, -32.06391364456794690 ) ) ;
#3397 = EDGE_CURVE ( 'NONE', #2488, #2550, #720, .T. ) ;
#3398 = AXIS2_PLACEMENT_3D ( 'NONE', #775, #1399, #2006 ) ;
#3399 = DIRECTION ( 'NONE',  ( -0.000000000000000000, -1.000000000000000000, -0.000000000000000000 ) ) ;
#3400 = ORIENTED_EDGE ( 'NONE', *, *, #1804, .F. ) ;
#3401 = CARTESIAN_POINT ( 'NONE',  ( -11.94876241047857235, 31.28862570601155468, -37.18883564797105379 ) ) ;
#3402 = CARTESIAN_POINT ( 'NONE',  ( -0.7874569999794522879, 75.91478253581945523, 0.000000000000000000 ) ) ;
#3403 = CARTESIAN_POINT ( 'NONE',  ( -0.7874569999794488462, 13.50112674534168633, 3.469446951953614189E-15 ) ) ;
#3404 = AXIS2_PLACEMENT_3D ( 'NONE', #2799, #3382, #59 ) ;
#3405 = ORIENTED_EDGE ( 'NONE', *, *, #2222, .T. ) ;
#3406 = CIRCLE ( 'NONE', #3343, 5.499999999999996447 ) ;
#3407 = CARTESIAN_POINT ( 'NONE',  ( -57.29099728357201826, 0.000000000000000000, 3.945621129574694455E-13 ) ) ;
#3408 = CARTESIAN_POINT ( 'NONE',  ( -31.50234349021832614, 40.95305505793759693, -19.79653301678499844 ) ) ;
#3409 = VECTOR ( 'NONE', #3796, 1000.000000000000000 ) ;
#3410 = ORIENTED_EDGE ( 'NONE', *, *, #626, .F. ) ;
#3411 = DIRECTION ( 'NONE',  ( 0.000000000000000000, 1.000000000000000000, 0.000000000000000000 ) ) ;
#3412 = AXIS2_PLACEMENT_3D ( 'NONE', #3780, #1368, #2689 ) ;
#3413 = CARTESIAN_POINT ( 'NONE',  ( 37.78721020874597514, 31.28862570601155468, 4.191684521653282758 ) ) ;
#3414 = CIRCLE ( 'NONE', #3473, 4.999999999999997335 ) ;
#3415 = CARTESIAN_POINT ( 'NONE',  ( -57.29099728357201826, 0.9999999999999991118, 3.945621129574694455E-13 ) ) ;
#3416 = CARTESIAN_POINT ( 'NONE',  ( 8.718753322402868378, 69.99999999999981526, -32.64401882897752216 ) ) ;
#3417 = CARTESIAN_POINT ( 'NONE',  ( -30.90378201061432151, 50.61748440986361430, 16.67548108937209150 ) ) ;
#3418 = CIRCLE ( 'NONE', #1116, 1.000000000000000444 ) ;
#3419 = DIRECTION ( 'NONE',  ( 0.06160464346254002771, 0.000000000000000000, -0.9981006301490112920 ) ) ;
#3420 = LINE ( 'NONE', #966, #1550 ) ;
#3421 = CIRCLE ( 'NONE', #1823, 31.00000000000000000 ) ;
#3422 = ORIENTED_EDGE ( 'NONE', *, *, #259, .F. ) ;
#3423 = CARTESIAN_POINT ( 'NONE',  ( -7.834082747708108307, 31.28862570601155468, -38.26168447239943049 ) ) ;
#3424 = CARTESIAN_POINT ( 'NONE',  ( 52.92664094097926863, 8.000000000000000000, -15.83652999836433040 ) ) ;
#3425 = VERTEX_POINT ( 'NONE', #2955 ) ;
#3426 = DIRECTION ( 'NONE',  ( 1.000000000000000000, 0.000000000000000000, 0.000000000000000000 ) ) ;
#3427 = CARTESIAN_POINT ( 'NONE',  ( -31.38745752226794394, 70.00000000000004263, -4.754324837165702533 ) ) ;
#3428 = PERSON_AND_ORGANIZATION ( #1906, #2195 ) ;
#3429 = ORIENTED_EDGE ( 'NONE', *, *, #836, .F. ) ;
#3430 = CARTESIAN_POINT ( 'NONE',  ( -0.7874569999788638697, 8.000000000000000000, 56.50354028359257086 ) ) ;
#3431 = CARTESIAN_POINT ( 'NONE',  ( 41.14975104103123726, 12.00000000000000888, 13.05384533136698622 ) ) ;
#3432 = DIRECTION ( 'NONE',  ( 0.9981006301490112920, -0.000000000000000000, 0.06160464346254003465 ) ) ;
#3433 = CARTESIAN_POINT ( 'NONE',  ( -26.69248593101180234, 70.00000000000005684, 17.00194135359269865 ) ) ;
#3434 = EDGE_LOOP ( 'NONE', ( #2021, #3759 ) ) ;
#3435 = AXIS2_PLACEMENT_3D ( 'NONE', #1535, #954, #2758 ) ;
#3436 = EDGE_LOOP ( 'NONE', ( #2015, #2465, #494, #3368, #1336, #437, #3038, #225, #1950, #1435, #3810, #1045, #369, #3649, #3305, #3873, #867 ) ) ;
#3437 = CARTESIAN_POINT ( 'NONE',  ( -18.55949411461552856, 70.00000000000001421, -25.38499539731203569 ) ) ;
#3438 = DIRECTION ( 'NONE',  ( 1.734723475976805517E-15, 0.000000000000000000, -1.000000000000000000 ) ) ;
#3439 = ADVANCED_FACE ( 'NONE', ( #3201 ), #1746, .T. ) ;
#3440 = DIRECTION ( 'NONE',  ( 0.000000000000000000, 0.000000000000000000, -1.000000000000000000 ) ) ;
#3441 = ORIENTED_EDGE ( 'NONE', *, *, #3101, .T. ) ;
#3442 = CARTESIAN_POINT ( 'NONE',  ( -0.7874569999794468478, 9.000000000000000000, 44.00000000000000000 ) ) ;
#3443 = CARTESIAN_POINT ( 'NONE',  ( -31.19013145898739481, 70.00000000000004263, -6.024363769348891395 ) ) ;
#3444 = ORIENTED_EDGE ( 'NONE', *, *, #195, .F. ) ;
#3445 = EDGE_CURVE ( 'NONE', #115, #2287, #1736, .T. ) ;
#3446 = EDGE_CURVE ( 'NONE', #2984, #3258, #23, .T. ) ;
#3447 = CARTESIAN_POINT ( 'NONE',  ( 30.20394391107875975, 70.00000000000002842, -0.3327776698746807149 ) ) ;
#3448 = CARTESIAN_POINT ( 'NONE',  ( -29.48351213480474797, 12.00000000000000533, 33.20464143225262887 ) ) ;
#3449 = CARTESIAN_POINT ( 'NONE',  ( -31.19970992332626025, 40.95305505793757561, 20.20117868339224998 ) ) ;
#3450 = ORIENTED_EDGE ( 'NONE', *, *, #516, .F. ) ;
#3451 = CARTESIAN_POINT ( 'NONE',  ( 11.00869161313369382, 60.29827007130311500, -30.32386004776038746 ) ) ;
#3452 = CARTESIAN_POINT ( 'NONE',  ( 24.12581592598301228, 40.95305505793758982, 26.73135134214253483 ) ) ;
#3453 = ORIENTED_EDGE ( 'NONE', *, *, #936, .T. ) ;
#3454 = CARTESIAN_POINT ( 'NONE',  ( -17.60974039652229806, 70.00000000000001421, -25.99950803280218281 ) ) ;
#3455 = DIRECTION ( 'NONE',  ( 0.000000000000000000, 1.000000000000000000, -0.000000000000000000 ) ) ;
#3456 = CARTESIAN_POINT ( 'NONE',  ( 8.718753322402868378, 69.99999999999981526, -32.64401882897752216 ) ) ;
#3457 = AXIS2_PLACEMENT_3D ( 'NONE', #3716, #3662, #3043 ) ;
#3458 = ORIENTED_EDGE ( 'NONE', *, *, #3881, .F. ) ;
#3459 = AXIS2_PLACEMENT_3D ( 'NONE', #3261, #513, #2665 ) ;
#3460 = DIRECTION ( 'NONE',  ( 0.000000000000000000, 0.000000000000000000, -1.000000000000000000 ) ) ;
#3461 = CIRCLE ( 'NONE', #1540, 1.000000000000002442 ) ;
#3462 = CARTESIAN_POINT ( 'NONE',  ( -33.04273137899685509, 40.95305505793759693, -17.17277631389929837 ) ) ;
#3463 = EDGE_LOOP ( 'NONE', ( #1970, #2125, #3230, #2310, #2176 ) ) ;
#3464 = ADVANCED_FACE ( 'NONE', ( #777 ), #852, .T. ) ;
#3465 = DIRECTION ( 'NONE',  ( -0.000000000000000000, -1.000000000000000000, -0.000000000000000000 ) ) ;
#3466 = CARTESIAN_POINT ( 'NONE',  ( 36.21374356306336750, 31.28862570601155468, 11.79068974676108006 ) ) ;
#3467 = AXIS2_PLACEMENT_3D ( 'NONE', #3364, #1879, #3686 ) ;
#3468 = CARTESIAN_POINT ( 'NONE',  ( -14.61767629465835938, 50.61748440986363562, 31.53616304117615954 ) ) ;
#3469 = CIRCLE ( 'NONE', #2648, 1.000000000000001332 ) ;
#3470 = CARTESIAN_POINT ( 'NONE',  ( -26.09466029132438791, 70.00000000000002842, 17.87664994745066593 ) ) ;
#3471 = AXIS2_PLACEMENT_3D ( 'NONE', #540, #3289, #3599 ) ;
#3472 = ORIENTED_EDGE ( 'NONE', *, *, #1805, .T. ) ;
#3473 = AXIS2_PLACEMENT_3D ( 'NONE', #378, #1266, #1367 ) ;
#3474 = EDGE_CURVE ( 'NONE', #2701, #3192, #1614, .T. ) ;
#3475 = DIRECTION ( 'NONE',  ( -0.000000000000000000, -1.000000000000000000, 0.000000000000000000 ) ) ;
#3476 = CARTESIAN_POINT ( 'NONE',  ( -17.75516771251200865, 0.000000000000000000, 57.55081922245597070 ) ) ;
#3477 = AXIS2_PLACEMENT_3D ( 'NONE', #3269, #3895, #3879 ) ;
#3478 = ORIENTED_EDGE ( 'NONE', *, *, #2368, .T. ) ;
#3479 = CARTESIAN_POINT ( 'NONE',  ( -16.93085148939821138, 60.29827007130320027, -28.27523922646069821 ) ) ;
#3480 = AXIS2_PLACEMENT_3D ( 'NONE', #3899, #831, #1189 ) ;
#3481 = DIRECTION ( 'NONE',  ( 0.000000000000000000, 1.000000000000000000, -0.000000000000000000 ) ) ;
#3482 = CARTESIAN_POINT ( 'NONE',  ( 16.18025371255351175, 9.000000000000000000, -57.55081922245584991 ) ) ;
#3483 = EDGE_LOOP ( 'NONE', ( #3877, #727 ) ) ;
#3484 = EDGE_CURVE ( 'NONE', #3728, #3742, #1947, .T. ) ;
#3485 = CIRCLE ( 'NONE', #2277, 1.000000000000002442 ) ;
#3486 = DIRECTION ( 'NONE',  ( -0.000000000000000000, -1.000000000000000000, 0.000000000000000000 ) ) ;
#3487 = CARTESIAN_POINT ( 'NONE',  ( -23.04209267734038136, 70.00000000000004263, -21.53357442435604696 ) ) ;
#3488 = ORIENTED_EDGE ( 'NONE', *, *, #2271, .F. ) ;
#3489 = FACE_BOUND ( 'NONE', #2316, .T. ) ;
#3490 = EDGE_CURVE ( 'NONE', #2032, #2911, #1679, .T. ) ;
#3491 = CARTESIAN_POINT ( 'NONE',  ( 33.35271014086809060, 40.95305505793758982, 13.02835310790758783 ) ) ;
#3492 = EDGE_CURVE ( 'NONE', #3917, #1802, #526, .T. ) ;
#3493 = CARTESIAN_POINT ( 'NONE',  ( -37.09157905601006178, 40.95305505793761114, 4.113906605944296579 ) ) ;
#3494 = EDGE_LOOP ( 'NONE', ( #2904, #2813, #805, #2 ) ) ;
#3495 = CARTESIAN_POINT ( 'NONE',  ( 27.85235617818424103, 31.28862570601155468, -26.26059396584813754 ) ) ;
#3496 = CARTESIAN_POINT ( 'NONE',  ( 16.18025371255428624, 9.000000000000000000, 57.55081922245562964 ) ) ;
#3497 = CARTESIAN_POINT ( 'NONE',  ( 15.82756444996248923, 40.95305505793758272, 32.54004560598476559 ) ) ;
#3498 = CARTESIAN_POINT ( 'NONE',  ( 30.46996821701393543, 71.30955278317834711, -15.41083416233268188 ) ) ;
#3499 = CARTESIAN_POINT ( 'NONE',  ( 0.3174274015018341832, 60.29827007130310790, -32.56495375646649393 ) ) ;
#3500 = CARTESIAN_POINT ( 'NONE',  ( 56.45533900516362991, 9.000000000000000000, 11.97720756178814483 ) ) ;
#3501 = FACE_OUTER_BOUND ( 'NONE', #3483, .T. ) ;
#3502 = VERTEX_POINT ( 'NONE', #1136 ) ;
#3503 = DIRECTION ( 'NONE',  ( -1.000000000000000000, 0.000000000000000000, 0.000000000000000000 ) ) ;
#3504 = CARTESIAN_POINT ( 'NONE',  ( -24.11770991813070353, 50.61748440986364272, -25.28732337249007145 ) ) ;
#3505 = VERTEX_POINT ( 'NONE', #834 ) ;
#3506 = CARTESIAN_POINT ( 'NONE',  ( 39.19158136388475810, 12.00000000000000178, 97.19401468969513758 ) ) ;
#3507 = CARTESIAN_POINT ( 'NONE',  ( 28.47413228211474845, 60.29827007130314342, 14.29226095459214108 ) ) ;
#3508 = CARTESIAN_POINT ( 'NONE',  ( -58.03025300512260287, 0.000000000000000000, -11.97720756178773094 ) ) ;
#3509 = CARTESIAN_POINT ( 'NONE',  ( -42.07785720289171394, 21.63983792066096257, 0.9247390350045281426 ) ) ;
#3510 = EDGE_LOOP ( 'NONE', ( #3836, #2347, #3147, #645 ) ) ;
#3511 = CARTESIAN_POINT ( 'NONE',  ( 30.23007468541657161, 40.95305505793759693, -19.28995013138185399 ) ) ;
#3512 = AXIS2_PLACEMENT_3D ( 'NONE', #1387, #2865, #376 ) ;
#3513 = CARTESIAN_POINT ( 'NONE',  ( 7.969940138186213829, 60.29827007130304395, 31.33677720607622064 ) ) ;
#3514 = ADVANCED_FACE ( 'NONE', ( #2065 ), #3280, .F. ) ;
#3515 = CARTESIAN_POINT ( 'NONE',  ( 1.488598492591300948, 71.30955278317833290, 34.77556630983302455 ) ) ;
#3516 = EDGE_CURVE ( 'NONE', #2199, #2488, #1358, .T. ) ;
#3517 = CARTESIAN_POINT ( 'NONE',  ( 19.59206172643352062, 12.00000000000000533, -38.93796916853217738 ) ) ;
#3518 = LINE ( 'NONE', #3557, #3409 ) ;
#3519 = ORIENTED_EDGE ( 'NONE', *, *, #1681, .T. ) ;
#3520 = CARTESIAN_POINT ( 'NONE',  ( -0.7874569999796461328, 8.000000000000000000, -56.50354028359257086 ) ) ;
#3521 = CARTESIAN_POINT ( 'NONE',  ( -25.13556444381584143, 50.61748440986364272, -24.34824400974687464 ) ) ;
#3522 = ORIENTED_EDGE ( 'NONE', *, *, #888, .T. ) ;
#3523 = DIRECTION ( 'NONE',  ( -0.000000000000000000, -1.000000000000000000, 0.000000000000000000 ) ) ;
#3524 = AXIS2_PLACEMENT_3D ( 'NONE', #2203, #2443, #3367 ) ;
#3525 = CARTESIAN_POINT ( 'NONE',  ( 38.45914749831469237, 12.00000000000000711, 19.63964939350694294 ) ) ;
#3526 = LINE ( 'NONE', #188, #154 ) ;
#3527 = CARTESIAN_POINT ( 'NONE',  ( -30.03131378431948662, 60.29827007130291605, 14.26472750093087249 ) ) ;
#3528 = ORIENTED_EDGE ( 'NONE', *, *, #2492, .F. ) ;
#3529 = CARTESIAN_POINT ( 'NONE',  ( 30.48307455397002741, 31.28862570601155468, -23.06537558013543077 ) ) ;
#3530 = CARTESIAN_POINT ( 'NONE',  ( -34.45078415537793859, 71.30955278317834711, 9.016698154172857471 ) ) ;
#3531 = CARTESIAN_POINT ( 'NONE',  ( 7.914960027412475618, 50.61748440986363562, 33.36582789329209930 ) ) ;
#3532 = CIRCLE ( 'NONE', #2191, 34.20000000000000284 ) ;
#3533 = AXIS2_PLACEMENT_3D ( 'NONE', #492, #2893, #3817 ) ;
#3534 = CARTESIAN_POINT ( 'NONE',  ( 3.764597705204774769, 71.30955278317836132, 34.55139995334292280 ) ) ;
#3535 = CARTESIAN_POINT ( 'NONE',  ( -5.415322080017623385, 60.29827007130313632, -32.26561998415564858 ) ) ;
#3536 = DIRECTION ( 'NONE',  ( 0.000000000000000000, 1.000000000000000000, 0.000000000000000000 ) ) ;
#3537 = ORIENTED_EDGE ( 'NONE', *, *, #3555, .T. ) ;
#3538 = CIRCLE ( 'NONE', #2527, 12.99999999999996980 ) ;
#3539 = AXIS2_PLACEMENT_3D ( 'NONE', #205, #2966, #1427 ) ;
#3540 = DIRECTION ( 'NONE',  ( -0.000000000000000000, -1.000000000000000000, 0.000000000000000000 ) ) ;
#3541 = CIRCLE ( 'NONE', #2895, 1.000000000000001332 ) ;
#3542 = CARTESIAN_POINT ( 'NONE',  ( -21.02489423553763004, 60.29827007130310079, -25.50999540039314795 ) ) ;
#3543 = EDGE_LOOP ( 'NONE', ( #3032, #567 ) ) ;
#3544 = CARTESIAN_POINT ( 'NONE',  ( 30.09434120312575089, 12.00000000000000000, -35.43041828348472677 ) ) ;
#3545 = CARTESIAN_POINT ( 'NONE',  ( -0.7874569999794472919, 75.91478253581945523, -40.88737781898382906 ) ) ;
#3546 = CARTESIAN_POINT ( 'NONE',  ( 33.01355107102969555, 31.28862570601155468, 19.12225318624349768 ) ) ;
#3547 = DIRECTION ( 'NONE',  ( 0.000000000000000000, 0.000000000000000000, -1.000000000000000000 ) ) ;
#3548 = CARTESIAN_POINT ( 'NONE',  ( 52.92664094097928285, 8.000000000000000000, 15.83652999836431974 ) ) ;
#3549 = ADVANCED_FACE ( 'NONE', ( #2438 ), #2091, .F. ) ;
#3550 = CARTESIAN_POINT ( 'NONE',  ( -41.92023314566512937, 21.63983792066096612, -3.745459966851820255 ) ) ;
#3551 = ORIENTED_EDGE ( 'NONE', *, *, #802, .F. ) ;
#3552 = CARTESIAN_POINT ( 'NONE',  ( 28.18159756347528955, 50.61748440986363562, -18.56187766012289231 ) ) ;
#3553 = CARTESIAN_POINT ( 'NONE',  ( -22.00019745610887867, 71.30955278317836132, -27.65031795686523708 ) ) ;
#3554 = CARTESIAN_POINT ( 'NONE',  ( 13.15511088874387724, 21.63983792066095191, 38.87851005996394349 ) ) ;
#3555 = EDGE_CURVE ( 'NONE', #3075, #2488, #1748, .T. ) ;
#3556 = CARTESIAN_POINT ( 'NONE',  ( 3.774902308970808473, 60.29827007130310790, -32.26270075857681974 ) ) ;
#3557 = CARTESIAN_POINT ( 'NONE',  ( -16.62398699834317384, 9.000000000000000000, 53.71409794095890788 ) ) ;
#3558 = CARTESIAN_POINT ( 'NONE',  ( 14.33052259572813902, 50.61748440986362141, -30.90624722468833596 ) ) ;
#3559 = ORIENTED_EDGE ( 'NONE', *, *, #9, .T. ) ;
#3560 = DIRECTION ( 'NONE',  ( 0.000000000000000000, 0.000000000000000000, -1.000000000000000000 ) ) ;
#3561 = DIRECTION ( 'NONE',  ( -0.000000000000000000, -1.000000000000000000, -0.000000000000000000 ) ) ;
#3562 = ORIENTED_EDGE ( 'NONE', *, *, #717, .F. ) ;
#3563 = CARTESIAN_POINT ( 'NONE',  ( -58.03025300512245366, 0.9999999999999991118, 11.97720756178852319 ) ) ;
#3564 = CARTESIAN_POINT ( 'NONE',  ( -58.03025300512260287, 9.000000000000000000, -11.97720756178773094 ) ) ;
#3565 = DIRECTION ( 'NONE',  ( -0.000000000000000000, -1.000000000000000000, -0.000000000000000000 ) ) ;
#3566 = CARTESIAN_POINT ( 'NONE',  ( -37.32563922484258256, 40.95305505793760403, -0.06290785925503286635 ) ) ;
#3567 = EDGE_LOOP ( 'NONE', ( #112, #1426, #2959, #1691 ) ) ;
#3568 = CARTESIAN_POINT ( 'NONE',  ( 28.45639978436070550, 60.29827007130310079, -14.26472750093081743 ) ) ;
#3569 = CARTESIAN_POINT ( 'NONE',  ( -30.96679231759084772, 71.30955278317834711, 17.42779850015565302 ) ) ;
#3570 = CARTESIAN_POINT ( 'NONE',  ( 10.37384841051970241, 31.28862570601154758, 37.18883564797102537 ) ) ;
#3571 = CC_DESIGN_PERSON_AND_ORGANIZATION_ASSIGNMENT ( #415, #2229, ( #3218 ) ) ;
#3572 = CARTESIAN_POINT ( 'NONE',  ( -6.167572410381952253, 70.00000000000005684, -30.49619639876579313 ) ) ;
#3573 = CARTESIAN_POINT ( 'NONE',  ( 24.47334441871878141, 21.63983792066095901, -32.64002221858795849 ) ) ;
#3574 = EDGE_LOOP ( 'NONE', ( #3400, #434, #168, #103 ) ) ;
#3575 = DIRECTION ( 'NONE',  ( -0.000000000000000000, 1.000000000000000000, -0.000000000000000000 ) ) ;
#3576 = CARTESIAN_POINT ( 'NONE',  ( -0.7874569999794522879, 12.00000000000000000, -44.00000000000000000 ) ) ;
#3577 = ORIENTED_EDGE ( 'NONE', *, *, #1431, .T. ) ;
#3578 = CYLINDRICAL_SURFACE ( 'NONE', #40, 44.00000000000000000 ) ;
#3579 = DIRECTION ( 'NONE',  ( -1.000000000000000000, 0.000000000000000000, 0.000000000000000000 ) ) ;
#3580 = CARTESIAN_POINT ( 'NONE',  ( 27.22707430512479476, 40.95305505793758982, 23.46220434794364706 ) ) ;
#3581 = DIRECTION ( 'NONE',  ( -0.9591803203742590433, 0.000000000000000000, 0.2827951785422337383 ) ) ;
#3582 = CARTESIAN_POINT ( 'NONE',  ( -31.77885791103766877, 70.00000000000004263, 0.3327776698746950368 ) ) ;
#3583 = ORIENTED_EDGE ( 'NONE', *, *, #3891, .F. ) ;
#3584 = CARTESIAN_POINT ( 'NONE',  ( 35.93195497474263078, 31.28862570601155468, -12.54033307466839098 ) ) ;
#3585 = PLANE ( 'NONE',  #3795 ) ;
#3586 = CARTESIAN_POINT ( 'NONE',  ( -9.716902957012012010, 40.95305505793759693, 35.40138052353880482 ) ) ;
#3587 = CARTESIAN_POINT ( 'NONE',  ( 16.18025371255428624, 8.000000000000000000, 57.55081922245562964 ) ) ;
#3588 = AXIS2_PLACEMENT_3D ( 'NONE', #309, #914, #2528 ) ;
#3589 = AXIS2_PLACEMENT_3D ( 'NONE', #16, #2420, #3666 ) ;
#3590 = CARTESIAN_POINT ( 'NONE',  ( -0.7874569999794448494, 13.50112674534168633, 46.58359629797354273 ) ) ;
#3591 = VECTOR ( 'NONE', #826, 1000.000000000000000 ) ;
#3592 = CARTESIAN_POINT ( 'NONE',  ( 55.71608328361311635, 0.9999999999999991118, 0.000000000000000000 ) ) ;
#3593 = AXIS2_PLACEMENT_3D ( 'NONE', #533, #2983, #1352 ) ;
#3594 = AXIS2_PLACEMENT_3D ( 'NONE', #384, #990, #114 ) ;
#3595 = ORIENTED_EDGE ( 'NONE', *, *, #195, .T. ) ;
#3596 = AXIS2_PLACEMENT_3D ( 'NONE', #1183, #847, #3603 ) ;
#3597 = CIRCLE ( 'NONE', #1880, 1.000000000000002887 ) ;
#3598 = FACE_OUTER_BOUND ( 'NONE', #336, .T. ) ;
#3599 = DIRECTION ( 'NONE',  ( 0.000000000000000000, 0.000000000000000000, -1.000000000000000000 ) ) ;
#3600 = ORIENTED_EDGE ( 'NONE', *, *, #1726, .F. ) ;
#3601 = CARTESIAN_POINT ( 'NONE',  ( -0.7874569999794522879, 9.000000000000000000, 0.000000000000000000 ) ) ;
#3602 = CARTESIAN_POINT ( 'NONE',  ( 26.60708770184929506, 70.00000000000002842, 14.49539899371567486 ) ) ;
#3603 = DIRECTION ( 'NONE',  ( 0.000000000000000000, 0.000000000000000000, 1.000000000000000000 ) ) ;
#3604 = CARTESIAN_POINT ( 'NONE',  ( -42.13224087435541776, 12.00000000000000711, -14.71803788983244665 ) ) ;
#3605 = ORIENTED_EDGE ( 'NONE', *, *, #3386, .T. ) ;
#3606 = EDGE_CURVE ( 'NONE', #1537, #254, #3420, .T. ) ;
#3607 = CARTESIAN_POINT ( 'NONE',  ( 20.42528345614998031, 71.30955278317834711, -27.65031795686524063 ) ) ;
#3608 = EDGE_CURVE ( 'NONE', #3917, #822, #2326, .T. ) ;
#3609 = CARTESIAN_POINT ( 'NONE',  ( 37.90704326767673393, 31.28862570601155468, -3.212457681370101348 ) ) ;
#3610 = AXIS2_PLACEMENT_3D ( 'NONE', #1717, #1193, #3872 ) ;
#3611 = CARTESIAN_POINT ( 'NONE',  ( -3.621078855195206447, 60.29827007130326422, 32.41382725752158933 ) ) ;
#3612 = CARTESIAN_POINT ( 'NONE',  ( -33.63726050957434666, 12.00000000000000178, 29.10158418929128032 ) ) ;
#3613 = CARTESIAN_POINT ( 'NONE',  ( 27.90859813484583185, 12.00000000000000533, -33.20464143225263598 ) ) ;
#3614 = EDGE_LOOP ( 'NONE', ( #429, #1864 ) ) ;
#3615 = EDGE_CURVE ( 'NONE', #1344, #3917, #3783, .T. ) ;
#3616 = DIRECTION ( 'NONE',  ( 0.000000000000000000, 0.000000000000000000, 1.000000000000000000 ) ) ;
#3617 = VERTEX_POINT ( 'NONE', #1326 ) ;
#3618 = CARTESIAN_POINT ( 'NONE',  ( -0.7874569999796461328, 9.000000000000000000, -68.50354028359254244 ) ) ;
#3619 = CIRCLE ( 'NONE', #3816, 1.000000000000000000 ) ;
#3620 = DIRECTION ( 'NONE',  ( -0.000000000000000000, -1.000000000000000000, 0.000000000000000000 ) ) ;
#3621 = CARTESIAN_POINT ( 'NONE',  ( -33.24637150177601086, 60.29827007130312211, 2.594725526196087539 ) ) ;
#3622 = EDGE_LOOP ( 'NONE', ( #1245, #3059 ) ) ;
#3623 = DIRECTION ( 'NONE',  ( 0.000000000000000000, 1.000000000000000000, -0.000000000000000000 ) ) ;
#3624 = CARTESIAN_POINT ( 'NONE',  ( 43.09060139609889717, 12.00000000000000711, -1.816008884645840427 ) ) ;
#3625 = DIRECTION ( 'NONE',  ( 0.000000000000000000, 0.000000000000000000, 1.000000000000000000 ) ) ;
#3626 = CARTESIAN_POINT ( 'NONE',  ( -9.190864269315762058, 21.63983792066095901, 40.40868576198052153 ) ) ;
#3627 = CARTESIAN_POINT ( 'NONE',  ( -34.17703258313439107, 21.63983792066095191, 24.26139693260893537 ) ) ;
#3628 = CARTESIAN_POINT ( 'NONE',  ( 18.25107744235290852, 31.28862570601155468, -33.85946279658887192 ) ) ;
#3629 = EDGE_CURVE ( 'NONE', #1176, #1764, #25, .T. ) ;
#3630 = EDGE_CURVE ( 'NONE', #3126, #3258, #528, .T. ) ;
#3631 = EDGE_LOOP ( 'NONE', ( #183, #3444, #2879, #2481 ) ) ;
#3632 = FACE_OUTER_BOUND ( 'NONE', #2709, .T. ) ;
#3633 = CARTESIAN_POINT ( 'NONE',  ( 56.76336222247633145, 9.000000000000000000, 16.96771071253320073 ) ) ;
#3634 = ORIENTED_EDGE ( 'NONE', *, *, #2265, .T. ) ;
#3635 = CARTESIAN_POINT ( 'NONE',  ( 27.99588033555704669, 50.61748440986362141, 18.84857863072166495 ) ) ;
#3636 = FACE_OUTER_BOUND ( 'NONE', #981, .T. ) ;
#3637 = CARTESIAN_POINT ( 'NONE',  ( -36.05680325491642435, 31.28862570601155468, -16.25551993276713958 ) ) ;
#3638 = ORIENTED_EDGE ( 'NONE', *, *, #1357, .F. ) ;
#3639 = PLANE ( 'NONE',  #3141 ) ;
#3640 = CARTESIAN_POINT ( 'NONE',  ( 32.43866105415510503, 50.61748440986362141, -8.931657383850989618 ) ) ;
#3641 = DIRECTION ( 'NONE',  ( 0.000000000000000000, 0.000000000000000000, -1.000000000000000000 ) ) ;
#3642 = CARTESIAN_POINT ( 'NONE',  ( 0.9698273987799902462, 31.28862570601155468, 38.76192875664033721 ) ) ;
#3643 = AXIS2_PLACEMENT_3D ( 'NONE', #667, #2551, #3208 ) ;
#3644 = CARTESIAN_POINT ( 'NONE',  ( -14.53039962508144001, 70.00000000000002842, 27.78905123509938946 ) ) ;
#3645 = CARTESIAN_POINT ( 'NONE',  ( 16.18025371255428624, 9.000000000000000000, 57.55081922245562964 ) ) ;
#3646 = CARTESIAN_POINT ( 'NONE',  ( -0.7874569999788638697, 9.000000000000000000, 56.50354028359257086 ) ) ;
#3647 = AXIS2_PLACEMENT_3D ( 'NONE', #1559, #974, #3440 ) ;
#3648 = CIRCLE ( 'NONE', #142, 34.20000000000000284 ) ;
#3649 = ORIENTED_EDGE ( 'NONE', *, *, #1541, .T. ) ;
#3650 = DIRECTION ( 'NONE',  ( 0.000000000000000000, 0.000000000000000000, 1.000000000000000000 ) ) ;
#3651 = AXIS2_PLACEMENT_3D ( 'NONE', #1402, #1420, #197 ) ;
#3652 = DIRECTION ( 'NONE',  ( 1.775831673267412369E-15, 0.000000000000000000, -1.000000000000000000 ) ) ;
#3653 = AXIS2_PLACEMENT_3D ( 'NONE', #3114, #1876, #1286 ) ;
#3654 = DIRECTION ( 'NONE',  ( 0.000000000000000000, 0.000000000000000000, -1.000000000000000000 ) ) ;
#3655 = ORIENTED_EDGE ( 'NONE', *, *, #812, .F. ) ;
#3656 = AXIS2_PLACEMENT_3D ( 'NONE', #1761, #2284, #3241 ) ;
#3657 = FACE_OUTER_BOUND ( 'NONE', #562, .T. ) ;
#3658 = CARTESIAN_POINT ( 'NONE',  ( -58.33827622243534705, 8.000000000000000000, -16.96771071253278507 ) ) ;
#3659 = VECTOR ( 'NONE', #4, 1000.000000000000000 ) ;
#3660 = CARTESIAN_POINT ( 'NONE',  ( -33.09493286005654511, 60.29827007130312211, 3.861685363846171892 ) ) ;
#3661 = ORIENTED_EDGE ( 'NONE', *, *, #3226, .F. ) ;
#3662 = DIRECTION ( 'NONE',  ( 0.000000000000000000, -1.000000000000000000, 0.000000000000000000 ) ) ;
#3663 = CARTESIAN_POINT ( 'NONE',  ( 37.62283042358309615, 31.28862570601155468, 5.704416569054279407 ) ) ;
#3664 = CARTESIAN_POINT ( 'NONE',  ( 5.880821657781134526, 60.29827007130304395, 31.92060368195392428 ) ) ;
#3665 = CARTESIAN_POINT ( 'NONE',  ( -32.88309141339524189, 21.63983792066095191, 26.04217429704386788 ) ) ;
#3666 = DIRECTION ( 'NONE',  ( 0.000000000000000000, 0.000000000000000000, -1.000000000000000000 ) ) ;
#3667 = EDGE_CURVE ( 'NONE', #2800, #2911, #321, .T. ) ;
#3668 = ORIENTED_EDGE ( 'NONE', *, *, #3721, .F. ) ;
#3669 = EDGE_CURVE ( 'NONE', #2701, #707, #393, .T. ) ;
#3670 = ADVANCED_FACE ( 'NONE', ( #2835 ), #2765, .T. ) ;
#3671 = DIRECTION ( 'NONE',  ( -0.000000000000000000, -1.000000000000000000, 0.000000000000000000 ) ) ;
#3672 = EDGE_CURVE ( 'NONE', #3161, #254, #1944, .T. ) ;
#3673 = ORIENTED_EDGE ( 'NONE', *, *, #1931, .T. ) ;
#3674 = CARTESIAN_POINT ( 'NONE',  ( -16.34119181980096158, 8.000000000000000000, 52.75491762058464218 ) ) ;
#3675 = PERSON_AND_ORGANIZATION ( #1906, #2195 ) ;
#3676 = CARTESIAN_POINT ( 'NONE',  ( -37.19038420913401666, 21.63983792066095901, -19.52538061534993474 ) ) ;
#3677 = ORIENTED_EDGE ( 'NONE', *, *, #1196, .F. ) ;
#3678 = CARTESIAN_POINT ( 'NONE',  ( 56.76336222247632435, 0.000000000000000000, -16.96771071253321495 ) ) ;
#3679 = CARTESIAN_POINT ( 'NONE',  ( 31.14468585752250007, 60.29827007130303684, -6.367838050819902840 ) ) ;
#3680 = DIRECTION ( 'NONE',  ( -1.000000000000000000, 0.000000000000000000, 0.000000000000000000 ) ) ;
#3681 = CARTESIAN_POINT ( 'NONE',  ( -0.7874569999796461328, 0.9999999999999991118, -69.50354028359254244 ) ) ;
#3682 = ORIENTED_EDGE ( 'NONE', *, *, #801, .T. ) ;
#3683 = CARTESIAN_POINT ( 'NONE',  ( 20.35599081176831504, 40.95305505793759693, -29.81470711445168575 ) ) ;
#3684 = CARTESIAN_POINT ( 'NONE',  ( -58.33827622243513389, 8.000000000000000000, 16.96771071253357732 ) ) ;
#3685 = CARTESIAN_POINT ( 'NONE',  ( 19.06075506129537800, 21.63983792066095901, 36.22551000338336991 ) ) ;
#3686 = DIRECTION ( 'NONE',  ( 0.000000000000000000, 0.000000000000000000, -1.000000000000000000 ) ) ;
#3687 = ORIENTED_EDGE ( 'NONE', *, *, #3922, .F. ) ;
#3688 = CARTESIAN_POINT ( 'NONE',  ( -14.70400964873005378, 31.28862570601155468, -36.22022545163873275 ) ) ;
#3689 = DIRECTION ( 'NONE',  ( 0.000000000000000000, 1.000000000000000000, -0.000000000000000000 ) ) ;
#3690 = DIRECTION ( 'NONE',  ( -0.000000000000000000, -1.000000000000000000, -0.000000000000000000 ) ) ;
#3691 = ORIENTED_EDGE ( 'NONE', *, *, #1020, .T. ) ;
#3692 = AXIS2_PLACEMENT_3D ( 'NONE', #729, #2825, #439 ) ;
#3693 = DIRECTION ( 'NONE',  ( -0.9591803203742658157, 0.000000000000000000, -0.2827951785422112008 ) ) ;
#3694 = MECHANICAL_CONTEXT ( 'NONE', #916, 'mechanical' ) ;
#3695 = CARTESIAN_POINT ( 'NONE',  ( -35.44718590863242724, 21.63983792066095901, -22.47480343736011577 ) ) ;
#3696 = DATE_AND_TIME ( #1911, #1487 ) ;
#3697 = VERTEX_POINT ( 'NONE', #2216 ) ;
#3698 = DIRECTION ( 'NONE',  ( 0.000000000000000000, -0.000000000000000000, -1.000000000000000000 ) ) ;
#3699 = CARTESIAN_POINT ( 'NONE',  ( 35.02094988372756745, 40.95305505793759693, 7.273956613154459738 ) ) ;
#3700 = CARTESIAN_POINT ( 'NONE',  ( -8.074487912135314360, 70.00000000000002842, 30.12520015753125335 ) ) ;
#3701 = CARTESIAN_POINT ( 'NONE',  ( -34.46622899303002896, 40.95305505793758272, 14.09727154849725395 ) ) ;
#3702 = CARTESIAN_POINT ( 'NONE',  ( -0.7874569999794522879, 0.9999999999999991118, 0.000000000000000000 ) ) ;
#3703 = CARTESIAN_POINT ( 'NONE',  ( 21.32700729440741583, 12.00000000000001066, 37.94842243338388244 ) ) ;
#3704 = CARTESIAN_POINT ( 'NONE',  ( 15.04907299838464851, 9.000000000000000000, -53.71409794095879420 ) ) ;
#3705 = ORIENTED_EDGE ( 'NONE', *, *, #417, .T. ) ;
#3706 = CARTESIAN_POINT ( 'NONE',  ( -19.49518101865263731, 70.00000000000002842, -24.70559661811406116 ) ) ;
#3707 = CARTESIAN_POINT ( 'NONE',  ( -53.54237462056384089, 9.000000000000000000, 15.55373481982241302 ) ) ;
#3708 = DIRECTION ( 'NONE',  ( -0.000000000000000000, 1.000000000000000000, -0.000000000000000000 ) ) ;
#3709 = ORIENTED_EDGE ( 'NONE', *, *, #2680, .T. ) ;
#3710 = CIRCLE ( 'NONE', #855, 43.88635087296960080 ) ;
#3711 = DIRECTION ( 'NONE',  ( -0.000000000000000000, -1.000000000000000000, 0.000000000000000000 ) ) ;
#3712 = CARTESIAN_POINT ( 'NONE',  ( -15.90543659568704271, 50.61748440986363562, 30.90624722468834307 ) ) ;
#3713 = CARTESIAN_POINT ( 'NONE',  ( -33.42747921856738458, 21.63983792066095901, -25.26080141869828566 ) ) ;
#3714 = CIRCLE ( 'NONE', #3533, 4.999999999999997335 ) ;
#3715 = ORIENTED_EDGE ( 'NONE', *, *, #2806, .T. ) ;
#3716 = CARTESIAN_POINT ( 'NONE',  ( -0.7874569999794522879, 70.00000000000000000, 0.000000000000000000 ) ) ;
#3717 = CARTESIAN_POINT ( 'NONE',  ( 29.93534690674957943, 69.99999999999998579, -4.077580058957208209 ) ) ;
#3718 = CARTESIAN_POINT ( 'NONE',  ( -0.7874569999794522879, 9.000000000000000000, 0.000000000000000000 ) ) ;
#3719 = CARTESIAN_POINT ( 'NONE',  ( -0.7874569999796461328, 0.9999999999999991118, -68.50354028359254244 ) ) ;
#3720 = CARTESIAN_POINT ( 'NONE',  ( -28.99140521480423516, 60.29827007130302263, 16.26035770636885402 ) ) ;
#3721 = EDGE_CURVE ( 'NONE', #1555, #3736, #947, .T. ) ;
#3722 = AXIS2_PLACEMENT_3D ( 'NONE', #2590, #760, #3821 ) ;
#3723 = CARTESIAN_POINT ( 'NONE',  ( 29.29212486118969139, 12.00000000000000533, -32.00897246830157883 ) ) ;
#3724 = AXIS2_PLACEMENT_3D ( 'NONE', #3563, #823, #2369 ) ;
#3725 = DIRECTION ( 'NONE',  ( 0.000000000000000000, 0.000000000000000000, 1.000000000000000000 ) ) ;
#3726 = CARTESIAN_POINT ( 'NONE',  ( 21.38554244816827676, 60.29827007130330685, 23.84684102063994615 ) ) ;
#3727 = AXIS2_PLACEMENT_3D ( 'NONE', #2120, #1485, #550 ) ;
#3728 = VERTEX_POINT ( 'NONE', #648 ) ;
#3729 = CARTESIAN_POINT ( 'NONE',  ( -15.87782918076558225, 60.29827007130320027, -28.82648569881817835 ) ) ;
#3730 = FACE_OUTER_BOUND ( 'NONE', #3941, .T. ) ;
#3731 = DIRECTION ( 'NONE',  ( -0.000000000000000000, -1.000000000000000000, 0.000000000000000000 ) ) ;
#3732 = ORIENTED_EDGE ( 'NONE', *, *, #630, .F. ) ;
#3733 = EDGE_CURVE ( 'NONE', #1555, #1105, #1875, .T. ) ;
#3734 = DIRECTION ( 'NONE',  ( 0.000000000000000000, 0.000000000000000000, -1.000000000000000000 ) ) ;
#3735 = CARTESIAN_POINT ( 'NONE',  ( -28.78849275810596708, 50.61748440986362141, -20.04321779380493140 ) ) ;
#3736 = VERTEX_POINT ( 'NONE', #1123 ) ;
#3737 = CARTESIAN_POINT ( 'NONE',  ( -75.58170498031658724, 70.00000000000001421, 13.63159818421299185 ) ) ;
#3738 = CARTESIAN_POINT ( 'NONE',  ( 31.52001886009753306, 60.29827007130315053, -3.861685363846160790 ) ) ;
#3739 = CARTESIAN_POINT ( 'NONE',  ( -58.09185764858514744, 0.9999999999999991118, -12.97530819193673857 ) ) ;
#3740 = CARTESIAN_POINT ( 'NONE',  ( 29.54110901924376265, 13.50112674534168633, -35.35830209823702575 ) ) ;
#3741 = CARTESIAN_POINT ( 'NONE',  ( -32.38641255514942685, 40.95305505793758982, 18.32577963221731920 ) ) ;
#3742 = VERTEX_POINT ( 'NONE', #3909 ) ;
#3743 = DIRECTION ( 'NONE',  ( -0.2827951785422111453, 0.000000000000000000, 0.9591803203742657047 ) ) ;
#3744 = CARTESIAN_POINT ( 'NONE',  ( 22.31861187112956557, 60.29827007130303684, 22.94581579464612986 ) ) ;
#3745 = EDGE_LOOP ( 'NONE', ( #1641, #2506, #173, #2861 ) ) ;
#3746 = CARTESIAN_POINT ( 'NONE',  ( -5.810943632693837735, 21.63983792066095901, -41.07719964426186010 ) ) ;
#3747 = DIRECTION ( 'NONE',  ( -0.9591803203742643724, 0.000000000000000000, -0.2827951785422159192 ) ) ;
#3748 = CARTESIAN_POINT ( 'NONE',  ( -54.50155494093828423, 0.9999999999999991118, -15.83652999836393604 ) ) ;
#3749 = ADVANCED_FACE ( 'NONE', ( #2350 ), #2646, .T. ) ;
#3750 = ORIENTED_EDGE ( 'NONE', *, *, #2981, .F. ) ;
#3751 = LINE ( 'NONE', #2608, #3224 ) ;
#3752 = CARTESIAN_POINT ( 'NONE',  ( -31.51399244703852176, 12.00000000000000711, -31.38804887063521676 ) ) ;
#3753 = ORIENTED_EDGE ( 'NONE', *, *, #3769, .T. ) ;
#3754 = EDGE_CURVE ( 'NONE', #672, #3505, #152, .T. ) ;
#3755 = CARTESIAN_POINT ( 'NONE',  ( 55.71608328361311635, 9.000000000000000000, 5.499999999999996447 ) ) ;
#3756 = CARTESIAN_POINT ( 'NONE',  ( 31.66985338854484056, 60.29827007130305816, 2.643953441935553261 ) ) ;
#3757 = CARTESIAN_POINT ( 'NONE',  ( -17.96023331387872091, 40.95305505793759693, 32.25527437901740058 ) ) ;
#3758 = CARTESIAN_POINT ( 'NONE',  ( -42.55385501028774797, 12.00000000000000355, 13.47515455161522446 ) ) ;
#3759 = ORIENTED_EDGE ( 'NONE', *, *, #2974, .T. ) ;
#3760 = CARTESIAN_POINT ( 'NONE',  ( -0.7874569999794522879, 79.00000000000001421, 0.000000000000000000 ) ) ;
#3761 = CARTESIAN_POINT ( 'NONE',  ( 17.60155616778205001, 21.63983792066095901, 36.98571430983802344 ) ) ;
#3762 = EDGE_CURVE ( 'NONE', #1586, #593, #2891, .T. ) ;
#3763 = ORIENTED_EDGE ( 'NONE', *, *, #1597, .T. ) ;
#3764 = CARTESIAN_POINT ( 'NONE',  ( -7.309372004943115009, 40.95305505793758982, -36.00530217834092639 ) ) ;
#3765 = DIRECTION ( 'NONE',  ( -0.000000000000000000, -1.000000000000000000, -0.000000000000000000 ) ) ;
#3766 = DIRECTION ( 'NONE',  ( -0.000000000000000000, 1.000000000000000000, -0.000000000000000000 ) ) ;
#3767 = AXIS2_PLACEMENT_3D ( 'NONE', #3430, #898, #2807 ) ;
#3768 = ORIENTED_EDGE ( 'NONE', *, *, #1373, .T. ) ;
#3769 = EDGE_CURVE ( 'NONE', #2252, #1699, #3532, .T. ) ;
#3770 = AXIS2_PLACEMENT_3D ( 'NONE', #3403, #3140, #3652 ) ;
#3771 = CARTESIAN_POINT ( 'NONE',  ( 55.71608328361311635, 8.000000000000000000, 0.000000000000000000 ) ) ;
#3772 = AXIS2_PLACEMENT_3D ( 'NONE', #3760, #2541, #2777 ) ;
#3773 = CARTESIAN_POINT ( 'NONE',  ( -26.90257334763173347, 70.00000000000002842, -16.69066713933543511 ) ) ;
#3774 = ORIENTED_EDGE ( 'NONE', *, *, #2564, .F. ) ;
#3775 = FACE_OUTER_BOUND ( 'NONE', #3436, .T. ) ;
#3776 = ADVANCED_FACE ( 'NONE', ( #497 ), #1810, .T. ) ;
#3777 = ADVANCED_FACE ( 'NONE', ( #2385 ), #1157, .T. ) ;
#3778 = CARTESIAN_POINT ( 'NONE',  ( 37.06630026879304296, 21.63983792066095546, 16.44907898277818248 ) ) ;
#3779 = AXIS2_PLACEMENT_3D ( 'NONE', #3095, #1838, #346 ) ;
#3780 = CARTESIAN_POINT ( 'NONE',  ( -0.7874569999794522879, 0.9999999999999991118, 0.000000000000000000 ) ) ;
#3781 = AXIS2_PLACEMENT_3D ( 'NONE', #162, #3536, #3855 ) ;
#3782 = CARTESIAN_POINT ( 'NONE',  ( -36.70189462616411191, 21.63983792066095191, 20.48778980332729915 ) ) ;
#3783 = CIRCLE ( 'NONE', #2074, 4.999999999999997335 ) ;
#3784 = EDGE_LOOP ( 'NONE', ( #2575, #1702, #2629, #1138 ) ) ;
#3785 = CIRCLE ( 'NONE', #463, 4.999999999999997335 ) ;
#3786 = CIRCLE ( 'NONE', #858, 31.00000000000000000 ) ;
#3787 = CARTESIAN_POINT ( 'NONE',  ( 31.90717569220043970, 40.95305505793759693, -16.29076991518942918 ) ) ;
#3788 = CARTESIAN_POINT ( 'NONE',  ( -5.339511705163681121, 71.30955278317834711, -34.55139995334291569 ) ) ;
#3789 = CARTESIAN_POINT ( 'NONE',  ( 11.78264945397194374, 12.00000000000000533, 42.08063066482297643 ) ) ;
#3790 = AXIS2_PLACEMENT_3D ( 'NONE', #2490, #920, #700 ) ;
#3791 = EDGE_CURVE ( 'NONE', #2752, #840, #1039, .T. ) ;
#3792 = AXIS2_PLACEMENT_3D ( 'NONE', #2030, #1103, #202 ) ;
#3793 = ORIENTED_EDGE ( 'NONE', *, *, #829, .T. ) ;
#3794 = CARTESIAN_POINT ( 'NONE',  ( 8.553626144685376076, 50.61748440986362141, -33.15313757205530720 ) ) ;
#3795 = AXIS2_PLACEMENT_3D ( 'NONE', #2728, #1793, #11 ) ;
#3796 = DIRECTION ( 'NONE',  ( -0.000000000000000000, -1.000000000000000000, -0.000000000000000000 ) ) ;
#3797 = ADVANCED_FACE ( 'NONE', ( #1799 ), #83, .T. ) ;
#3798 = LINE ( 'NONE', #118, #1350 ) ;
#3799 = VERTEX_POINT ( 'NONE', #3245 ) ;
#3800 = AXIS2_PLACEMENT_3D ( 'NONE', #3019, #2131, #2113 ) ;
#3801 = CARTESIAN_POINT ( 'NONE',  ( -0.7874569999796454667, 9.000000000000000000, -51.00354028359257086 ) ) ;
#3802 = DATE_AND_TIME ( #1973, #2961 ) ;
#3803 = EDGE_CURVE ( 'NONE', #347, #614, #561, .T. ) ;
#3804 = EDGE_LOOP ( 'NONE', ( #1413, #3065, #2973, #3405 ) ) ;
#3805 = DIRECTION ( 'NONE',  ( 0.000000000000000000, 0.000000000000000000, -1.000000000000000000 ) ) ;
#3806 = CARTESIAN_POINT ( 'NONE',  ( 32.75419459582258241, 40.95305505793758982, 14.42048391344022740 ) ) ;
#3807 = CARTESIAN_POINT ( 'NONE',  ( -0.7874569999796461328, 8.000000000000000000, -56.50354028359257086 ) ) ;
#3808 = CARTESIAN_POINT ( 'NONE',  ( -44.66551539605780619, 12.00000000000000711, 1.816008884645839316 ) ) ;
#3809 = ADVANCED_FACE ( 'NONE', ( #2366 ), #1428, .T. ) ;
#3810 = ORIENTED_EDGE ( 'NONE', *, *, #3377, .T. ) ;
#3811 = CARTESIAN_POINT ( 'NONE',  ( 26.34492512832900957, 50.61748440986363562, -21.15616374991541448 ) ) ;
#3812 = DIRECTION ( 'NONE',  ( -0.000000000000000000, -1.000000000000000000, 0.000000000000000000 ) ) ;
#3813 = CARTESIAN_POINT ( 'NONE',  ( 13.31288691623060672, 40.95305505793758272, 33.70599067326455867 ) ) ;
#3814 = FACE_OUTER_BOUND ( 'NONE', #1529, .T. ) ;
#3815 = CARTESIAN_POINT ( 'NONE',  ( -0.1502161794421372487, 40.95305505793758982, -36.57011719455854148 ) ) ;
#3816 = AXIS2_PLACEMENT_3D ( 'NONE', #3674, #3693, #2471 ) ;
#3817 = DIRECTION ( 'NONE',  ( 0.000000000000000000, 0.000000000000000000, -1.000000000000000000 ) ) ;
#3818 = DIRECTION ( 'NONE',  ( -0.2827951785422190834, 0.000000000000000000, 0.9591803203742632622 ) ) ;
#3819 = CC_DESIGN_PERSON_AND_ORGANIZATION_ASSIGNMENT ( #723, #1954, ( #217 ) ) ;
#3820 = ORIENTED_EDGE ( 'NONE', *, *, #2262, .T. ) ;
#3821 = DIRECTION ( 'NONE',  ( 0.000000000000000000, 0.000000000000000000, -1.000000000000000000 ) ) ;
#3822 = CARTESIAN_POINT ( 'NONE',  ( -27.38314408998720140, 12.00000000000000533, -34.95601375742485573 ) ) ;
#3823 = EDGE_LOOP ( 'NONE', ( #1611, #3207, #3709, #3472 ) ) ;
#3824 = FACE_OUTER_BOUND ( 'NONE', #3203, .T. ) ;
#3825 = CARTESIAN_POINT ( 'NONE',  ( 30.69762343464868337, 40.95305505793759693, 18.48465466534210933 ) ) ;
#3826 = LINE ( 'NONE', #171, #1229 ) ;
#3827 = CARTESIAN_POINT ( 'NONE',  ( -32.43228066236639506, 60.29827007130325711, 7.569065046307926536 ) ) ;
#3828 = EDGE_LOOP ( 'NONE', ( #3559, #3906, #2278, #231 ) ) ;
#3829 = CARTESIAN_POINT ( 'NONE',  ( 36.76922834458198253, 21.63983792066095901, -17.16111389874879833 ) ) ;
#3830 = AXIS2_PLACEMENT_3D ( 'NONE', #1338, #2231, #2905 ) ;
#3831 = CARTESIAN_POINT ( 'NONE',  ( -35.33885695332237020, 71.30955278317837553, -4.552054705184244376 ) ) ;
#3832 = CARTESIAN_POINT ( 'NONE',  ( 4.236029632734967798, 21.63983792066095546, 41.07719964426183168 ) ) ;
#3833 = DIRECTION ( 'NONE',  ( 0.000000000000000000, 1.000000000000000000, -0.000000000000000000 ) ) ;
#3834 = CARTESIAN_POINT ( 'NONE',  ( 6.253915329131061185, 40.95305505793758272, -35.87761764124720543 ) ) ;
#3835 = DIRECTION ( 'NONE',  ( -2.665166067637094751E-15, 0.000000000000000000, -1.000000000000000000 ) ) ;
#3836 = ORIENTED_EDGE ( 'NONE', *, *, #3094, .F. ) ;
#3837 = AXIS2_PLACEMENT_3D ( 'NONE', #2185, #2432, #1865 ) ;
#3838 = CARTESIAN_POINT ( 'NONE',  ( -57.29099728357201826, 9.000000000000000000, -5.499999999999601208 ) ) ;
#3839 = CARTESIAN_POINT ( 'NONE',  ( -24.77826139597175725, 60.29827007130325711, -21.98014819631679373 ) ) ;
#3840 = ORIENTED_EDGE ( 'NONE', *, *, #1373, .F. ) ;
#3841 = LINE ( 'NONE', #2987, #982 ) ;
#3842 = TOROIDAL_SURFACE ( 'NONE', #2251, 4.999999999999998224, 1.000000000000000000 ) ;
#3843 = AXIS2_PLACEMENT_3D ( 'NONE', #3702, #3475, #989 ) ;
#3844 = CARTESIAN_POINT ( 'NONE',  ( 37.74113427834291201, 21.63983792066095546, 14.89610432559777387 ) ) ;
#3845 = CARTESIAN_POINT ( 'NONE',  ( -12.76466456176775033, 9.000000000000000000, -57.24279600514305599 ) ) ;
#3846 = CARTESIAN_POINT ( 'NONE',  ( -42.00302055686748304, 21.63983792066096612, -2.180930863862001523 ) ) ;
#3847 = ORIENTED_EDGE ( 'NONE', *, *, #2642, .T. ) ;
#3848 = CARTESIAN_POINT ( 'NONE',  ( 38.52206058133446476, 12.00000000000000888, -19.68984411481221386 ) ) ;
#3849 = CARTESIAN_POINT ( 'NONE',  ( -16.19829116231213817, 71.30955278317836132, -31.25742521699338639 ) ) ;
#3850 = CARTESIAN_POINT ( 'NONE',  ( 5.661907658267461230, 50.61748440986363562, 33.79578553717522738 ) ) ;
#3851 = EDGE_CURVE ( 'NONE', #889, #381, #224, .T. ) ;
#3852 = CIRCLE ( 'NONE', #150, 56.00000000000000711 ) ;
#3853 = CARTESIAN_POINT ( 'NONE',  ( -0.7874569999794522879, 77.80000000000002558, 0.000000000000000000 ) ) ;
#3854 = CARTESIAN_POINT ( 'NONE',  ( 3.712766585483219028, 70.00000000000002842, -30.63840113815000876 ) ) ;
#3855 = DIRECTION ( 'NONE',  ( 0.000000000000000000, 0.000000000000000000, 1.000000000000000000 ) ) ;
#3856 = B_SPLINE_SURFACE_WITH_KNOTS ( 'NONE', 3, 3, ( 
 ( #2695, #2435, #3901, #3009, #609, #3937, #572 ),
 ( #1775, #268, #904, #2993, #1488, #871, #3030 ),
 ( #1206, #1191, #2464, #945, #1509, #1545, #627 ),
 ( #251, #289, #1228, #1469, #1525, #1816, #3612 ),
 ( #3644, #552, #2747, #2139, #1170, #3360, #2403 ),
 ( #2105, #1836, #3048, #304, #14, #3665, #38 ),
 ( #3316, #2715, #3923, #929, #2418, #3627, #2158 ),
 ( #885, #3376, #2122, #3336, #1855, #588, #2730 ),
 ( #3064, #1248, #319, #2480, #1323, #3782, #380 ),
 ( #1003, #2828, #2171, #3449, #1919, #361, #1342 ),
 ( #2573, #3151, #2555, #961, #2812, #1898, #71 ),
 ( #3394, #3089, #706, #3741, #92, #692, #643 ),
 ( #403, #3132, #1646, #341, #2189, #1283, #3758 ),
 ( #111, #2515, #1871, #1024, #127, #1603, #2853 ),
 ( #1569, #2792, #3417, #53, #734, #3173, #671 ),
 ( #2499, #2250, #424, #3701, #3112, #1626, #1585 ),
 ( #3470, #3720, #988, #2213, #1305, #2539, #1935 ),
 ( #3433, #1961, #2234, #230, #172, #1451, #2972 ),
 ( #1369, #3527, #2672, #151, #2055, #1689, #2597 ),
 ( #2038, #3270, #521, #2315, #2297, #2355, #1752 ),
 ( #1980, #189, #827, #2617, #460, #1706, #3808 ),
 ( #1127, #502, #3191, #1050, #1728, #442, #2883 ),
 ( #2946, #1071, #209, #811, #2909, #3509, #3234 ),
 ( #788, #2276, #2018, #3493, #482, #751, #768 ),
 ( #1392, #3827, #1666, #2000, #3210, #3846, #2929 ),
 ( #2336, #1412, #1091, #2634, #1111, #3550, #3251 ),
 ( #1434, #2657, #3865, #3566, #3352, #602, #3370 ),
 ( #313, #3660, #2100, #1848, #2708, #3931, #3022 ),
 ( #2396, #3621, #2413, #848, #1830, #897, #1146 ),
 ( #299, #1536, #1788, #2453, #2080, #2132, #1220 ),
 ( #3880, #1501, #3003, #1163, #3329, #3311, #3604 ),
 ( #3297, #866, #3041, #620, #2724, #1519, #2373 ),
 ( #3582, #283, #1201, #2430, #1808, #2690, #2742 ),
 ( #3057, #263, #547, #1771, #2989, #246, #879 ),
 ( #1465, #922, #565, #3896, #6, #2152, #1480 ),
 ( #1184, #3916, #2115, #580, #3637, #3676, #1910 ),
 ( #3427, #1016, #2787, #106, #65, #2846, #2228 ),
 ( #3443, #685, #47, #1928, #1244, #3695, #372 ),
 ( #1261, #334, #2510, #3462, #3125, #663, #3145 ),
 ( #979, #2243, #1318, #3169, #939, #3713, #701 ),
 ( #997, #1277, #3077, #3408, #1596, #416, #396 ),
 ( #1890, #1619, #2549, #724, #2473, #2760, #3752 ),
 ( #1955, #1580, #2823, #86, #1563, #2491, #2208 ),
 ( #2167, #32, #3735, #3389, #2802, #636, #1863 ),
 ( #955, #2182, #3105, #355, #1297, #2533, #3822 ),
 ( #436, #1683, #2878, #1660, #1335, #1063, #2568 ),
 ( #3773, #2330, #2903, #804, #2627, #1640, #2592 ),
 ( #1405, #1042, #3521, #1974, #1084, #496, #2290 ),
 ( #122, #3839, #3504, #182, #1720, #167, #1385 ),
 ( #761, #476, #3244, #1994, #2031, #782, #1361 ),
 ( #2863, #1104, #3186, #2014, #2270, #2609, #3205 ),
 ( #3487, #2309, #746, #143, #3229, #455, #1701 ),
 ( #2921, #3542, #653, #410, #3162, #1574, #1945 ),
 ( #741, #1633, #2177, #3097, #1882, #389, #349 ),
 ( #2544, #1923, #2503, #2858, #3688, #2200, #2838 ),
 ( #3706, #2797, #992, #1967, #3138, #3119, #116 ),
 ( #3437, #3479, #2562, #1655, #3401, #2220, #1329 ),
 ( #3454, #3729, #57, #1902, #1612, #2872, #713 ),
 ( #1273, #99, #971, #1255, #3423, #3746, #1311 ),
 ( #696, #2485, #678, #3764, #1010, #3180, #366 ),
 ( #1591, #1033, #2239, #2260, #2816, #950, #430 ),
 ( #79, #1290, #2525, #1442, #817, #1760, #1714 ),
 ( #1379, #3535, #2303, #3815, #1059, #3219, #2283 ),
 ( #3572, #2936, #3256, #531, #2007, #135, #3240 ),
 ( #2644, #2026, #2892, #2045, #2623, #3279, #470 ),
 ( #2064, #3499, #449, #3834, #1351, #3200, #1134 ),
 ( #1674, #2344, #1118, #2361, #833, #1400, #2604 ),
 ( #2583, #3556, #756, #490, #3870, #1697, #3517 ),
 ( #160, #2324, #3794, #1988, #509, #196, #1419 ),
 ( #3854, #797, #1078, #1735, #776, #2917, #2954 ),
 ( #178, #1098, #219, #2662, #3628, #872, #2141 ),
 ( #2379, #253, #1818, #887, #2982, #290, #2717 ),
 ( #2159, #1457, #3379, #3939, #3363, #1776, #3613 ) ),
 .UNSPECIFIED., .F., .F., .F.,
 ( 4, 3, 3, 3, 3, 3, 3, 3, 3, 3, 3, 3, 3, 3, 3, 3, 3, 3, 3, 3, 3, 3, 3, 3, 4 ),
 ( 4, 3, 4 ),
 ( 0.5000000000000000000, 0.5312500000000000000, 0.5625000000000000000, 0.5937500000000000000, 0.6093750000000000000, 0.6250000000000000000, 0.6406250000000000000, 0.6562500000000000000, 0.6718750000000000000, 0.6875000000000000000, 0.7031250000000000000, 0.7187500000000000000, 0.7343750000000000000, 0.7500000000000001110, 0.7656250000000002220, 0.7812500000000002220, 0.7968750000000002220, 0.8125000000000002220, 0.8281250000000002220, 0.8437500000000002220, 0.8750000000000002220, 0.9062500000000002220, 0.9375000000000002220, 0.9687500000000002220, 1.000000000000000222 ),
 ( -0.007556181127852617738, 0.4893104609084630852, 0.9861771029447787829 ),
 .UNSPECIFIED. ) ;
#3857 = EDGE_LOOP ( 'NONE', ( #2307, #462, #3042, #617 ) ) ;
#3858 = AXIS2_PLACEMENT_3D ( 'NONE', #1682, #3503, #414 ) ;
#3859 = EDGE_CURVE ( 'NONE', #2857, #511, #3710, .T. ) ;
#3860 = FACE_OUTER_BOUND ( 'NONE', #1164, .T. ) ;
#3861 = EDGE_CURVE ( 'NONE', #2447, #1382, #1107, .T. ) ;
#3862 = VERTEX_POINT ( 'NONE', #3576 ) ;
#3863 = DIRECTION ( 'NONE',  ( 0.000000000000000000, 0.000000000000000000, -1.000000000000000000 ) ) ;
#3864 = DIRECTION ( 'NONE',  ( 0.000000000000000000, 0.000000000000000000, -1.000000000000000000 ) ) ;
#3865 = CARTESIAN_POINT ( 'NONE',  ( -35.12477445581739488, 50.61748440986363562, 2.553136755742224207 ) ) ;
#3866 = ORIENTED_EDGE ( 'NONE', *, *, #3446, .F. ) ;
#3867 = CARTESIAN_POINT ( 'NONE',  ( 25.07714003470111663, 50.61748440986363562, -22.78207428943951740 ) ) ;
#3868 = CARTESIAN_POINT ( 'NONE',  ( -3.063512492550217736, 71.30955278317837553, 34.77556630983302455 ) ) ;
#3869 = CARTESIAN_POINT ( 'NONE',  ( 10.16949442093976330, 12.00000000000000533, 42.49655290144149689 ) ) ;
#3870 = CARTESIAN_POINT ( 'NONE',  ( 13.17990929442998294, 31.28862570601154758, -36.25976245257343322 ) ) ;
#3871 = DIRECTION ( 'NONE',  ( 0.000000000000000000, 0.000000000000000000, -1.000000000000000000 ) ) ;
#3872 = DIRECTION ( 'NONE',  ( 0.000000000000000000, 0.000000000000000000, 1.000000000000000000 ) ) ;
#3873 = ORIENTED_EDGE ( 'NONE', *, *, #1257, .T. ) ;
#3874 = ADVANCED_FACE ( 'NONE', ( #839 ), #2425, .F. ) ;
#3875 = DIRECTION ( 'NONE',  ( 0.000000000000000000, 0.000000000000000000, 1.000000000000000000 ) ) ;
#3876 = DIRECTION ( 'NONE',  ( 0.000000000000000000, -1.000000000000000000, -0.000000000000000000 ) ) ;
#3877 = ORIENTED_EDGE ( 'NONE', *, *, #3197, .F. ) ;
#3878 = FACE_OUTER_BOUND ( 'NONE', #835, .T. ) ;
#3879 = DIRECTION ( 'NONE',  ( 0.000000000000000000, 0.000000000000000000, -1.000000000000000000 ) ) ;
#3880 = CARTESIAN_POINT ( 'NONE',  ( -31.62442819154643558, 70.00000000000009948, 2.836343482692889051 ) ) ;
#3881 = EDGE_CURVE ( 'NONE', #1315, #2101, #3406, .T. ) ;
#3882 = ORIENTED_EDGE ( 'NONE', *, *, #2041, .T. ) ;
#3883 = CARTESIAN_POINT ( 'NONE',  ( 36.34996607723157780, 31.28862570601155468, -11.31635267551098600 ) ) ;
#3884 = DIRECTION ( 'NONE',  ( 0.06160464346254694579, 0.000000000000000000, 0.9981006301490109589 ) ) ;
#3885 = CARTESIAN_POINT ( 'NONE',  ( 2.765170985777936075, 70.00000000000001421, 30.81860031849028658 ) ) ;
#3886 = CARTESIAN_POINT ( 'NONE',  ( -0.7874569999794522879, 9.000000000000000000, 0.000000000000000000 ) ) ;
#3887 = DIRECTION ( 'NONE',  ( -0.06160464346254003465, -1.068670212436494163E-16, 0.9981006301490112920 ) ) ;
#3888 = DIRECTION ( 'NONE',  ( 1.000000000000000000, 0.000000000000000000, -1.224646799147353207E-16 ) ) ;
#3889 = ORIENTED_EDGE ( 'NONE', *, *, #503, .F. ) ;
#3890 = DIRECTION ( 'NONE',  ( -0.000000000000000000, -1.000000000000000000, 0.000000000000000000 ) ) ;
#3891 = EDGE_CURVE ( 'NONE', #2885, #3736, #3082, .T. ) ;
#3892 = ORIENTED_EDGE ( 'NONE', *, *, #3721, .T. ) ;
#3893 = ADVANCED_FACE ( 'NONE', ( #3344 ), #2009, .T. ) ;
#3894 = DIRECTION ( 'NONE',  ( 0.000000000000000000, 0.000000000000000000, -1.000000000000000000 ) ) ;
#3895 = DIRECTION ( 'NONE',  ( -0.000000000000000000, -1.000000000000000000, 0.000000000000000000 ) ) ;
#3896 = CARTESIAN_POINT ( 'NONE',  ( -35.43677929107012403, 40.95305505793759693, -11.60434303304966264 ) ) ;
#3897 = EDGE_LOOP ( 'NONE', ( #744, #3705, #1211, #153 ) ) ;
#3898 = CARTESIAN_POINT ( 'NONE',  ( 42.99502717625598791, 12.00000000000000711, -3.385491774932349429 ) ) ;
#3899 = CARTESIAN_POINT ( 'NONE',  ( -17.75516771251280446, 8.000000000000000000, -57.55081922245575043 ) ) ;
#3900 = CARTESIAN_POINT ( 'NONE',  ( -7.828829329089945332, 40.95305505793759693, 35.87761764124720543 ) ) ;
#3901 = CARTESIAN_POINT ( 'NONE',  ( -15.90543659568703916, 50.61748440986363562, 30.90624722468834307 ) ) ;
#3902 = AXIS2_PLACEMENT_3D ( 'NONE', #24, #352, #2179 ) ;
#3903 = EDGE_CURVE ( 'NONE', #1976, #1699, #294, .T. ) ;
#3904 = CARTESIAN_POINT ( 'NONE',  ( -0.7874569999788632035, 0.000000000000000000, 62.00354028359257086 ) ) ;
#3905 = AXIS2_PLACEMENT_3D ( 'NONE', #2563, #3481, #742 ) ;
#3906 = ORIENTED_EDGE ( 'NONE', *, *, #3803, .T. ) ;
#3907 = AXIS2_PLACEMENT_3D ( 'NONE', #1049, #2882, #149 ) ;
#3908 = CARTESIAN_POINT ( 'NONE',  ( -57.29099728357201826, 9.000000000000000000, 3.945621129574694455E-13 ) ) ;
#3909 = CARTESIAN_POINT ( 'NONE',  ( 52.92664094097928285, 0.9999999999999991118, 15.83652999836431974 ) ) ;
#3910 = ORIENTED_EDGE ( 'NONE', *, *, #1982, .T. ) ;
#3911 = DIRECTION ( 'NONE',  ( 0.000000000000000000, 0.000000000000000000, 1.000000000000000000 ) ) ;
#3912 = CIRCLE ( 'NONE', #3357, 47.00247226794736832 ) ;
#3913 = CARTESIAN_POINT ( 'NONE',  ( 25.80823009002831014, 12.00000000000000711, 34.95601375742481309 ) ) ;
#3914 = AXIS2_PLACEMENT_3D ( 'NONE', #1568, #3432, #1960 ) ;
#3915 = CARTESIAN_POINT ( 'NONE',  ( 55.71608328361311635, 9.000000000000000000, 0.000000000000000000 ) ) ;
#3916 = CARTESIAN_POINT ( 'NONE',  ( -32.67318841790019235, 60.29827007130316474, -6.618871690276557196 ) ) ;
#3917 = VERTEX_POINT ( 'NONE', #3388 ) ;
#3918 = ORIENTED_EDGE ( 'NONE', *, *, #2322, .F. ) ;
#3919 = CARTESIAN_POINT ( 'NONE',  ( 26.84377791916732647, 60.29827007130288052, -17.18139887034036306 ) ) ;
#3920 = ADVANCED_FACE ( 'NONE', ( #938 ), #1296, .T. ) ;
#3921 = CARTESIAN_POINT ( 'NONE',  ( -18.18914041280126526, 31.28862570601155468, 34.68078118775449781 ) ) ;
#3922 = EDGE_CURVE ( 'NONE', #2502, #511, #3383, .T. ) ;
#3923 = CARTESIAN_POINT ( 'NONE',  ( -23.95446663477146743, 50.61748440986361430, 25.43696304890269033 ) ) ;
#3924 = CARTESIAN_POINT ( 'NONE',  ( -0.7874569999794522879, 0.9999999999999991118, 0.000000000000000000 ) ) ;
#3925 = ORIENTED_EDGE ( 'NONE', *, *, #15, .T. ) ;
#3926 = CARTESIAN_POINT ( 'NONE',  ( 16.18025371255351175, 0.9999999999999991118, -57.55081922245584991 ) ) ;
#3927 = DIRECTION ( 'NONE',  ( -0.000000000000000000, -1.000000000000000000, 0.000000000000000000 ) ) ;
#3928 = ORIENTED_EDGE ( 'NONE', *, *, #1851, .T. ) ;
#3929 = CARTESIAN_POINT ( 'NONE',  ( -0.7874569999794522879, 76.32394508195261551, 0.000000000000000000 ) ) ;
#3930 = CIRCLE ( 'NONE', #2225, 56.00000000000000711 ) ;
#3931 = CARTESIAN_POINT ( 'NONE',  ( -41.47491256635623103, 21.63983792066095901, -6.928931972457065491 ) ) ;
#3932 = ORIENTED_EDGE ( 'NONE', *, *, #2489, .T. ) ;
#3933 = CARTESIAN_POINT ( 'NONE',  ( -0.7874569999794522879, 0.9999999999999991118, 0.000000000000000000 ) ) ;
#3934 = CARTESIAN_POINT ( 'NONE',  ( 34.15672101642926606, 40.95305505793759693, -10.57814590698651358 ) ) ;
#3935 = CARTESIAN_POINT ( 'NONE',  ( -0.7874569999794561737, 69.99999999999981526, -34.00000000000009948 ) ) ;
#3936 = CARTESIAN_POINT ( 'NONE',  ( -10.12854014464426022, 50.61748440986363562, 33.15313757205531431 ) ) ;
#3937 = CARTESIAN_POINT ( 'NONE',  ( -26.04825841867769398, 21.63983792066095901, 32.64002221858795139 ) ) ;
#3938 = ORIENTED_EDGE ( 'NONE', *, *, #1987, .F. ) ;
#3939 = CARTESIAN_POINT ( 'NONE',  ( 17.69719766536265126, 40.95305505793759693, -31.48508043462814499 ) ) ;
#3940 = DIRECTION ( 'NONE',  ( -0.000000000000000000, -1.000000000000000000, -0.000000000000000000 ) ) ;
#3941 = EDGE_LOOP ( 'NONE', ( #3384, #2205, #2735, #932 ) ) ;
#3942 = CARTESIAN_POINT ( 'NONE',  ( -53.54237462056384089, 0.000000000000000000, 15.55373481982241302 ) ) ;
ENDSEC;
END-ISO-10303-21;
